id,sales
0,31.833333333333332
1,29.55
2,23.383333333333333
3,23.5
4,28.083333333333332
5,33.0
6,34.5
7,31.666666666666668
8,32.18333333333333
9,22.483333333333334
10,25.233333333333334
11,27.1
12,27.216666666666665
13,23.516666666666666
14,28.816666666666666
15,26.516666666666666
16,17.516666666666666
17,21.166666666666668
18,25.966666666666665
19,24.983333333333334
20,31.833333333333332
21,33.06666666666667
22,33.95
23,22.05
24,24.766666666666666
25,27.716666666666665
26,32.68333333333333
27,30.25
28,31.433333333333334
29,28.483333333333334
30,23.55
31,24.1
32,23.85
33,25.55
34,24.35
35,26.35
36,26.683333333333334
37,17.516666666666666
38,22.35
39,25.75
40,31.95
41,27.9
42,28.9
43,28.25
44,23.016666666666666
45,23.416666666666668
46,21.95
47,26.183333333333334
48,25.116666666666667
49,23.016666666666666
50,23.583333333333332
51,18.066666666666666
52,18.4
53,18.716666666666665
54,22.283333333333335
55,27.716666666666665
56,29.233333333333334
57,26.65
58,18.383333333333333
59,22.233333333333334
60,22.2
61,25.733333333333334
62,27.583333333333332
63,29.416666666666668
64,29.0
65,18.9
66,23.633333333333333
67,25.366666666666667
68,24.5
69,33.56666666666667
70,29.05
71,27.65
72,23.616666666666667
73,23.866666666666667
74,27.683333333333334
75,31.05
76,24.233333333333334
77,28.1
78,30.116666666666667
79,18.516666666666666
80,18.983333333333334
81,23.066666666666666
82,22.416666666666668
83,20.933333333333334
84,23.766666666666666
85,21.25
86,15.75
87,14.266666666666667
88,16.0
89,17.2
90,19.666666666666668
91,19.283333333333335
92,23.7
93,16.6
94,18.2
95,19.133333333333333
96,19.616666666666667
97,21.35
98,21.7
99,19.866666666666667
100,16.583333333333332
101,15.55
102,16.483333333333334
103,18.416666666666668
104,19.65
105,22.983333333333334
106,21.383333333333333
107,17.083333333333332
108,17.433333333333334
109,18.783333333333335
110,21.6
111,18.5
112,21.983333333333334
113,18.9
114,9.533333333333333
115,15.066666666666666
116,16.883333333333333
117,17.466666666666665
118,15.116666666666667
119,18.3
120,19.6
121,14.583333333333334
122,17.166666666666668
123,17.433333333333334
124,20.1
125,21.9
126,20.483333333333334
127,22.05
128,16.466666666666665
129,16.05
130,16.0
131,18.616666666666667
132,27.366666666666667
133,19.833333333333332
134,21.65
135,16.9
136,22.55
137,20.066666666666666
138,23.416666666666668
139,19.016666666666666
140,19.866666666666667
141,21.666666666666668
142,14.066666666666666
143,16.983333333333334
144,19.183333333333334
145,23.566666666666666
146,22.566666666666666
147,22.5
148,23.016666666666666
149,21.05
150,20.3
151,19.716666666666665
152,18.95
153,20.15
154,22.916666666666668
155,20.95
156,11.866666666666667
157,13.45
158,15.45
159,17.066666666666666
160,19.7
161,21.166666666666668
162,23.066666666666666
163,17.966666666666665
164,21.066666666666666
165,19.866666666666667
166,20.5
167,19.05
168,18.716666666666665
169,22.666666666666668
170,14.333333333333334
171,18.533333333333335
172,22.216666666666665
173,26.95
174,25.933333333333334
175,25.766666666666666
176,29.666666666666668
177,16.466666666666665
178,26.716666666666665
179,22.416666666666668
180,23.0
181,22.116666666666667
182,23.116666666666667
183,24.4
184,17.75
185,20.066666666666666
186,22.233333333333334
187,20.033333333333335
188,19.983333333333334
189,29.483333333333334
190,26.3
191,17.983333333333334
192,20.383333333333333
193,21.4
194,27.483333333333334
195,23.616666666666667
196,31.85
197,29.783333333333335
198,20.233333333333334
199,21.666666666666668
200,22.583333333333332
201,25.766666666666666
202,28.633333333333333
203,27.116666666666667
204,34.8
205,19.733333333333334
206,24.5
207,27.966666666666665
208,29.2
209,27.6
210,27.516666666666666
211,27.4
212,20.733333333333334
213,26.0
214,28.733333333333334
215,28.8
216,31.866666666666667
217,32.86666666666667
218,28.65
219,25.566666666666666
220,29.816666666666666
221,27.05
222,27.0
223,32.2
224,37.516666666666666
225,35.083333333333336
226,24.683333333333334
227,28.066666666666666
228,28.533333333333335
229,28.316666666666666
230,31.933333333333334
231,29.5
232,27.833333333333332
233,26.95
234,35.35
235,30.75
236,33.2
237,30.233333333333334
238,36.6
239,33.93333333333333
240,27.716666666666665
241,28.45
242,29.166666666666668
243,27.766666666666666
244,29.3
245,32.53333333333333
246,37.5
247,21.483333333333334
248,24.95
249,31.583333333333332
250,35.43333333333333
251,38.18333333333333
252,34.06666666666667
253,35.96666666666667
254,24.283333333333335
255,27.833333333333332
256,27.933333333333334
257,23.466666666666665
258,28.833333333333332
259,33.55
260,30.566666666666666
261,23.05
262,24.75
263,31.083333333333332
264,33.46666666666667
265,34.45
266,28.583333333333332
267,33.46666666666667
268,21.7
269,26.266666666666666
270,29.366666666666667
271,31.833333333333332
272,34.2
273,34.68333333333333
274,31.933333333333334
275,23.483333333333334
276,29.65
277,28.716666666666665
278,32.016666666666666
279,26.35
280,37.016666666666666
281,41.233333333333334
282,23.45
283,29.183333333333334
284,35.25
285,29.916666666666668
286,32.15
287,30.333333333333332
288,35.93333333333333
289,29.316666666666666
290,24.266666666666666
291,26.683333333333334
292,30.116666666666667
293,31.033333333333335
294,32.766666666666666
295,35.13333333333333
296,22.766666666666666
297,27.6
298,30.05
299,30.566666666666666
300,38.36666666666667
301,35.233333333333334
302,36.25
303,22.333333333333332
304,31.066666666666666
305,33.6
306,34.06666666666667
307,34.666666666666664
308,42.11666666666667
309,37.5
310,24.016666666666666
311,29.916666666666668
312,36.666666666666664
313,32.833333333333336
314,43.6
315,40.016666666666666
316,37.21666666666667
317,28.466666666666665
318,27.483333333333334
319,34.46666666666667
320,38.166666666666664
321,37.18333333333333
322,40.766666666666666
323,37.6
324,23.533333333333335
325,26.233333333333334
326,30.616666666666667
327,32.1
328,27.566666666666666
329,31.916666666666668
330,33.11666666666667
331,22.783333333333335
332,24.316666666666666
333,27.333333333333332
334,20.683333333333334
335,35.35
336,34.083333333333336
337,38.416666666666664
338,22.75
339,27.6
340,31.916666666666668
341,34.05
342,35.86666666666667
343,35.983333333333334
344,36.266666666666666
345,27.233333333333334
346,26.6
347,28.9
348,33.583333333333336
349,29.3
350,30.783333333333335
351,30.583333333333332
352,21.766666666666666
353,24.316666666666666
354,29.55
355,32.65
356,29.95
357,31.583333333333332
358,31.816666666666666
359,22.016666666666666
360,25.416666666666668
361,28.8
362,28.983333333333334
363,28.433333333333334
364,29.016666666666666
365,32.333333333333336
366,20.066666666666666
367,26.516666666666666
368,24.683333333333334
369,24.383333333333333
370,32.733333333333334
371,32.766666666666666
372,38.2
373,22.166666666666668
374,27.1
375,25.716666666666665
376,30.033333333333335
377,24.616666666666667
378,27.533333333333335
379,27.9
380,20.816666666666666
381,23.266666666666666
382,25.933333333333334
383,28.833333333333332
384,28.866666666666667
385,30.433333333333334
386,34.55
387,23.333333333333332
388,26.483333333333334
389,26.683333333333334
390,29.883333333333333
391,29.166666666666668
392,29.866666666666667
393,29.733333333333334
394,24.2
395,27.333333333333332
396,25.55
397,29.666666666666668
398,27.433333333333334
399,29.45
400,31.616666666666667
401,22.766666666666666
402,24.966666666666665
403,25.5
404,17.366666666666667
405,31.05
406,29.183333333333334
407,30.666666666666668
408,21.883333333333333
409,27.183333333333334
410,26.583333333333332
411,26.883333333333333
412,25.633333333333333
413,28.083333333333332
414,29.866666666666667
415,19.883333333333333
416,26.433333333333334
417,24.5
418,21.233333333333334
419,29.866666666666667
420,30.466666666666665
421,31.016666666666666
422,19.933333333333334
423,26.55
424,26.983333333333334
425,28.116666666666667
426,29.783333333333335
427,29.5
428,32.46666666666667
429,21.816666666666666
430,25.216666666666665
431,27.0
432,29.45
433,30.633333333333333
434,28.383333333333333
435,32.06666666666667
436,21.133333333333333
437,27.133333333333333
438,31.183333333333334
439,30.0
440,29.933333333333334
441,31.3
442,31.416666666666668
443,19.583333333333332
444,26.033333333333335
445,26.45
446,28.383333333333333
447,26.55
448,26.3
449,24.016666666666666
450,14.55
451,19.233333333333334
452,16.166666666666668
453,21.8
454,22.533333333333335
455,21.033333333333335
456,22.816666666666666
457,16.05
458,20.316666666666666
459,23.85
460,23.716666666666665
461,20.833333333333332
462,23.35
463,23.233333333333334
464,16.966666666666665
465,16.0
466,19.666666666666668
467,19.3
468,20.516666666666666
469,20.333333333333332
470,21.283333333333335
471,16.483333333333334
472,16.266666666666666
473,16.683333333333334
474,19.983333333333334
475,21.95
476,22.35
477,20.0
478,18.033333333333335
479,19.15
480,19.55
481,20.916666666666668
482,19.566666666666666
483,22.35
484,21.133333333333333
485,15.55
486,18.7
487,18.3
488,19.916666666666668
489,22.2
490,21.016666666666666
491,19.85
492,17.4
493,15.25
494,15.616666666666667
495,18.6
496,18.083333333333332
497,18.5
498,18.383333333333333
499,12.666666666666666
500,16.216666666666665
501,14.4
502,18.6
503,16.916666666666668
504,19.033333333333335
505,19.316666666666666
506,13.6
507,17.416666666666668
508,19.533333333333335
509,19.583333333333332
510,19.65
511,20.483333333333334
512,22.333333333333332
513,14.7
514,14.133333333333333
515,16.2
516,17.5
517,17.966666666666665
518,22.35
519,22.55
520,16.25
521,17.9
522,17.05
523,17.883333333333333
524,19.116666666666667
525,19.916666666666668
526,21.266666666666666
527,14.366666666666667
528,17.466666666666665
529,19.966666666666665
530,22.216666666666665
531,21.083333333333332
532,23.533333333333335
533,22.483333333333334
534,14.633333333333333
535,18.083333333333332
536,19.933333333333334
537,18.9
538,24.3
539,24.133333333333333
540,30.383333333333333
541,17.216666666666665
542,25.533333333333335
543,26.616666666666667
544,29.316666666666666
545,29.933333333333334
546,28.983333333333334
547,25.233333333333334
548,19.6
549,21.283333333333335
550,23.866666666666667
551,24.833333333333332
552,20.15
553,28.733333333333334
554,28.033333333333335
555,17.716666666666665
556,21.616666666666667
557,22.766666666666666
558,18.566666666666666
559,26.933333333333334
560,25.5
561,24.55
562,17.933333333333334
563,22.566666666666666
564,24.166666666666668
565,27.216666666666665
566,28.45
567,32.21666666666667
568,26.916666666666668
569,19.783333333333335
570,24.883333333333333
571,26.933333333333334
572,28.116666666666667
573,31.566666666666666
574,33.9
575,36.166666666666664
576,23.683333333333334
577,25.683333333333334
578,28.266666666666666
579,29.266666666666666
580,28.55
581,31.65
582,30.5
583,19.783333333333335
584,23.633333333333333
585,26.4
586,23.633333333333333
587,27.516666666666666
588,28.216666666666665
589,30.15
590,18.2
591,25.45
592,29.95
593,23.8
594,33.65
595,32.766666666666666
596,33.516666666666666
597,26.15
598,25.25
599,30.066666666666666
600,39.233333333333334
601,41.516666666666666
602,40.28333333333333
603,41.13333333333333
604,24.083333333333332
605,30.933333333333334
606,28.65
607,34.56666666666667
608,31.55
609,30.566666666666666
610,33.6
611,25.033333333333335
612,29.466666666666665
613,34.666666666666664
614,34.333333333333336
615,32.35
616,34.083333333333336
617,34.81666666666667
618,25.85
619,30.5
620,29.35
621,31.75
622,30.683333333333334
623,32.18333333333333
624,35.516666666666666
625,24.933333333333334
626,27.7
627,29.35
628,30.033333333333335
629,33.666666666666664
630,36.21666666666667
631,38.75
632,24.166666666666668
633,29.466666666666665
634,30.6
635,33.3
636,34.483333333333334
637,37.53333333333333
638,35.333333333333336
639,25.1
640,34.083333333333336
641,32.65
642,35.733333333333334
643,32.65
644,36.05
645,33.516666666666666
646,26.7
647,27.683333333333334
648,33.05
649,37.583333333333336
650,35.6
651,35.483333333333334
652,38.516666666666666
653,29.283333333333335
654,28.65
655,32.483333333333334
656,32.3
657,36.35
658,35.88333333333333
659,40.266666666666666
660,27.133333333333333
661,33.53333333333333
662,32.916666666666664
663,35.06666666666667
664,39.18333333333333
665,37.266666666666666
666,38.61666666666667
667,24.833333333333332
668,30.116666666666667
669,31.166666666666668
670,34.333333333333336
671,34.45
672,43.266666666666666
673,35.43333333333333
674,25.316666666666666
675,29.033333333333335
676,31.516666666666666
677,31.266666666666666
678,37.21666666666667
679,35.166666666666664
680,36.11666666666667
681,24.333333333333332
682,29.983333333333334
683,34.53333333333333
684,37.4
685,39.88333333333333
686,40.416666666666664
687,44.05
688,31.116666666666667
689,33.3
690,33.9
691,39.11666666666667
692,33.06666666666667
693,36.63333333333333
694,32.483333333333334
695,21.7
696,29.4
697,31.016666666666666
698,27.3
699,32.31666666666667
700,32.06666666666667
701,36.1
702,24.1
703,27.683333333333334
704,29.7
705,33.916666666666664
706,35.45
707,32.35
708,30.916666666666668
709,24.0
710,25.683333333333334
711,30.75
712,32.1
713,33.05
714,32.583333333333336
715,29.066666666666666
716,22.016666666666666
717,28.583333333333332
718,30.05
719,32.78333333333333
720,30.216666666666665
721,36.266666666666666
722,34.15
723,19.9
724,22.933333333333334
725,28.15
726,37.016666666666666
727,36.25
728,33.63333333333333
729,37.733333333333334
730,24.966666666666665
731,28.6
732,30.516666666666666
733,35.233333333333334
734,31.85
735,32.25
736,31.216666666666665
737,20.333333333333332
738,27.266666666666666
739,25.016666666666666
740,28.45
741,33.266666666666666
742,32.083333333333336
743,31.183333333333334
744,20.666666666666668
745,29.25
746,29.033333333333335
747,30.866666666666667
748,31.233333333333334
749,31.3
750,30.55
751,19.9
752,26.1
753,27.95
754,31.666666666666668
755,30.116666666666667
756,25.566666666666666
757,30.816666666666666
758,18.883333333333333
759,28.016666666666666
760,27.95
761,26.966666666666665
762,28.583333333333332
763,29.566666666666666
764,32.05
765,19.2
766,24.25
767,26.816666666666666
768,24.65
769,31.783333333333335
770,34.916666666666664
771,33.06666666666667
772,23.45
773,25.383333333333333
774,30.5
775,29.716666666666665
776,28.25
777,27.283333333333335
778,28.683333333333334
779,19.566666666666666
780,22.9
781,25.35
782,25.533333333333335
783,34.35
784,34.25
785,29.733333333333334
786,22.166666666666668
787,24.916666666666668
788,27.733333333333334
789,33.15
790,33.666666666666664
791,35.61666666666667
792,32.333333333333336
793,26.15
794,28.166666666666668
795,28.216666666666665
796,32.583333333333336
797,30.05
798,31.033333333333335
799,32.766666666666666
800,21.383333333333333
801,24.45
802,27.9
803,19.116666666666667
804,24.883333333333333
805,29.3
806,29.0
807,19.333333333333332
808,23.45
809,27.166666666666668
810,31.133333333333333
811,29.916666666666668
812,30.233333333333334
813,27.716666666666665
814,14.983333333333333
815,22.933333333333334
816,22.216666666666665
817,28.733333333333334
818,23.016666666666666
819,25.366666666666667
820,25.733333333333334
821,18.716666666666665
822,21.25
823,23.65
824,24.033333333333335
825,27.166666666666668
826,25.95
827,23.933333333333334
828,24.133333333333333
829,21.4
830,23.6
831,25.85
832,23.8
833,27.95
834,26.183333333333334
835,20.383333333333333
836,22.566666666666666
837,19.183333333333334
838,23.1
839,23.783333333333335
840,21.65
841,23.8
842,6.466666666666667
843,4.666666666666667
844,4.533333333333333
845,4.833333333333333
846,4.483333333333333
847,6.566666666666666
848,6.616666666666666
849,3.75
850,4.883333333333334
851,4.85
852,3.95
853,3.966666666666667
854,6.3
855,6.533333333333333
856,2.283333333333333
857,4.716666666666667
858,4.816666666666666
859,3.6166666666666667
860,3.783333333333333
861,6.716666666666667
862,7.2
863,3.7666666666666666
864,4.983333333333333
865,5.066666666666666
866,4.35
867,4.633333333333334
868,7.016666666666667
869,7.1
870,3.933333333333333
871,5.35
872,5.516666666666667
873,4.316666666666666
874,4.583333333333333
875,6.666666666666667
876,6.9
877,3.533333333333333
878,4.85
879,4.916666666666667
880,4.016666666666667
881,4.466666666666667
882,6.916666666666667
883,6.633333333333334
884,2.283333333333333
885,4.7
886,4.766666666666667
887,3.8833333333333333
888,4.066666666666666
889,6.8
890,6.6
891,5.216666666666667
892,4.8
893,4.9
894,3.9166666666666665
895,4.35
896,7.116666666666666
897,6.933333333333334
898,4.75
899,5.05
900,5.533333333333333
901,4.316666666666666
902,4.616666666666666
903,6.7
904,6.816666666666666
905,5.2
906,4.816666666666666
907,4.966666666666667
908,4.05
909,4.466666666666667
910,6.816666666666666
911,6.733333333333333
912,5.05
913,4.633333333333334
914,4.816666666666666
915,3.7666666666666666
916,4.066666666666666
917,6.816666666666666
918,6.616666666666666
919,5.216666666666667
920,4.816666666666666
921,4.916666666666667
922,3.9166666666666665
923,4.233333333333333
924,7.116666666666666
925,6.933333333333334
926,3.933333333333333
927,5.05
928,5.483333333333333
929,4.3
930,4.583333333333333
931,7.233333333333333
932,3.9
933,25.8
934,29.283333333333335
935,48.56666666666667
936,52.36666666666667
937,53.56666666666667
938,46.93333333333333
939,48.55
940,52.05
941,61.833333333333336
942,55.516666666666666
943,53.333333333333336
944,61.05
945,39.43333333333333
946,48.25
947,51.266666666666666
948,55.166666666666664
949,57.55
950,54.11666666666667
951,57.11666666666667
952,36.75
953,43.4
954,47.3
955,51.71666666666667
956,63.05
957,60.416666666666664
958,61.65
959,45.21666666666667
960,45.95
961,52.1
962,63.61666666666667
963,63.06666666666667
964,66.66666666666667
965,65.83333333333333
966,50.166666666666664
967,52.983333333333334
968,52.03333333333333
969,64.46666666666667
970,60.3
971,62.766666666666666
972,68.15
973,48.81666666666667
974,58.483333333333334
975,57.05
976,51.96666666666667
977,65.73333333333333
978,65.9
979,68.68333333333334
980,47.9
981,56.06666666666667
982,53.21666666666667
983,59.4
984,67.31666666666666
985,73.16666666666667
986,70.46666666666667
987,48.7
988,56.583333333333336
989,56.85
990,65.18333333333334
991,58.95
992,74.51666666666667
993,72.71666666666667
994,46.46666666666667
995,62.0
996,61.3
997,65.46666666666667
998,74.41666666666667
999,77.2
1000,76.48333333333333
1001,52.083333333333336
1002,65.05
1003,67.81666666666666
1004,69.5
1005,79.98333333333333
1006,84.15
1007,81.4
1008,55.38333333333333
1009,69.66666666666667
1010,72.06666666666666
1011,82.91666666666667
1012,81.15
1013,82.43333333333334
1014,82.88333333333334
1015,57.11666666666667
1016,73.45
1017,73.68333333333334
1018,67.33333333333333
1019,81.4
1020,78.86666666666666
1021,77.13333333333334
1022,63.78333333333333
1023,70.05
1024,72.86666666666666
1025,85.03333333333333
1026,81.36666666666666
1027,84.05
1028,88.06666666666666
1029,57.416666666666664
1030,72.18333333333334
1031,78.4
1032,83.0
1033,93.6
1034,89.2
1035,91.36666666666666
1036,60.11666666666667
1037,72.96666666666667
1038,87.73333333333333
1039,93.95
1040,92.55
1041,90.81666666666666
1042,98.1
1043,72.25
1044,75.01666666666667
1045,84.21666666666667
1046,93.25
1047,92.86666666666666
1048,90.78333333333333
1049,93.71666666666667
1050,67.68333333333334
1051,77.06666666666666
1052,87.13333333333334
1053,82.53333333333333
1054,96.53333333333333
1055,96.43333333333334
1056,94.43333333333334
1057,73.38333333333334
1058,79.06666666666666
1059,84.58333333333333
1060,89.76666666666667
1061,96.61666666666666
1062,95.58333333333333
1063,92.5
1064,72.6
1065,75.2
1066,85.33333333333333
1067,86.15
1068,104.93333333333334
1069,107.33333333333333
1070,102.6
1071,74.93333333333334
1072,92.48333333333333
1073,88.43333333333334
1074,100.36666666666666
1075,105.88333333333334
1076,102.68333333333334
1077,108.31666666666666
1078,70.88333333333334
1079,87.1
1080,89.76666666666667
1081,95.6
1082,101.25
1083,107.13333333333334
1084,106.13333333333334
1085,76.41666666666667
1086,92.18333333333334
1087,97.88333333333334
1088,104.58333333333333
1089,109.25
1090,110.45
1091,109.7
1092,78.53333333333333
1093,91.28333333333333
1094,97.76666666666667
1095,107.51666666666667
1096,105.91666666666667
1097,106.85
1098,107.56666666666666
1099,76.61666666666666
1100,86.73333333333333
1101,90.45
1102,99.48333333333333
1103,98.46666666666667
1104,106.8
1105,109.41666666666667
1106,77.15
1107,92.61666666666666
1108,92.93333333333334
1109,91.93333333333334
1110,100.7
1111,107.23333333333333
1112,101.18333333333334
1113,71.13333333333334
1114,86.25
1115,88.83333333333333
1116,106.33333333333333
1117,106.55
1118,106.03333333333333
1119,113.18333333333334
1120,76.5
1121,93.41666666666667
1122,98.81666666666666
1123,104.6
1124,106.63333333333334
1125,109.01666666666667
1126,108.51666666666667
1127,80.15
1128,94.38333333333334
1129,94.73333333333333
1130,114.51666666666667
1131,115.3
1132,118.66666666666667
1133,118.93333333333334
1134,82.81666666666666
1135,96.05
1136,105.11666666666666
1137,111.4
1138,111.71666666666667
1139,119.58333333333333
1140,118.31666666666666
1141,80.56666666666666
1142,92.75
1143,98.35
1144,101.03333333333333
1145,102.15
1146,113.35
1147,106.01666666666667
1148,75.78333333333333
1149,88.63333333333334
1150,89.78333333333333
1151,88.31666666666666
1152,104.35
1153,112.3
1154,100.76666666666667
1155,76.68333333333334
1156,90.35
1157,91.48333333333333
1158,105.83333333333333
1159,110.76666666666667
1160,107.3
1161,106.23333333333333
1162,79.76666666666667
1163,80.7
1164,86.3
1165,80.93333333333334
1166,91.3
1167,95.55
1168,95.15
1169,74.21666666666667
1170,82.01666666666667
1171,91.61666666666666
1172,96.86666666666666
1173,104.23333333333333
1174,105.63333333333334
1175,96.3
1176,81.4
1177,76.91666666666667
1178,80.96666666666667
1179,70.1
1180,84.53333333333333
1181,81.43333333333334
1182,89.51666666666667
1183,56.36666666666667
1184,74.36666666666666
1185,80.93333333333334
1186,85.73333333333333
1187,87.06666666666666
1188,98.21666666666667
1189,95.21666666666667
1190,71.65
1191,76.61666666666666
1192,80.45
1193,82.48333333333333
1194,92.46666666666667
1195,96.85
1196,90.91666666666667
1197,66.91666666666667
1198,75.3
1199,80.98333333333333
1200,79.8
1201,86.9
1202,96.46666666666667
1203,104.53333333333333
1204,72.13333333333334
1205,80.08333333333333
1206,84.13333333333334
1207,85.26666666666667
1208,86.35
1209,90.75
1210,90.06666666666666
1211,61.11666666666667
1212,76.38333333333334
1213,77.86666666666666
1214,66.85
1215,83.41666666666667
1216,90.36666666666666
1217,97.83333333333333
1218,56.61666666666667
1219,77.1
1220,81.06666666666666
1221,82.83333333333333
1222,78.55
1223,91.51666666666667
1224,80.68333333333334
1225,57.86666666666667
1226,73.96666666666667
1227,79.86666666666666
1228,78.35
1229,90.83333333333333
1230,89.98333333333333
1231,92.83333333333333
1232,62.266666666666666
1233,81.36666666666666
1234,78.15
1235,89.05
1236,89.55
1237,93.85
1238,98.03333333333333
1239,68.73333333333333
1240,81.43333333333334
1241,75.23333333333333
1242,77.08333333333333
1243,89.01666666666667
1244,94.16666666666667
1245,93.83333333333333
1246,72.18333333333334
1247,75.48333333333333
1248,84.41666666666667
1249,81.68333333333334
1250,92.38333333333334
1251,98.51666666666667
1252,87.88333333333334
1253,59.38333333333333
1254,74.7
1255,76.2
1256,88.9
1257,96.65
1258,89.15
1259,91.63333333333334
1260,61.03333333333333
1261,80.15
1262,85.68333333333334
1263,84.53333333333333
1264,88.65
1265,97.61666666666666
1266,73.33333333333333
1267,50.0
1268,64.65
1269,72.41666666666667
1270,67.26666666666667
1271,65.5
1272,63.06666666666667
1273,74.15
1274,44.81666666666667
1275,54.2
1276,59.983333333333334
1277,64.66666666666667
1278,68.16666666666667
1279,70.46666666666667
1280,68.98333333333333
1281,50.4
1282,57.333333333333336
1283,66.55
1284,61.0
1285,70.26666666666667
1286,71.15
1287,72.28333333333333
1288,56.78333333333333
1289,57.81666666666667
1290,61.45
1291,67.08333333333333
1292,64.76666666666667
1293,70.66666666666667
1294,72.1
1295,54.75
1296,57.11666666666667
1297,64.05
1298,60.233333333333334
1299,68.03333333333333
1300,64.05
1301,70.96666666666667
1302,44.11666666666667
1303,55.333333333333336
1304,57.75
1305,61.18333333333333
1306,63.416666666666664
1307,62.266666666666666
1308,61.166666666666664
1309,40.63333333333333
1310,54.916666666666664
1311,71.61666666666666
1312,60.36666666666667
1313,70.31666666666666
1314,73.56666666666666
1315,76.1
1316,47.43333333333333
1317,61.7
1318,58.55
1319,59.05
1320,62.38333333333333
1321,72.95
1322,67.06666666666666
1323,44.86666666666667
1324,57.5
1325,60.583333333333336
1326,58.96666666666667
1327,74.08333333333333
1328,79.93333333333334
1329,78.61666666666666
1330,54.61666666666667
1331,62.25
1332,64.21666666666667
1333,70.41666666666667
1334,74.06666666666666
1335,70.15
1336,74.01666666666667
1337,53.15
1338,64.45
1339,66.55
1340,69.21666666666667
1341,65.08333333333333
1342,76.0
1343,86.28333333333333
1344,49.31666666666667
1345,66.78333333333333
1346,71.66666666666667
1347,67.35
1348,77.73333333333333
1349,79.88333333333334
1350,76.95
1351,52.6
1352,67.65
1353,70.66666666666667
1354,72.61666666666666
1355,84.11666666666666
1356,82.68333333333334
1357,86.71666666666667
1358,61.11666666666667
1359,71.4
1360,78.88333333333334
1361,76.63333333333334
1362,94.26666666666667
1363,93.81666666666666
1364,96.11666666666666
1365,59.016666666666666
1366,74.53333333333333
1367,81.96666666666667
1368,71.65
1369,87.6
1370,91.61666666666666
1371,95.93333333333334
1372,62.25
1373,77.35
1374,86.46666666666667
1375,87.23333333333333
1376,73.11666666666666
1377,82.11666666666666
1378,86.88333333333334
1379,58.5
1380,74.21666666666667
1381,80.93333333333334
1382,82.2
1383,89.11666666666666
1384,90.65
1385,96.58333333333333
1386,59.65
1387,86.4
1388,91.45
1389,90.5
1390,98.21666666666667
1391,115.15
1392,106.16666666666667
1393,74.2
1394,95.08333333333333
1395,84.46666666666667
1396,96.01666666666667
1397,108.81666666666666
1398,110.26666666666667
1399,108.3
1400,71.96666666666667
1401,84.15
1402,87.85
1403,99.13333333333334
1404,97.1
1405,106.38333333333334
1406,113.93333333333334
1407,71.48333333333333
1408,90.31666666666666
1409,97.38333333333334
1410,106.06666666666666
1411,96.96666666666667
1412,106.61666666666666
1413,108.3
1414,72.91666666666667
1415,90.88333333333334
1416,99.21666666666667
1417,97.11666666666666
1418,109.25
1419,115.25
1420,120.13333333333334
1421,80.85
1422,99.43333333333334
1423,96.6
1424,98.1
1425,110.81666666666666
1426,114.96666666666667
1427,106.86666666666666
1428,78.73333333333333
1429,93.2
1430,95.6
1431,102.4
1432,119.0
1433,120.63333333333334
1434,133.58333333333334
1435,80.98333333333333
1436,104.4
1437,104.38333333333334
1438,107.91666666666667
1439,106.88333333333334
1440,116.81666666666666
1441,123.63333333333334
1442,82.2
1443,94.31666666666666
1444,96.75
1445,97.38333333333334
1446,110.16666666666667
1447,114.8
1448,143.38333333333333
1449,81.08333333333333
1450,94.91666666666667
1451,107.58333333333333
1452,121.9
1453,123.18333333333334
1454,126.86666666666666
1455,124.16666666666667
1456,87.43333333333334
1457,107.26666666666667
1458,107.93333333333334
1459,110.93333333333334
1460,118.38333333333334
1461,119.98333333333333
1462,132.85
1463,85.68333333333334
1464,98.85
1465,105.1
1466,109.58333333333333
1467,112.08333333333333
1468,119.73333333333333
1469,141.83333333333334
1470,81.53333333333333
1471,104.75
1472,106.1
1473,117.16666666666667
1474,126.13333333333334
1475,120.53333333333333
1476,123.16666666666667
1477,80.58333333333333
1478,102.56666666666666
1479,106.93333333333334
1480,118.03333333333333
1481,127.08333333333333
1482,135.48333333333332
1483,119.8
1484,89.1
1485,100.3
1486,107.65
1487,122.71666666666667
1488,122.03333333333333
1489,120.4
1490,135.65
1491,86.46666666666667
1492,115.1
1493,113.11666666666666
1494,121.38333333333334
1495,125.06666666666666
1496,124.18333333333334
1497,133.65
1498,84.98333333333333
1499,103.75
1500,112.9
1501,118.65
1502,124.28333333333333
1503,125.36666666666666
1504,127.83333333333333
1505,85.76666666666667
1506,103.53333333333333
1507,114.76666666666667
1508,117.25
1509,122.76666666666667
1510,123.43333333333334
1511,126.56666666666666
1512,78.45
1513,104.9
1514,107.38333333333334
1515,116.61666666666666
1516,118.3
1517,119.85
1518,121.0
1519,80.05
1520,111.7
1521,108.65
1522,110.05
1523,113.86666666666666
1524,119.35
1525,126.45
1526,82.76666666666667
1527,100.23333333333333
1528,104.88333333333334
1529,105.48333333333333
1530,122.18333333333334
1531,122.26666666666667
1532,117.93333333333334
1533,77.35
1534,94.23333333333333
1535,106.03333333333333
1536,96.46666666666667
1537,102.71666666666667
1538,117.28333333333333
1539,109.36666666666666
1540,75.31666666666666
1541,94.86666666666666
1542,98.48333333333333
1543,100.45
1544,102.65
1545,109.75
1546,112.26666666666667
1547,71.93333333333334
1548,89.95
1549,91.05
1550,94.0
1551,99.46666666666667
1552,107.71666666666667
1553,106.03333333333333
1554,71.23333333333333
1555,83.5
1556,96.61666666666666
1557,96.9
1558,100.03333333333333
1559,104.2
1560,104.86666666666666
1561,75.5
1562,90.96666666666667
1563,98.36666666666666
1564,97.96666666666667
1565,99.65
1566,103.3
1567,112.03333333333333
1568,74.91666666666667
1569,89.43333333333334
1570,88.56666666666666
1571,90.01666666666667
1572,103.55
1573,102.78333333333333
1574,101.58333333333333
1575,78.65
1576,83.01666666666667
1577,88.45
1578,94.73333333333333
1579,89.28333333333333
1580,100.18333333333334
1581,105.85
1582,69.46666666666667
1583,82.03333333333333
1584,87.28333333333333
1585,86.9
1586,89.95
1587,106.13333333333334
1588,102.88333333333334
1589,66.83333333333333
1590,87.0
1591,88.78333333333333
1592,90.98333333333333
1593,102.63333333333334
1594,98.55
1595,98.08333333333333
1596,64.48333333333333
1597,78.53333333333333
1598,86.15
1599,83.33333333333333
1600,98.91666666666667
1601,100.45
1602,105.38333333333334
1603,70.46666666666667
1604,84.15
1605,91.71666666666667
1606,97.95
1607,110.2
1608,104.41666666666667
1609,113.28333333333333
1610,73.91666666666667
1611,94.81666666666666
1612,93.28333333333333
1613,91.7
1614,96.75
1615,107.1
1616,105.33333333333333
1617,71.33333333333333
1618,90.93333333333334
1619,91.51666666666667
1620,93.11666666666666
1621,107.81666666666666
1622,106.15
1623,102.75
1624,74.16666666666667
1625,93.41666666666667
1626,96.11666666666666
1627,107.98333333333333
1628,105.7
1629,114.21666666666667
1630,111.15
1631,58.53333333333333
1632,60.233333333333334
1633,84.33333333333333
1634,66.41666666666667
1635,76.71666666666667
1636,75.56666666666666
1637,69.48333333333333
1638,50.35
1639,73.15
1640,65.93333333333334
1641,63.93333333333333
1642,76.16666666666667
1643,77.85
1644,80.55
1645,55.46666666666667
1646,58.53333333333333
1647,71.18333333333334
1648,75.85
1649,80.56666666666666
1650,83.36666666666666
1651,83.35
1652,53.3
1653,64.21666666666667
1654,64.53333333333333
1655,76.98333333333333
1656,73.93333333333334
1657,72.73333333333333
1658,69.41666666666667
1659,49.46666666666667
1660,59.9
1661,68.43333333333334
1662,71.83333333333333
1663,76.75
1664,81.21666666666667
1665,79.4
1666,54.983333333333334
1667,64.9
1668,67.8
1669,74.58333333333333
1670,67.48333333333333
1671,75.0
1672,75.71666666666667
1673,51.13333333333333
1674,62.71666666666667
1675,68.43333333333334
1676,71.9
1677,59.35
1678,73.63333333333334
1679,70.15
1680,49.36666666666667
1681,59.9
1682,70.71666666666667
1683,69.86666666666666
1684,73.96666666666667
1685,77.61666666666666
1686,88.63333333333334
1687,55.2
1688,66.53333333333333
1689,66.88333333333334
1690,62.05
1691,68.58333333333333
1692,75.23333333333333
1693,75.31666666666666
1694,51.56666666666667
1695,71.01666666666667
1696,67.38333333333334
1697,77.25
1698,81.18333333333334
1699,82.63333333333334
1700,76.23333333333333
1701,56.21666666666667
1702,70.16666666666667
1703,68.96666666666667
1704,71.35
1705,79.83333333333333
1706,77.31666666666666
1707,79.21666666666667
1708,55.25
1709,66.43333333333334
1710,71.35
1711,81.8
1712,80.01666666666667
1713,85.63333333333334
1714,86.28333333333333
1715,55.68333333333333
1716,72.98333333333333
1717,74.85
1718,80.48333333333333
1719,73.13333333333334
1720,81.68333333333334
1721,79.55
1722,56.81666666666667
1723,75.71666666666667
1724,78.45
1725,100.85
1726,98.88333333333334
1727,101.13333333333334
1728,102.06666666666666
1729,63.86666666666667
1730,81.06666666666666
1731,84.6
1732,95.66666666666667
1733,90.23333333333333
1734,98.95
1735,99.4
1736,65.2
1737,80.65
1738,82.96666666666667
1739,92.21666666666667
1740,95.33333333333333
1741,98.51666666666667
1742,101.83333333333333
1743,69.01666666666667
1744,81.25
1745,87.66666666666667
1746,93.03333333333333
1747,94.43333333333334
1748,96.85
1749,98.06666666666666
1750,73.2
1751,88.08333333333333
1752,90.68333333333334
1753,104.53333333333333
1754,106.81666666666666
1755,106.9
1756,109.28333333333333
1757,72.71666666666667
1758,83.16666666666667
1759,95.65
1760,104.83333333333333
1761,108.03333333333333
1762,107.65
1763,108.36666666666666
1764,72.21666666666667
1765,94.4
1766,89.43333333333334
1767,107.15
1768,105.25
1769,104.53333333333333
1770,117.81666666666666
1771,78.16666666666667
1772,90.36666666666666
1773,100.3
1774,113.71666666666667
1775,111.01666666666667
1776,107.96666666666667
1777,112.78333333333333
1778,75.58333333333333
1779,89.53333333333333
1780,93.9
1781,89.46666666666667
1782,103.21666666666667
1783,123.91666666666667
1784,126.93333333333334
1785,81.91666666666667
1786,95.5
1787,101.56666666666666
1788,114.41666666666667
1789,115.31666666666666
1790,115.2
1791,120.25
1792,79.56666666666666
1793,98.41666666666667
1794,99.7
1795,107.56666666666666
1796,113.45
1797,123.43333333333334
1798,127.08333333333333
1799,79.41666666666667
1800,99.76666666666667
1801,97.81666666666666
1802,109.48333333333333
1803,111.65
1804,121.61666666666666
1805,127.06666666666666
1806,82.4
1807,102.73333333333333
1808,99.53333333333333
1809,110.81666666666666
1810,116.51666666666667
1811,120.3
1812,120.85
1813,88.21666666666667
1814,109.78333333333333
1815,115.86666666666666
1816,131.13333333333333
1817,120.4
1818,135.75
1819,137.2
1820,91.68333333333334
1821,108.95
1822,112.38333333333334
1823,128.38333333333333
1824,123.75
1825,121.03333333333333
1826,133.18333333333334
1827,84.78333333333333
1828,111.16666666666667
1829,114.86666666666666
1830,120.91666666666667
1831,116.86666666666666
1832,125.55
1833,125.6
1834,84.23333333333333
1835,106.98333333333333
1836,112.95
1837,124.33333333333333
1838,136.31666666666666
1839,142.25
1840,140.38333333333333
1841,90.93333333333334
1842,107.93333333333334
1843,115.3
1844,127.76666666666667
1845,126.51666666666667
1846,134.33333333333334
1847,138.03333333333333
1848,87.3
1849,121.48333333333333
1850,119.83333333333333
1851,139.11666666666667
1852,153.31666666666666
1853,134.96666666666667
1854,157.13333333333333
1855,93.63333333333334
1856,116.83333333333333
1857,119.51666666666667
1858,130.88333333333333
1859,137.13333333333333
1860,138.46666666666667
1861,155.56666666666666
1862,94.13333333333334
1863,114.01666666666667
1864,122.01666666666667
1865,132.28333333333333
1866,132.43333333333334
1867,140.43333333333334
1868,144.01666666666668
1869,91.36666666666666
1870,117.21666666666667
1871,117.1
1872,137.83333333333334
1873,128.11666666666667
1874,132.56666666666666
1875,137.06666666666666
1876,91.7
1877,100.33333333333333
1878,105.11666666666666
1879,121.33333333333333
1880,123.36666666666666
1881,128.71666666666667
1882,129.46666666666667
1883,81.38333333333334
1884,109.0
1885,117.1
1886,122.81666666666666
1887,125.26666666666667
1888,127.25
1889,122.28333333333333
1890,91.38333333333334
1891,101.36666666666666
1892,104.9
1893,114.88333333333334
1894,108.93333333333334
1895,123.06666666666666
1896,129.56666666666666
1897,77.1
1898,101.2
1899,105.71666666666667
1900,123.45
1901,119.06666666666666
1902,121.86666666666666
1903,127.83333333333333
1904,81.31666666666666
1905,89.0
1906,101.76666666666667
1907,112.38333333333334
1908,123.31666666666666
1909,110.43333333333334
1910,121.7
1911,74.1
1912,98.88333333333334
1913,99.95
1914,97.21666666666667
1915,106.71666666666667
1916,117.48333333333333
1917,103.75
1918,74.98333333333333
1919,94.3
1920,100.63333333333334
1921,99.38333333333334
1922,108.45
1923,107.51666666666667
1924,120.08333333333333
1925,79.53333333333333
1926,93.8
1927,95.66666666666667
1928,112.63333333333334
1929,119.03333333333333
1930,116.81666666666666
1931,116.88333333333334
1932,78.9
1933,89.31666666666666
1934,101.08333333333333
1935,102.36666666666666
1936,102.16666666666667
1937,108.9
1938,107.75
1939,77.15
1940,92.6
1941,100.83333333333333
1942,94.55
1943,105.76666666666667
1944,103.73333333333333
1945,109.63333333333334
1946,70.25
1947,91.83333333333333
1948,91.18333333333334
1949,104.33333333333333
1950,107.2
1951,106.75
1952,102.21666666666667
1953,61.75
1954,82.88333333333334
1955,88.45
1956,96.63333333333334
1957,95.45
1958,101.76666666666667
1959,104.53333333333333
1960,71.63333333333334
1961,84.53333333333333
1962,87.85
1963,88.9
1964,94.61666666666666
1965,107.88333333333334
1966,103.1
1967,70.46666666666667
1968,90.71666666666667
1969,101.4
1970,104.66666666666667
1971,95.21666666666667
1972,102.38333333333334
1973,107.48333333333333
1974,75.48333333333333
1975,90.5
1976,97.45
1977,111.8
1978,124.03333333333333
1979,111.56666666666666
1980,110.08333333333333
1981,68.81666666666666
1982,89.68333333333334
1983,95.25
1984,98.0
1985,108.95
1986,108.75
1987,108.06666666666666
1988,78.45
1989,86.53333333333333
1990,93.75
1991,106.75
1992,102.08333333333333
1993,101.48333333333333
1994,101.48333333333333
1995,70.13333333333334
1996,70.93333333333334
1997,88.8
1998,90.41666666666667
1999,82.96666666666667
2000,79.96666666666667
2001,72.61666666666666
2002,52.61666666666667
2003,61.88333333333333
2004,68.06666666666666
2005,79.65
2006,84.33333333333333
2007,77.71666666666667
2008,82.28333333333333
2009,57.5
2010,68.21666666666667
2011,70.38333333333334
2012,64.75
2013,79.38333333333334
2014,82.28333333333333
2015,79.35
2016,58.46666666666667
2017,65.96666666666667
2018,67.11666666666666
2019,81.7
2020,76.63333333333334
2021,81.85
2022,80.43333333333334
2023,65.51666666666667
2024,65.43333333333334
2025,67.75
2026,73.3
2027,78.08333333333333
2028,79.48333333333333
2029,77.63333333333334
2030,54.833333333333336
2031,70.2
2032,68.05
2033,76.23333333333333
2034,78.61666666666666
2035,81.3
2036,80.46666666666667
2037,52.05
2038,65.25
2039,69.53333333333333
2040,76.8
2041,68.95
2042,78.08333333333333
2043,78.65
2044,50.25
2045,66.48333333333333
2046,68.48333333333333
2047,74.66666666666667
2048,72.83333333333333
2049,81.28333333333333
2050,79.05
2051,49.983333333333334
2052,63.88333333333333
2053,68.25
2054,69.0
2055,83.23333333333333
2056,80.16666666666667
2057,82.75
2058,61.1
2059,70.36666666666666
2060,77.6
2061,81.78333333333333
2062,94.6
2063,89.9
2064,92.15
2065,56.333333333333336
2066,72.78333333333333
2067,80.91666666666667
2068,87.51666666666667
2069,84.05
2070,83.76666666666667
2071,86.28333333333333
2072,57.833333333333336
2073,73.96666666666667
2074,72.11666666666666
2075,68.71666666666667
2076,76.55
2077,85.21666666666667
2078,82.0
2079,57.53333333333333
2080,70.51666666666667
2081,75.4
2082,71.53333333333333
2083,93.25
2084,92.18333333333334
2085,93.16666666666667
2086,59.38333333333333
2087,83.35
2088,79.88333333333334
2089,97.08333333333333
2090,103.1
2091,112.3
2092,100.83333333333333
2093,68.15
2094,88.05
2095,90.9
2096,109.05
2097,106.81666666666666
2098,105.4
2099,101.53333333333333
2100,73.51666666666667
2101,86.03333333333333
2102,90.78333333333333
2103,96.5
2104,97.05
2105,99.2
2106,105.0
2107,72.96666666666667
2108,88.36666666666666
2109,86.2
2110,98.85
2111,95.46666666666667
2112,107.73333333333333
2113,109.98333333333333
2114,71.46666666666667
2115,89.91666666666667
2116,86.51666666666667
2117,95.68333333333334
2118,100.55
2119,107.8
2120,107.4
2121,76.85
2122,93.73333333333333
2123,98.05
2124,107.1
2125,110.26666666666667
2126,124.0
2127,117.23333333333333
2128,76.7
2129,98.36666666666666
2130,100.73333333333333
2131,121.78333333333333
2132,117.9
2133,125.33333333333333
2134,123.96666666666667
2135,86.98333333333333
2136,99.88333333333334
2137,108.73333333333333
2138,117.06666666666666
2139,111.68333333333334
2140,117.88333333333334
2141,123.03333333333333
2142,79.05
2143,99.01666666666667
2144,110.86666666666666
2145,120.48333333333333
2146,120.0
2147,124.05
2148,132.66666666666666
2149,87.76666666666667
2150,110.61666666666666
2151,107.8
2152,115.03333333333333
2153,115.23333333333333
2154,123.38333333333334
2155,129.68333333333334
2156,93.88333333333334
2157,112.6
2158,106.48333333333333
2159,113.83333333333333
2160,121.35
2161,121.65
2162,124.28333333333333
2163,84.73333333333333
2164,101.98333333333333
2165,106.48333333333333
2166,122.51666666666667
2167,125.05
2168,124.78333333333333
2169,140.23333333333332
2170,89.75
2171,121.21666666666667
2172,117.7
2173,133.26666666666668
2174,133.48333333333332
2175,138.71666666666667
2176,139.15
2177,92.23333333333333
2178,107.86666666666666
2179,120.08333333333333
2180,130.96666666666667
2181,140.1
2182,136.38333333333333
2183,138.03333333333333
2184,90.63333333333334
2185,115.63333333333334
2186,124.3
2187,133.45
2188,132.9
2189,139.86666666666667
2190,134.75
2191,88.93333333333334
2192,111.21666666666667
2193,116.7
2194,120.45
2195,128.6
2196,141.33333333333334
2197,139.03333333333333
2198,90.21666666666667
2199,105.71666666666667
2200,123.38333333333334
2201,127.38333333333334
2202,133.78333333333333
2203,140.75
2204,143.35
2205,93.8
2206,113.01666666666667
2207,122.31666666666666
2208,134.81666666666666
2209,142.18333333333334
2210,159.13333333333333
2211,165.48333333333332
2212,99.33333333333333
2213,123.28333333333333
2214,123.56666666666666
2215,136.43333333333334
2216,146.9
2217,145.28333333333333
2218,156.25
2219,96.9
2220,124.9
2221,131.15
2222,146.31666666666666
2223,161.36666666666667
2224,150.61666666666667
2225,153.56666666666666
2226,106.33333333333333
2227,134.01666666666668
2228,138.51666666666668
2229,143.93333333333334
2230,142.53333333333333
2231,152.65
2232,153.58333333333334
2233,102.66666666666667
2234,121.43333333333334
2235,126.03333333333333
2236,136.13333333333333
2237,143.25
2238,166.38333333333333
2239,147.96666666666667
2240,88.36666666666666
2241,113.55
2242,121.08333333333333
2243,129.71666666666667
2244,141.56666666666666
2245,140.26666666666668
2246,128.16666666666666
2247,83.25
2248,101.41666666666667
2249,109.05
2250,119.31666666666666
2251,126.48333333333333
2252,134.05
2253,134.85
2254,87.16666666666667
2255,112.1
2256,115.15
2257,124.9
2258,121.8
2259,131.58333333333334
2260,132.71666666666667
2261,90.56666666666666
2262,102.33333333333333
2263,106.08333333333333
2264,119.15
2265,130.1
2266,127.83333333333333
2267,130.56666666666666
2268,86.95
2269,119.6
2270,116.53333333333333
2271,129.31666666666666
2272,119.46666666666667
2273,119.15
2274,121.11666666666666
2275,84.56666666666666
2276,102.43333333333334
2277,108.5
2278,105.36666666666666
2279,138.5
2280,117.88333333333334
2281,128.5
2282,82.03333333333333
2283,104.46666666666667
2284,106.76666666666667
2285,122.16666666666667
2286,114.66666666666667
2287,124.9
2288,120.98333333333333
2289,79.71666666666667
2290,103.96666666666667
2291,107.06666666666666
2292,121.5
2293,115.46666666666667
2294,121.21666666666667
2295,126.05
2296,80.48333333333333
2297,91.48333333333333
2298,103.86666666666666
2299,125.81666666666666
2300,110.6
2301,125.98333333333333
2302,119.83333333333333
2303,83.03333333333333
2304,101.73333333333333
2305,107.45
2306,113.4
2307,104.55
2308,117.7
2309,116.73333333333333
2310,79.68333333333334
2311,94.63333333333334
2312,99.28333333333333
2313,103.83333333333333
2314,109.21666666666667
2315,122.26666666666667
2316,123.08333333333333
2317,80.71666666666667
2318,95.7
2319,94.5
2320,96.95
2321,108.08333333333333
2322,116.53333333333333
2323,117.15
2324,75.18333333333334
2325,101.16666666666667
2326,99.66666666666667
2327,98.66666666666667
2328,106.21666666666667
2329,118.4
2330,111.01666666666667
2331,75.71666666666667
2332,95.68333333333334
2333,94.68333333333334
2334,111.58333333333333
2335,122.41666666666667
2336,121.86666666666666
2337,121.9
2338,81.9
2339,98.26666666666667
2340,109.9
2341,116.4
2342,119.1
2343,120.65
2344,120.91666666666667
2345,82.18333333333334
2346,98.28333333333333
2347,108.25
2348,119.85
2349,112.46666666666667
2350,115.83333333333333
2351,130.01666666666668
2352,82.45
2353,96.56666666666666
2354,107.71666666666667
2355,112.55
2356,122.33333333333333
2357,122.0
2358,127.16666666666667
2359,84.21666666666667
2360,103.91666666666667
2361,102.45
2362,115.33333333333333
2363,116.85
2364,103.6
2365,97.45
2366,73.0
2367,74.61666666666666
2368,86.3
2369,87.95
2370,83.65
2371,88.9
2372,94.96666666666667
2373,59.4
2374,76.36666666666666
2375,71.4
2376,70.6
2377,90.15
2378,91.81666666666666
2379,83.35
2380,61.13333333333333
2381,73.66666666666667
2382,73.45
2383,81.78333333333333
2384,85.85
2385,87.58333333333333
2386,88.76666666666667
2387,58.483333333333334
2388,75.61666666666666
2389,72.4
2390,82.08333333333333
2391,90.25
2392,86.55
2393,83.76666666666667
2394,59.88333333333333
2395,72.05
2396,79.38333333333334
2397,84.46666666666667
2398,81.5
2399,85.56666666666666
2400,80.9
2401,56.166666666666664
2402,68.6
2403,71.46666666666667
2404,79.6
2405,78.8
2406,84.3
2407,82.15
2408,54.766666666666666
2409,64.3
2410,72.36666666666666
2411,68.0
2412,74.0
2413,84.26666666666667
2414,85.5
2415,54.0
2416,70.4
2417,79.15
2418,86.01666666666667
2419,88.25
2420,88.66666666666667
2421,92.01666666666667
2422,57.583333333333336
2423,73.08333333333333
2424,78.5
2425,81.03333333333333
2426,94.31666666666666
2427,94.76666666666667
2428,93.36666666666666
2429,60.666666666666664
2430,76.05
2431,74.53333333333333
2432,87.06666666666666
2433,76.23333333333333
2434,89.2
2435,92.63333333333334
2436,58.083333333333336
2437,75.01666666666667
2438,76.01666666666667
2439,85.98333333333333
2440,88.21666666666667
2441,91.36666666666666
2442,90.58333333333333
2443,57.166666666666664
2444,74.98333333333333
2445,74.4
2446,65.66666666666667
2447,90.41666666666667
2448,92.26666666666667
2449,93.95
2450,57.75
2451,70.9
2452,77.41666666666667
2453,92.01666666666667
2454,94.7
2455,101.56666666666666
2456,103.68333333333334
2457,67.45
2458,92.15
2459,91.21666666666667
2460,104.01666666666667
2461,110.63333333333334
2462,108.96666666666667
2463,106.28333333333333
2464,72.83333333333333
2465,95.35
2466,94.11666666666666
2467,104.25
2468,98.98333333333333
2469,105.4
2470,111.21666666666667
2471,72.78333333333333
2472,91.18333333333334
2473,93.18333333333334
2474,93.06666666666666
2475,102.0
2476,109.08333333333333
2477,107.56666666666666
2478,75.5
2479,87.46666666666667
2480,100.68333333333334
2481,101.15
2482,101.01666666666667
2483,114.9
2484,126.35
2485,76.98333333333333
2486,91.38333333333334
2487,102.51666666666667
2488,117.81666666666666
2489,127.66666666666667
2490,123.11666666666666
2491,126.83333333333333
2492,82.78333333333333
2493,104.38333333333334
2494,105.93333333333334
2495,114.95
2496,120.26666666666667
2497,128.08333333333334
2498,121.63333333333334
2499,82.53333333333333
2500,106.75
2501,103.15
2502,116.35
2503,111.86666666666666
2504,121.83333333333333
2505,125.83333333333333
2506,82.08333333333333
2507,98.13333333333334
2508,109.63333333333334
2509,121.68333333333334
2510,120.13333333333334
2511,131.51666666666668
2512,127.4
2513,91.75
2514,109.23333333333333
2515,115.36666666666666
2516,128.78333333333333
2517,144.28333333333333
2518,138.71666666666667
2519,136.45
2520,93.56666666666666
2521,106.36666666666666
2522,125.6
2523,123.3
2524,122.45
2525,152.6
2526,158.15
2527,93.58333333333333
2528,113.98333333333333
2529,121.88333333333334
2530,131.71666666666667
2531,131.05
2532,135.58333333333334
2533,140.28333333333333
2534,91.83333333333333
2535,120.05
2536,119.36666666666666
2537,127.96666666666667
2538,129.51666666666668
2539,139.26666666666668
2540,140.85
2541,92.58333333333333
2542,112.4
2543,122.28333333333333
2544,145.98333333333332
2545,144.85
2546,145.5
2547,148.85
2548,94.78333333333333
2549,123.33333333333333
2550,124.81666666666666
2551,137.2
2552,136.63333333333333
2553,138.81666666666666
2554,144.06666666666666
2555,95.11666666666666
2556,121.71666666666667
2557,124.55
2558,139.86666666666667
2559,141.71666666666667
2560,135.45
2561,135.55
2562,95.56666666666666
2563,120.98333333333333
2564,125.13333333333334
2565,135.33333333333334
2566,132.33333333333334
2567,141.56666666666666
2568,151.75
2569,97.91666666666667
2570,119.98333333333333
2571,115.65
2572,130.71666666666667
2573,132.18333333333334
2574,145.25
2575,149.05
2576,91.55
2577,113.76666666666667
2578,121.75
2579,138.05
2580,157.01666666666668
2581,151.61666666666667
2582,159.58333333333334
2583,104.56666666666666
2584,135.38333333333333
2585,145.58333333333334
2586,144.55
2587,148.1
2588,153.23333333333332
2589,165.2
2590,106.83333333333333
2591,131.55
2592,128.9
2593,142.63333333333333
2594,139.75
2595,147.1
2596,156.88333333333333
2597,97.48333333333333
2598,120.53333333333333
2599,123.95
2600,150.06666666666666
2601,145.35
2602,152.1
2603,154.28333333333333
2604,102.63333333333334
2605,132.13333333333333
2606,130.85
2607,151.35
2608,147.88333333333333
2609,154.31666666666666
2610,136.98333333333332
2611,95.33333333333333
2612,111.48333333333333
2613,120.88333333333334
2614,121.98333333333333
2615,127.2
2616,135.76666666666668
2617,132.61666666666667
2618,92.63333333333334
2619,102.15
2620,113.75
2621,129.88333333333333
2622,132.71666666666667
2623,152.26666666666668
2624,140.4
2625,92.83333333333333
2626,119.4
2627,117.88333333333334
2628,133.86666666666667
2629,139.88333333333333
2630,137.71666666666667
2631,139.66666666666666
2632,95.11666666666666
2633,113.83333333333333
2634,116.88333333333334
2635,130.48333333333332
2636,134.08333333333334
2637,141.66666666666666
2638,133.88333333333333
2639,89.65
2640,115.96666666666667
2641,103.9
2642,123.23333333333333
2643,123.3
2644,127.3
2645,126.45
2646,83.33333333333333
2647,101.86666666666666
2648,113.95
2649,117.38333333333334
2650,113.2
2651,131.38333333333333
2652,132.86666666666667
2653,89.2
2654,105.7
2655,102.18333333333334
2656,120.78333333333333
2657,122.85
2658,133.33333333333334
2659,126.05
2660,87.36666666666666
2661,109.51666666666667
2662,120.65
2663,116.26666666666667
2664,121.11666666666666
2665,127.7
2666,126.28333333333333
2667,89.08333333333333
2668,107.23333333333333
2669,111.73333333333333
2670,119.05
2671,120.91666666666667
2672,114.41666666666667
2673,124.05
2674,77.6
2675,99.18333333333334
2676,101.21666666666667
2677,116.75
2678,115.7
2679,121.66666666666667
2680,102.76666666666667
2681,82.8
2682,94.28333333333333
2683,101.76666666666667
2684,118.53333333333333
2685,105.51666666666667
2686,119.41666666666667
2687,119.76666666666667
2688,79.66666666666667
2689,93.78333333333333
2690,96.78333333333333
2691,96.83333333333333
2692,117.41666666666667
2693,118.43333333333334
2694,112.2
2695,74.41666666666667
2696,94.58333333333333
2697,105.8
2698,109.76666666666667
2699,113.68333333333334
2700,121.75
2701,121.28333333333333
2702,82.81666666666666
2703,104.65
2704,103.41666666666667
2705,114.85
2706,132.73333333333332
2707,131.78333333333333
2708,129.65
2709,88.68333333333334
2710,104.25
2711,114.71666666666667
2712,116.76666666666667
2713,122.55
2714,129.96666666666667
2715,131.56666666666666
2716,86.98333333333333
2717,109.65
2718,113.85
2719,119.36666666666666
2720,123.55
2721,129.38333333333333
2722,128.31666666666666
2723,85.28333333333333
2724,102.93333333333334
2725,111.98333333333333
2726,113.4
2727,94.13333333333334
2728,102.15
2729,103.48333333333333
2730,66.7
2731,80.85
2732,85.2
2733,97.26666666666667
2734,90.01666666666667
2735,98.73333333333333
2736,93.06666666666666
2737,62.18333333333333
2738,80.18333333333334
2739,85.1
2740,89.0
2741,82.66666666666667
2742,96.16666666666667
2743,93.95
2744,60.4
2745,73.7
2746,76.55
2747,86.4
2748,83.15
2749,83.36666666666666
2750,89.78333333333333
2751,59.88333333333333
2752,72.0
2753,72.76666666666667
2754,82.81666666666666
2755,89.96666666666667
2756,96.41666666666667
2757,95.03333333333333
2758,42.35
2759,5.183333333333334
2760,5.183333333333334
2761,4.85
2762,5.116666666666666
2763,6.666666666666667
2764,6.716666666666667
2765,5.233333333333333
2766,4.716666666666667
2767,4.666666666666667
2768,3.9833333333333334
2769,3.966666666666667
2770,6.3
2771,6.533333333333333
2772,5.233333333333333
2773,4.55
2774,4.533333333333333
2775,3.65
2776,3.816666666666667
2777,6.566666666666666
2778,7.016666666666667
2779,5.233333333333333
2780,4.983333333333333
2781,5.1
2782,4.116666666666666
2783,4.4
2784,7.05
2785,7.066666666666666
2786,5.383333333333334
2787,5.266666666666667
2788,5.466666666666667
2789,4.35
2790,4.616666666666666
2791,6.666666666666667
2792,6.716666666666667
2793,5.25
2794,4.916666666666667
2795,4.866666666666666
2796,4.05
2797,4.466666666666667
2798,6.783333333333333
2799,6.633333333333334
2800,5.25
2801,4.766666666666667
2802,4.716666666666667
2803,3.7666666666666666
2804,4.1
2805,6.816666666666666
2806,6.616666666666666
2807,5.3
2808,4.8
2809,4.933333333333334
2810,3.95
2811,4.233333333333333
2812,7.116666666666666
2813,6.933333333333334
2814,5.4
2815,5.05
2816,5.483333333333333
2817,4.35
2818,4.616666666666666
2819,6.7
2820,6.816666666666666
2821,5.283333333333333
2822,4.85
2823,4.883333333333334
2824,4.05
2825,4.466666666666667
2826,6.816666666666666
2827,6.733333333333333
2828,5.25
2829,4.7
2830,4.733333333333333
2831,3.7666666666666666
2832,4.1
2833,6.816666666666666
2834,6.616666666666666
2835,5.3
2836,4.816666666666666
2837,4.95
2838,3.95
2839,4.233333333333333
2840,7.116666666666666
2841,6.933333333333334
2842,5.4
2843,5.05
2844,5.483333333333333
2845,4.3
2846,4.583333333333333
2847,7.233333333333333
2848,3.9
2849,25.416666666666668
2850,25.433333333333334
2851,25.983333333333334
2852,26.516666666666666
2853,26.516666666666666
2854,28.433333333333334
2855,32.85
2856,34.333333333333336
2857,44.18333333333333
2858,41.86666666666667
2859,45.68333333333333
2860,46.333333333333336
2861,35.93333333333333
2862,38.766666666666666
2863,42.45
2864,46.8
2865,48.3
2866,48.166666666666664
2867,47.333333333333336
2868,29.15
2869,40.016666666666666
2870,40.15
2871,46.53333333333333
2872,49.35
2873,47.86666666666667
2874,48.21666666666667
2875,28.116666666666667
2876,45.96666666666667
2877,43.06666666666667
2878,42.78333333333333
2879,48.61666666666667
2880,49.05
2881,50.916666666666664
2882,31.8
2883,44.45
2884,44.75
2885,45.43333333333333
2886,50.766666666666666
2887,56.71666666666667
2888,55.2
2889,36.4
2890,43.53333333333333
2891,47.9
2892,50.333333333333336
2893,57.11666666666667
2894,56.6
2895,58.766666666666666
2896,43.1
2897,46.36666666666667
2898,47.31666666666667
2899,57.13333333333333
2900,56.233333333333334
2901,62.45
2902,65.75
2903,52.333333333333336
2904,49.516666666666666
2905,53.45
2906,57.35
2907,59.8
2908,59.11666666666667
2909,55.46666666666667
2910,39.266666666666666
2911,49.63333333333333
2912,51.85
2913,54.7
2914,57.483333333333334
2915,62.03333333333333
2916,63.86666666666667
2917,50.733333333333334
2918,50.61666666666667
2919,53.65
2920,57.4
2921,65.55
2922,65.05
2923,65.15
2924,52.266666666666666
2925,51.71666666666667
2926,53.333333333333336
2927,65.18333333333334
2928,64.08333333333333
2929,63.666666666666664
2930,68.46666666666667
2931,46.25
2932,55.46666666666667
2933,54.85
2934,65.36666666666666
2935,66.23333333333333
2936,65.93333333333334
2937,63.5
2938,49.96666666666667
2939,56.13333333333333
2940,59.56666666666667
2941,74.76666666666667
2942,71.95
2943,65.23333333333333
2944,76.21666666666667
2945,50.71666666666667
2946,63.36666666666667
2947,66.05
2948,76.38333333333334
2949,83.4
2950,77.23333333333333
2951,76.53333333333333
2952,54.11666666666667
2953,65.25
2954,61.333333333333336
2955,70.16666666666667
2956,69.48333333333333
2957,73.3
2958,72.65
2959,57.233333333333334
2960,59.233333333333334
2961,59.766666666666666
2962,69.41666666666667
2963,73.25
2964,76.68333333333334
2965,87.63333333333334
2966,60.56666666666667
2967,63.71666666666667
2968,73.41666666666667
2969,75.53333333333333
2970,74.48333333333333
2971,75.03333333333333
2972,74.38333333333334
2973,59.85
2974,68.15
2975,69.63333333333334
2976,69.78333333333333
2977,79.5
2978,82.45
2979,91.6
2980,64.76666666666667
2981,69.06666666666666
2982,74.55
2983,73.66666666666667
2984,76.83333333333333
2985,81.18333333333334
2986,82.36666666666666
2987,62.5
2988,61.45
2989,67.46666666666667
2990,69.78333333333333
2991,78.83333333333333
2992,80.05
2993,82.16666666666667
2994,51.15
2995,71.51666666666667
2996,76.56666666666666
2997,85.28333333333333
2998,71.81666666666666
2999,87.78333333333333
3000,81.65
3001,58.3
3002,69.03333333333333
3003,76.93333333333334
3004,78.25
3005,81.81666666666666
3006,83.48333333333333
3007,99.28333333333333
3008,60.55
3009,75.95
3010,79.81666666666666
3011,85.15
3012,80.85
3013,82.48333333333333
3014,84.05
3015,63.21666666666667
3016,70.1
3017,71.45
3018,69.15
3019,79.48333333333333
3020,85.61666666666666
3021,82.18333333333334
3022,56.45
3023,73.48333333333333
3024,82.75
3025,83.56666666666666
3026,96.5
3027,90.4
3028,91.05
3029,60.75
3030,68.68333333333334
3031,85.01666666666667
3032,90.46666666666667
3033,89.11666666666666
3034,87.15
3035,89.9
3036,58.333333333333336
3037,75.41666666666667
3038,79.96666666666667
3039,80.43333333333334
3040,85.36666666666666
3041,90.53333333333333
3042,85.15
3043,66.0
3044,71.51666666666667
3045,78.38333333333334
3046,86.73333333333333
3047,79.46666666666667
3048,91.98333333333333
3049,86.01666666666667
3050,57.916666666666664
3051,72.68333333333334
3052,75.38333333333334
3053,85.88333333333334
3054,87.51666666666667
3055,91.08333333333333
3056,87.88333333333334
3057,59.05
3058,80.98333333333333
3059,77.5
3060,91.68333333333334
3061,76.61666666666666
3062,82.96666666666667
3063,87.41666666666667
3064,55.68333333333333
3065,72.83333333333333
3066,71.95
3067,69.26666666666667
3068,86.2
3069,82.15
3070,84.2
3071,53.733333333333334
3072,73.4
3073,69.06666666666666
3074,78.5
3075,81.4
3076,80.95
3077,82.7
3078,54.766666666666666
3079,63.766666666666666
3080,69.48333333333333
3081,78.9
3082,78.6
3083,83.23333333333333
3084,72.7
3085,57.18333333333333
3086,67.4
3087,70.93333333333334
3088,78.06666666666666
3089,75.01666666666667
3090,80.78333333333333
3091,79.66666666666667
3092,59.0
3093,68.4
3094,67.81666666666666
3095,70.26666666666667
3096,70.16666666666667
3097,72.13333333333334
3098,78.43333333333334
3099,48.88333333333333
3100,60.81666666666667
3101,57.03333333333333
3102,52.766666666666666
3103,74.93333333333334
3104,74.38333333333334
3105,73.08333333333333
3106,47.55
3107,58.03333333333333
3108,64.85
3109,71.91666666666667
3110,62.016666666666666
3111,69.98333333333333
3112,70.81666666666666
3113,45.75
3114,60.0
3115,61.083333333333336
3116,66.46666666666667
3117,77.6
3118,76.46666666666667
3119,70.3
3120,59.21666666666667
3121,58.15
3122,62.63333333333333
3123,69.86666666666666
3124,66.81666666666666
3125,67.78333333333333
3126,66.83333333333333
3127,51.483333333333334
3128,62.06666666666667
3129,64.48333333333333
3130,62.7
3131,72.21666666666667
3132,74.08333333333333
3133,73.05
3134,57.56666666666667
3135,56.31666666666667
3136,64.2
3137,71.33333333333333
3138,72.01666666666667
3139,72.63333333333334
3140,73.7
3141,54.8
3142,59.083333333333336
3143,61.31666666666667
3144,66.46666666666667
3145,64.63333333333334
3146,68.06666666666666
3147,66.21666666666667
3148,48.03333333333333
3149,57.233333333333334
3150,60.333333333333336
3151,68.91666666666667
3152,59.083333333333336
3153,70.58333333333333
3154,68.28333333333333
3155,49.916666666666664
3156,66.1
3157,68.18333333333334
3158,83.31666666666666
3159,75.38333333333334
3160,79.41666666666667
3161,80.06666666666666
3162,52.583333333333336
3163,64.18333333333334
3164,67.0
3165,76.8
3166,69.75
3167,77.73333333333333
3168,75.56666666666666
3169,46.38333333333333
3170,66.31666666666666
3171,65.28333333333333
3172,70.21666666666667
3173,74.81666666666666
3174,78.23333333333333
3175,73.7
3176,53.65
3177,56.833333333333336
3178,64.26666666666667
3179,62.0
3180,73.06666666666666
3181,73.71666666666667
3182,70.73333333333333
3183,49.733333333333334
3184,53.3
3185,50.36666666666667
3186,64.11666666666666
3187,52.25
3188,48.88333333333333
3189,46.233333333333334
3190,40.0
3191,42.8
3192,43.81666666666667
3193,46.86666666666667
3194,52.35
3195,49.18333333333333
3196,51.75
3197,41.266666666666666
3198,43.916666666666664
3199,46.2
3200,47.75
3201,50.06666666666667
3202,46.46666666666667
3203,55.483333333333334
3204,37.983333333333334
3205,45.28333333333333
3206,47.35
3207,43.8
3208,46.43333333333333
3209,52.06666666666667
3210,47.46666666666667
3211,32.8
3212,42.016666666666666
3213,44.35
3214,47.46666666666667
3215,52.2
3216,46.71666666666667
3217,55.21666666666667
3218,36.25
3219,46.516666666666666
3220,47.11666666666667
3221,56.35
3222,57.75
3223,55.43333333333333
3224,55.5
3225,40.6
3226,43.36666666666667
3227,44.833333333333336
3228,42.75
3229,56.516666666666666
3230,59.05
3231,58.65
3232,40.28333333333333
3233,45.333333333333336
3234,48.36666666666667
3235,55.333333333333336
3236,53.11666666666667
3237,54.38333333333333
3238,53.0
3239,40.45
3240,41.61666666666667
3241,45.43333333333333
3242,54.56666666666667
3243,46.583333333333336
3244,58.266666666666666
3245,56.833333333333336
3246,39.95
3247,50.583333333333336
3248,50.38333333333333
3249,49.1
3250,54.03333333333333
3251,64.23333333333333
3252,63.7
3253,40.46666666666667
3254,47.233333333333334
3255,50.06666666666667
3256,45.483333333333334
3257,56.016666666666666
3258,57.06666666666667
3259,58.233333333333334
3260,41.45
3261,47.166666666666664
3262,49.63333333333333
3263,55.75
3264,61.06666666666667
3265,65.96666666666667
3266,63.983333333333334
3267,41.4
3268,55.03333333333333
3269,55.983333333333334
3270,62.18333333333333
3271,56.78333333333333
3272,67.75
3273,67.8
3274,46.31666666666667
3275,57.35
3276,68.65
3277,65.96666666666667
3278,72.45
3279,74.85
3280,84.95
3281,50.13333333333333
3282,67.8
3283,66.38333333333334
3284,68.53333333333333
3285,66.48333333333333
3286,77.61666666666666
3287,73.83333333333333
3288,49.6
3289,59.21666666666667
3290,63.4
3291,61.46666666666667
3292,79.63333333333334
3293,81.21666666666667
3294,76.4
3295,51.733333333333334
3296,62.583333333333336
3297,62.85
3298,77.35
3299,60.18333333333333
3300,73.45
3301,73.15
3302,50.56666666666667
3303,62.81666666666667
3304,63.333333333333336
3305,65.53333333333333
3306,84.53333333333333
3307,79.73333333333333
3308,88.08333333333333
3309,55.93333333333333
3310,67.95
3311,74.76666666666667
3312,85.5
3313,90.01666666666667
3314,85.01666666666667
3315,92.41666666666667
3316,55.666666666666664
3317,71.0
3318,75.86666666666666
3319,84.01666666666667
3320,83.91666666666667
3321,95.81666666666666
3322,92.23333333333333
3323,59.166666666666664
3324,73.63333333333334
3325,81.93333333333334
3326,74.3
3327,85.71666666666667
3328,89.55
3329,88.16666666666667
3330,59.2
3331,74.33333333333333
3332,76.08333333333333
3333,81.1
3334,88.71666666666667
3335,88.53333333333333
3336,88.9
3337,59.21666666666667
3338,74.03333333333333
3339,75.16666666666667
3340,85.9
3341,88.5
3342,99.01666666666667
3343,98.6
3344,63.3
3345,77.53333333333333
3346,78.35
3347,82.13333333333334
3348,87.88333333333334
3349,93.75
3350,93.8
3351,62.78333333333333
3352,95.63333333333334
3353,80.11666666666666
3354,78.85
3355,86.78333333333333
3356,101.48333333333333
3357,101.56666666666666
3358,63.11666666666667
3359,77.96666666666667
3360,84.3
3361,81.13333333333334
3362,96.63333333333334
3363,91.73333333333333
3364,105.95
3365,70.96666666666667
3366,84.55
3367,89.5
3368,90.08333333333333
3369,106.01666666666667
3370,99.68333333333334
3371,100.86666666666666
3372,62.96666666666667
3373,82.65
3374,84.6
3375,92.96666666666667
3376,86.7
3377,97.15
3378,100.26666666666667
3379,62.86666666666667
3380,80.16666666666667
3381,84.25
3382,77.45
3383,80.98333333333333
3384,98.78333333333333
3385,112.8
3386,67.55
3387,77.96666666666667
3388,86.85
3389,97.01666666666667
3390,93.7
3391,99.58333333333333
3392,96.1
3393,59.61666666666667
3394,83.01666666666667
3395,82.73333333333333
3396,95.23333333333333
3397,97.61666666666666
3398,108.21666666666667
3399,103.0
3400,71.51666666666667
3401,86.41666666666667
3402,90.73333333333333
3403,90.03333333333333
3404,98.53333333333333
3405,99.7
3406,103.25
3407,66.43333333333334
3408,80.05
3409,86.4
3410,100.1
3411,87.06666666666666
3412,100.96666666666667
3413,101.21666666666667
3414,70.5
3415,86.83333333333333
3416,89.45
3417,90.6
3418,93.68333333333334
3419,94.03333333333333
3420,98.28333333333333
3421,62.833333333333336
3422,80.35
3423,84.88333333333334
3424,84.3
3425,93.05
3426,90.9
3427,90.25
3428,63.333333333333336
3429,75.28333333333333
3430,82.61666666666666
3431,84.05
3432,89.21666666666667
3433,91.0
3434,95.95
3435,61.35
3436,75.91666666666667
3437,74.13333333333334
3438,85.48333333333333
3439,91.78333333333333
3440,97.25
3441,96.2
3442,60.63333333333333
3443,75.13333333333334
3444,83.11666666666666
3445,86.83333333333333
3446,84.21666666666667
3447,93.16666666666667
3448,96.26666666666667
3449,61.6
3450,75.15
3451,80.61666666666666
3452,74.43333333333334
3453,78.8
3454,91.81666666666666
3455,92.13333333333334
3456,59.68333333333333
3457,74.21666666666667
3458,84.9
3459,73.96666666666667
3460,76.68333333333334
3461,83.71666666666667
3462,81.0
3463,55.78333333333333
3464,68.36666666666666
3465,69.65
3466,68.0
3467,74.55
3468,80.23333333333333
3469,83.56666666666666
3470,58.61666666666667
3471,69.58333333333333
3472,77.31666666666666
3473,81.68333333333334
3474,69.6
3475,83.41666666666667
3476,83.48333333333333
3477,57.95
3478,71.46666666666667
3479,79.61666666666666
3480,82.85
3481,73.66666666666667
3482,90.53333333333333
3483,113.7
3484,61.31666666666667
3485,78.48333333333333
3486,75.46666666666667
3487,71.48333333333333
3488,91.48333333333333
3489,78.03333333333333
3490,80.65
3491,53.416666666666664
3492,60.18333333333333
3493,67.23333333333333
3494,70.65
3495,82.78333333333333
3496,78.88333333333334
3497,79.18333333333334
3498,53.93333333333333
3499,60.65
3500,71.26666666666667
3501,80.76666666666667
3502,79.66666666666667
3503,79.95
3504,82.35
3505,56.56666666666667
3506,73.3
3507,77.33333333333333
3508,85.21666666666667
3509,78.48333333333333
3510,83.46666666666667
3511,88.28333333333333
3512,58.833333333333336
3513,71.65
3514,68.61666666666666
3515,66.13333333333334
3516,76.61666666666666
3517,74.96666666666667
3518,81.65
3519,53.583333333333336
3520,71.36666666666666
3521,79.48333333333333
3522,78.45
3523,85.46666666666667
3524,91.61666666666666
3525,99.78333333333333
3526,62.85
3527,76.76666666666667
3528,72.43333333333334
3529,80.58333333333333
3530,99.46666666666667
3531,85.98333333333333
3532,89.26666666666667
3533,64.75
3534,73.61666666666666
3535,75.8
3536,83.83333333333333
3537,79.98333333333333
3538,86.91666666666667
3539,87.88333333333334
3540,56.65
3541,69.0
3542,73.06666666666666
3543,81.25
3544,82.38333333333334
3545,86.23333333333333
3546,86.75
3547,49.983333333333334
3548,52.2
3549,54.95
3550,74.71666666666667
3551,59.18333333333333
3552,66.43333333333334
3553,58.18333333333333
3554,38.85
3555,49.666666666666664
3556,52.68333333333333
3557,56.46666666666667
3558,61.583333333333336
3559,68.51666666666667
3560,72.96666666666667
3561,46.46666666666667
3562,58.016666666666666
3563,61.083333333333336
3564,65.25
3565,65.45
3566,64.05
3567,63.733333333333334
3568,44.0
3569,54.31666666666667
3570,53.833333333333336
3571,59.233333333333334
3572,62.2
3573,68.33333333333333
3574,65.93333333333334
3575,41.916666666666664
3576,50.81666666666667
3577,55.05
3578,65.06666666666666
3579,55.666666666666664
3580,59.95
3581,61.266666666666666
3582,42.13333333333333
3583,43.583333333333336
3584,43.88333333333333
3585,41.416666666666664
3586,50.666666666666664
3587,53.45
3588,58.43333333333333
3589,37.233333333333334
3590,43.63333333333333
3591,48.45
3592,59.166666666666664
3593,56.916666666666664
3594,54.35
3595,58.233333333333334
3596,41.266666666666666
3597,47.03333333333333
3598,52.43333333333333
3599,57.81666666666667
3600,59.6
3601,60.733333333333334
3602,62.38333333333333
3603,40.6
3604,53.71666666666667
3605,48.483333333333334
3606,49.45
3607,55.21666666666667
3608,59.81666666666667
3609,56.46666666666667
3610,36.86666666666667
3611,44.583333333333336
3612,51.05
3613,57.96666666666667
3614,62.03333333333333
3615,65.58333333333333
3616,73.45
3617,44.63333333333333
3618,53.53333333333333
3619,58.71666666666667
3620,51.6
3621,55.416666666666664
3622,62.06666666666667
3623,60.88333333333333
3624,41.5
3625,48.35
3626,52.75
3627,59.03333333333333
3628,56.65
3629,58.75
3630,66.45
3631,41.88333333333333
3632,52.38333333333333
3633,57.56666666666667
3634,55.733333333333334
3635,69.1
3636,72.95
3637,73.33333333333333
3638,52.18333333333333
3639,58.43333333333333
3640,61.06666666666667
3641,70.83333333333333
3642,63.583333333333336
3643,79.15
3644,78.96666666666667
3645,49.96666666666667
3646,60.833333333333336
3647,62.28333333333333
3648,62.11666666666667
3649,75.0
3650,79.26666666666667
3651,72.65
3652,51.083333333333336
3653,57.96666666666667
3654,72.58333333333333
3655,75.88333333333334
3656,67.36666666666666
3657,83.65
3658,83.81666666666666
3659,51.766666666666666
3660,61.35
3661,66.81666666666666
3662,59.63333333333333
3663,74.25
3664,76.58333333333333
3665,74.86666666666666
3666,47.78333333333333
3667,63.86666666666667
3668,68.08333333333333
3669,71.8
3670,75.55
3671,79.96666666666667
3672,79.71666666666667
3673,56.516666666666666
3674,70.26666666666667
3675,71.78333333333333
3676,70.53333333333333
3677,89.76666666666667
3678,79.6
3679,93.08333333333333
3680,61.4
3681,71.43333333333334
3682,73.86666666666666
3683,84.95
3684,88.25
3685,79.05
3686,90.98333333333333
3687,58.016666666666666
3688,71.58333333333333
3689,81.83333333333333
3690,74.0
3691,98.68333333333334
3692,87.31666666666666
3693,90.43333333333334
3694,62.333333333333336
3695,69.81666666666666
3696,77.56666666666666
3697,86.6
3698,94.0
3699,97.68333333333334
3700,91.2
3701,64.53333333333333
3702,83.3
3703,80.2
3704,87.01666666666667
3705,95.6
3706,97.01666666666667
3707,97.78333333333333
3708,63.9
3709,85.23333333333333
3710,89.81666666666666
3711,88.3
3712,100.18333333333334
3713,99.36666666666666
3714,98.6
3715,71.03333333333333
3716,83.95
3717,86.53333333333333
3718,95.96666666666667
3719,95.71666666666667
3720,98.16666666666667
3721,97.96666666666667
3722,71.0
3723,89.28333333333333
3724,86.08333333333333
3725,92.2
3726,96.33333333333333
3727,102.36666666666666
3728,103.03333333333333
3729,71.43333333333334
3730,82.63333333333334
3731,90.21666666666667
3732,92.9
3733,106.03333333333333
3734,109.08333333333333
3735,111.88333333333334
3736,71.7
3737,88.85
3738,98.26666666666667
3739,92.63333333333334
3740,102.1
3741,106.48333333333333
3742,101.6
3743,72.68333333333334
3744,84.03333333333333
3745,93.05
3746,95.78333333333333
3747,87.93333333333334
3748,99.3
3749,103.36666666666666
3750,74.2
3751,80.88333333333334
3752,84.95
3753,83.0
3754,88.88333333333334
3755,97.11666666666666
3756,98.38333333333334
3757,64.03333333333333
3758,86.43333333333334
3759,90.23333333333333
3760,91.7
3761,96.81666666666666
3762,104.01666666666667
3763,104.0
3764,70.76666666666667
3765,87.03333333333333
3766,87.6
3767,90.01666666666667
3768,99.13333333333334
3769,106.33333333333333
3770,104.96666666666667
3771,69.2
3772,93.95
3773,90.93333333333334
3774,90.11666666666666
3775,94.8
3776,103.58333333333333
3777,104.43333333333334
3778,69.33333333333333
3779,88.46666666666667
3780,96.15
3781,112.73333333333333
3782,101.6
3783,105.91666666666667
3784,105.23333333333333
3785,69.83333333333333
3786,91.6
3787,101.96666666666667
3788,100.3
3789,105.15
3790,99.06666666666666
3791,110.7
3792,75.28333333333333
3793,90.15
3794,91.2
3795,98.43333333333334
3796,93.48333333333333
3797,106.1
3798,111.21666666666667
3799,72.53333333333333
3800,84.01666666666667
3801,82.03333333333333
3802,71.96666666666667
3803,88.03333333333333
3804,88.53333333333333
3805,95.8
3806,60.416666666666664
3807,82.96666666666667
3808,83.5
3809,88.21666666666667
3810,93.5
3811,95.51666666666667
3812,97.63333333333334
3813,63.733333333333334
3814,73.4
3815,83.96666666666667
3816,93.38333333333334
3817,84.05
3818,94.95
3819,92.1
3820,62.416666666666664
3821,82.11666666666666
3822,80.05
3823,75.26666666666667
3824,87.61666666666666
3825,89.06666666666666
3826,86.4
3827,64.48333333333333
3828,73.91666666666667
3829,79.1
3830,86.93333333333334
3831,88.28333333333333
3832,88.25
3833,97.7
3834,63.766666666666666
3835,74.95
3836,78.53333333333333
3837,76.96666666666667
3838,85.08333333333333
3839,88.03333333333333
3840,85.35
3841,57.7
3842,73.4
3843,77.58333333333333
3844,80.98333333333333
3845,87.25
3846,91.26666666666667
3847,91.38333333333334
3848,62.56666666666667
3849,74.75
3850,81.25
3851,87.41666666666667
3852,84.98333333333333
3853,88.7
3854,86.01666666666667
3855,55.35
3856,72.35
3857,73.21666666666667
3858,80.55
3859,75.5
3860,78.61666666666666
3861,81.83333333333333
3862,51.5
3863,69.05
3864,73.83333333333333
3865,67.93333333333334
3866,83.7
3867,92.98333333333333
3868,89.3
3869,58.81666666666667
3870,72.4
3871,81.01666666666667
3872,77.15
3873,81.11666666666666
3874,82.41666666666667
3875,85.81666666666666
3876,55.46666666666667
3877,64.83333333333333
3878,74.45
3879,78.7
3880,75.68333333333334
3881,82.76666666666667
3882,85.8
3883,55.13333333333333
3884,69.3
3885,73.65
3886,66.95
3887,85.73333333333333
3888,84.78333333333333
3889,88.61666666666666
3890,59.1
3891,77.33333333333333
3892,84.43333333333334
3893,89.18333333333334
3894,91.65
3895,95.06666666666666
3896,96.76666666666667
3897,62.46666666666667
3898,83.86666666666666
3899,75.5
3900,82.95
3901,83.63333333333334
3902,83.76666666666667
3903,89.91666666666667
3904,60.3
3905,75.98333333333333
3906,74.85
3907,78.05
3908,87.28333333333333
3909,89.25
3910,88.68333333333334
3911,59.483333333333334
3912,56.46666666666667
3913,59.766666666666666
3914,78.76666666666667
3915,62.5
3916,67.91666666666667
3917,69.56666666666666
3918,39.583333333333336
3919,56.1
3920,52.416666666666664
3921,51.2
3922,58.833333333333336
3923,68.26666666666667
3924,67.91666666666667
3925,42.78333333333333
3926,53.416666666666664
3927,53.11666666666667
3928,53.3
3929,67.26666666666667
3930,68.0
3931,67.03333333333333
3932,45.86666666666667
3933,53.516666666666666
3934,57.68333333333333
3935,60.266666666666666
3936,60.55
3937,62.36666666666667
3938,62.68333333333333
3939,44.18333333333333
3940,54.516666666666666
3941,62.5
3942,65.31666666666666
3943,68.25
3944,70.51666666666667
3945,73.53333333333333
3946,45.833333333333336
3947,60.95
3948,58.63333333333333
3949,77.4
3950,68.93333333333334
3951,70.13333333333334
3952,65.86666666666666
3953,46.483333333333334
3954,55.61666666666667
3955,56.03333333333333
3956,62.06666666666667
3957,63.25
3958,63.6
3959,68.91666666666667
3960,41.31666666666667
3961,55.916666666666664
3962,55.45
3963,64.06666666666666
3964,55.86666666666667
3965,68.8
3966,66.7
3967,42.43333333333333
3968,53.45
3969,57.21666666666667
3970,67.18333333333334
3971,60.55
3972,64.46666666666667
3973,67.28333333333333
3974,47.583333333333336
3975,61.38333333333333
3976,58.05
3977,61.43333333333333
3978,67.23333333333333
3979,66.96666666666667
3980,69.3
3981,44.71666666666667
3982,59.233333333333334
3983,55.233333333333334
3984,50.583333333333336
3985,62.05
3986,63.7
3987,70.8
3988,49.31666666666667
3989,66.68333333333334
3990,60.03333333333333
3991,57.6
3992,67.06666666666666
3993,76.05
3994,70.01666666666667
3995,49.46666666666667
3996,58.53333333333333
3997,62.7
3998,57.85
3999,74.23333333333333
4000,72.33333333333333
4001,73.05
4002,50.833333333333336
4003,74.16666666666667
4004,81.48333333333333
4005,72.0
4006,77.93333333333334
4007,80.1
4008,82.18333333333334
4009,56.583333333333336
4010,69.56666666666666
4011,71.86666666666666
4012,72.95
4013,84.66666666666667
4014,89.38333333333334
4015,81.65
4016,58.666666666666664
4017,72.41666666666667
4018,73.2
4019,76.83333333333333
4020,84.56666666666666
4021,83.6
4022,84.78333333333333
4023,57.46666666666667
4024,68.96666666666667
4025,72.46666666666667
4026,84.3
4027,72.58333333333333
4028,82.95
4029,80.95
4030,58.21666666666667
4031,71.68333333333334
4032,77.4
4033,80.15
4034,85.86666666666666
4035,93.21666666666667
4036,89.2
4037,59.68333333333333
4038,83.36666666666666
4039,79.68333333333334
4040,78.33333333333333
4041,94.46666666666667
4042,111.25
4043,102.03333333333333
4044,68.65
4045,81.61666666666666
4046,86.61666666666666
4047,91.13333333333334
4048,97.25
4049,87.25
4050,95.4
4051,64.51666666666667
4052,81.23333333333333
4053,82.66666666666667
4054,93.05
4055,96.71666666666667
4056,97.48333333333333
4057,98.51666666666667
4058,61.88333333333333
4059,83.25
4060,85.45
4061,96.01666666666667
4062,101.36666666666666
4063,96.26666666666667
4064,95.83333333333333
4065,65.9
4066,85.26666666666667
4067,91.15
4068,106.51666666666667
4069,97.43333333333334
4070,103.95
4071,102.83333333333333
4072,68.05
4073,89.76666666666667
4074,83.51666666666667
4075,93.08333333333333
4076,99.43333333333334
4077,99.3
4078,99.51666666666667
4079,64.06666666666666
4080,79.08333333333333
4081,86.58333333333333
4082,99.81666666666666
4083,94.21666666666667
4084,101.05
4085,102.05
4086,69.01666666666667
4087,86.95
4088,89.2
4089,97.03333333333333
4090,98.81666666666666
4091,108.68333333333334
4092,109.11666666666666
4093,74.25
4094,88.46666666666667
4095,98.05
4096,94.18333333333334
4097,98.88333333333334
4098,110.5
4099,112.56666666666666
4100,69.91666666666667
4101,88.5
4102,93.35
4103,90.06666666666666
4104,92.33333333333333
4105,107.26666666666667
4106,103.73333333333333
4107,80.06666666666666
4108,87.18333333333334
4109,94.76666666666667
4110,101.01666666666667
4111,92.88333333333334
4112,102.78333333333333
4113,124.18333333333334
4114,76.3
4115,90.65
4116,94.45
4117,100.11666666666666
4118,114.13333333333334
4119,113.05
4120,109.83333333333333
4121,75.91666666666667
4122,89.01666666666667
4123,99.41666666666667
4124,104.91666666666667
4125,91.85
4126,115.38333333333334
4127,112.96666666666667
4128,76.21666666666667
4129,104.91666666666667
4130,103.8
4131,117.13333333333334
4132,114.65
4133,124.9
4134,121.33333333333333
4135,79.68333333333334
4136,95.23333333333333
4137,104.5
4138,111.15
4139,119.51666666666667
4140,118.53333333333333
4141,118.58333333333333
4142,81.7
4143,93.96666666666667
4144,104.36666666666666
4145,104.6
4146,118.45
4147,114.73333333333333
4148,113.88333333333334
4149,79.91666666666667
4150,96.25
4151,95.53333333333333
4152,110.0
4153,108.1
4154,119.55
4155,118.91666666666667
4156,77.5
4157,93.28333333333333
4158,97.35
4159,100.78333333333333
4160,106.58333333333333
4161,103.05
4162,98.08333333333333
4163,62.1
4164,82.16666666666667
4165,90.28333333333333
4166,102.83333333333333
4167,97.0
4168,104.01666666666667
4169,107.95
4170,78.15
4171,82.11666666666666
4172,94.0
4173,109.66666666666667
4174,95.51666666666667
4175,105.58333333333333
4176,110.43333333333334
4177,72.58333333333333
4178,83.73333333333333
4179,89.01666666666667
4180,87.58333333333333
4181,97.51666666666667
4182,99.81666666666666
4183,104.23333333333333
4184,65.66666666666667
4185,81.65
4186,91.9
4187,90.28333333333333
4188,84.66666666666667
4189,95.2
4190,91.46666666666667
4191,66.21666666666667
4192,77.68333333333334
4193,77.63333333333334
4194,75.03333333333333
4195,95.51666666666667
4196,97.03333333333333
4197,91.95
4198,64.95
4199,82.01666666666667
4200,87.11666666666666
4201,97.45
4202,98.36666666666666
4203,97.95
4204,98.93333333333334
4205,65.38333333333334
4206,78.55
4207,82.03333333333333
4208,86.61666666666666
4209,91.46666666666667
4210,98.33333333333333
4211,104.75
4212,72.11666666666666
4213,82.93333333333334
4214,88.23333333333333
4215,92.28333333333333
4216,104.48333333333333
4217,103.16666666666667
4218,100.21666666666667
4219,68.21666666666667
4220,80.61666666666666
4221,89.3
4222,89.35
4223,88.71666666666667
4224,92.81666666666666
4225,87.86666666666666
4226,70.95
4227,75.15
4228,72.68333333333334
4229,90.18333333333334
4230,79.56666666666666
4231,88.03333333333333
4232,93.61666666666666
4233,59.3
4234,76.63333333333334
4235,79.8
4236,89.73333333333333
4237,89.21666666666667
4238,92.21666666666667
4239,94.76666666666667
4240,62.95
4241,75.08333333333333
4242,75.08333333333333
4243,77.31666666666666
4244,82.9
4245,86.26666666666667
4246,86.0
4247,59.86666666666667
4248,69.91666666666667
4249,80.96666666666667
4250,82.63333333333334
4251,87.31666666666666
4252,99.5
4253,103.96666666666667
4254,61.85
4255,82.85
4256,83.3
4257,94.36666666666666
4258,93.48333333333333
4259,97.23333333333333
4260,96.95
4261,64.18333333333334
4262,80.65
4263,79.11666666666666
4264,84.43333333333334
4265,88.86666666666666
4266,94.05
4267,101.36666666666666
4268,68.36666666666666
4269,79.9
4270,86.36666666666666
4271,94.5
4272,98.71666666666667
4273,96.63333333333334
4274,99.35
4275,61.81666666666667
4276,83.0
4277,82.96666666666667
4278,74.6
4279,67.36666666666666
4280,78.06666666666666
4281,77.46666666666667
4282,51.93333333333333
4283,56.38333333333333
4284,59.166666666666664
4285,49.95
4286,68.55
4287,69.7
4288,66.5
4289,47.03333333333333
4290,57.63333333333333
4291,63.65
4292,67.71666666666667
4293,66.11666666666666
4294,73.2
4295,72.23333333333333
4296,49.233333333333334
4297,60.7
4298,60.65
4299,50.38333333333333
4300,71.96666666666667
4301,75.31666666666666
4302,70.83333333333333
4303,47.96666666666667
4304,61.083333333333336
4305,62.0
4306,67.68333333333334
4307,67.78333333333333
4308,76.73333333333333
4309,73.06666666666666
4310,49.25
4311,56.666666666666664
4312,67.01666666666667
4313,51.5
4314,69.63333333333334
4315,71.95
4316,65.46666666666667
4317,42.266666666666666
4318,58.15
4319,59.983333333333334
4320,56.55
4321,62.65
4322,72.58333333333333
4323,73.08333333333333
4324,44.93333333333333
4325,57.46666666666667
4326,63.38333333333333
4327,61.916666666666664
4328,62.766666666666666
4329,68.35
4330,66.56666666666666
4331,43.61666666666667
4332,57.416666666666664
4333,54.766666666666666
4334,63.28333333333333
4335,65.98333333333333
4336,62.18333333333333
4337,68.93333333333334
4338,45.833333333333336
4339,57.43333333333333
4340,66.1
4341,66.41666666666667
4342,73.35
4343,69.5
4344,70.48333333333333
4345,52.85
4346,57.36666666666667
4347,58.85
4348,65.81666666666666
4349,65.93333333333334
4350,76.23333333333333
4351,77.85
4352,50.11666666666667
4353,61.1
4354,69.25
4355,59.766666666666666
4356,67.35
4357,72.05
4358,72.45
4359,48.7
4360,59.583333333333336
4361,62.016666666666666
4362,63.1
4363,65.35
4364,71.83333333333333
4365,71.96666666666667
4366,51.416666666666664
4367,58.583333333333336
4368,76.35
4369,87.15
4370,77.18333333333334
4371,82.0
4372,80.31666666666666
4373,59.7
4374,71.5
4375,73.33333333333333
4376,78.73333333333333
4377,84.65
4378,89.95
4379,82.58333333333333
4380,61.3
4381,69.33333333333333
4382,75.23333333333333
4383,80.95
4384,83.21666666666667
4385,90.8
4386,92.21666666666667
4387,56.516666666666666
4388,77.23333333333333
4389,73.03333333333333
4390,76.66666666666667
4391,77.21666666666667
4392,82.65
4393,85.95
4394,57.55
4395,68.5
4396,76.43333333333334
4397,83.96666666666667
4398,85.3
4399,93.85
4400,108.61666666666666
4401,78.16666666666667
4402,92.28333333333333
4403,84.26666666666667
4404,85.51666666666667
4405,96.48333333333333
4406,105.93333333333334
4407,102.16666666666667
4408,62.983333333333334
4409,85.43333333333334
4410,83.65
4411,86.68333333333334
4412,87.61666666666666
4413,100.45
4414,102.93333333333334
4415,69.53333333333333
4416,89.81666666666666
4417,90.48333333333333
4418,95.11666666666666
4419,95.03333333333333
4420,99.88333333333334
4421,98.08333333333333
4422,67.98333333333333
4423,86.96666666666667
4424,88.46666666666667
4425,87.5
4426,95.58333333333333
4427,99.13333333333334
4428,102.83333333333333
4429,66.23333333333333
4430,83.48333333333333
4431,95.61666666666666
4432,92.11666666666666
4433,103.28333333333333
4434,110.33333333333333
4435,107.95
4436,75.61666666666666
4437,91.03333333333333
4438,96.51666666666667
4439,93.35
4440,104.96666666666667
4441,103.55
4442,102.4
4443,67.65
4444,89.9
4445,89.7
4446,95.35
4447,115.13333333333334
4448,116.26666666666667
4449,107.7
4450,76.86666666666666
4451,91.35
4452,97.81666666666666
4453,100.93333333333334
4454,109.38333333333334
4455,113.15
4456,116.45
4457,75.56666666666666
4458,90.26666666666667
4459,98.31666666666666
4460,98.25
4461,108.75
4462,107.41666666666667
4463,110.43333333333334
4464,76.85
4465,89.95
4466,101.8
4467,104.48333333333333
4468,112.63333333333334
4469,113.4
4470,116.91666666666667
4471,75.3
4472,95.13333333333334
4473,99.08333333333333
4474,107.53333333333333
4475,123.31666666666666
4476,117.0
4477,117.2
4478,79.71666666666667
4479,99.0
4480,106.0
4481,111.9
4482,104.96666666666667
4483,114.73333333333333
4484,119.53333333333333
4485,75.36666666666666
4486,96.46666666666667
4487,98.0
4488,101.05
4489,111.65
4490,122.28333333333333
4491,113.45
4492,78.98333333333333
4493,100.75
4494,100.9
4495,106.55
4496,114.31666666666666
4497,113.4
4498,124.08333333333333
4499,78.5
4500,98.66666666666667
4501,109.45
4502,101.38333333333334
4503,110.98333333333333
4504,117.68333333333334
4505,118.45
4506,80.6
4507,94.13333333333334
4508,105.16666666666667
4509,112.25
4510,133.2
4511,128.6
4512,128.36666666666667
4513,87.3
4514,104.76666666666667
4515,106.5
4516,125.91666666666667
4517,120.83333333333333
4518,120.88333333333334
4519,121.78333333333333
4520,82.38333333333334
4521,97.95
4522,100.91666666666667
4523,111.33333333333333
4524,103.5
4525,107.38333333333334
4526,114.03333333333333
4527,65.63333333333334
4528,84.16666666666667
4529,89.45
4530,84.25
4531,104.33333333333333
4532,112.31666666666666
4533,104.8
4534,67.83333333333333
4535,88.78333333333333
4536,99.16666666666667
4537,95.98333333333333
4538,113.1
4539,109.28333333333333
4540,111.25
4541,77.95
4542,88.93333333333334
4543,94.01666666666667
4544,88.65
4545,104.48333333333333
4546,107.56666666666666
4547,103.85
4548,76.26666666666667
4549,85.76666666666667
4550,95.98333333333333
4551,93.65
4552,102.2
4553,107.93333333333334
4554,105.26666666666667
4555,71.08333333333333
4556,81.68333333333334
4557,89.55
4558,96.56666666666666
4559,95.46666666666667
4560,100.35
4561,102.03333333333333
4562,63.53333333333333
4563,82.8
4564,85.73333333333333
4565,88.11666666666666
4566,84.91666666666667
4567,95.6
4568,98.96666666666667
4569,65.9
4570,85.83333333333333
4571,88.41666666666667
4572,89.95
4573,91.03333333333333
4574,104.96666666666667
4575,95.11666666666666
4576,66.03333333333333
4577,82.63333333333334
4578,86.81666666666666
4579,92.95
4580,99.8
4581,97.15
4582,92.21666666666667
4583,65.25
4584,77.06666666666666
4585,79.98333333333333
4586,87.1
4587,82.83333333333333
4588,88.56666666666666
4589,87.5
4590,56.75
4591,78.15
4592,82.35
4593,86.0
4594,88.85
4595,84.98333333333333
4596,92.56666666666666
4597,64.71666666666667
4598,78.48333333333333
4599,80.31666666666666
4600,74.38333333333334
4601,97.15
4602,96.7
4603,93.68333333333334
4604,61.28333333333333
4605,75.46666666666667
4606,80.41666666666667
4607,80.0
4608,83.7
4609,97.43333333333334
4610,92.25
4611,64.28333333333333
4612,77.86666666666666
4613,84.31666666666666
4614,96.91666666666667
4615,94.63333333333334
4616,95.11666666666666
4617,109.93333333333334
4618,69.71666666666667
4619,87.71666666666667
4620,87.26666666666667
4621,94.76666666666667
4622,95.91666666666667
4623,101.0
4624,99.85
4625,63.68333333333333
4626,84.63333333333334
4627,87.18333333333334
4628,91.31666666666666
4629,87.53333333333333
4630,104.36666666666666
4631,112.28333333333333
4632,64.46666666666667
4633,86.85
4634,93.18333333333334
4635,106.06666666666666
4636,99.38333333333334
4637,105.01666666666667
4638,95.68333333333334
4639,71.46666666666667
4640,84.93333333333334
4641,86.65
4642,77.11666666666666
4643,85.11666666666666
4644,78.48333333333333
4645,83.31666666666666
4646,51.8
4647,63.71666666666667
4648,64.51666666666667
4649,71.43333333333334
4650,70.21666666666667
4651,67.83333333333333
4652,69.36666666666666
4653,48.38333333333333
4654,62.833333333333336
4655,70.26666666666667
4656,69.75
4657,82.9
4658,73.01666666666667
4659,72.73333333333333
4660,48.65
4661,57.06666666666667
4662,62.18333333333333
4663,55.7
4664,74.53333333333333
4665,73.53333333333333
4666,71.43333333333334
4667,51.8
4668,60.88333333333333
4669,66.78333333333333
4670,65.06666666666666
4671,62.0
4672,71.65
4673,74.5
4674,26.9
4675,5.183333333333334
4676,5.183333333333334
4677,4.85
4678,5.116666666666666
4679,6.666666666666667
4680,6.716666666666667
4681,5.233333333333333
4682,4.716666666666667
4683,4.666666666666667
4684,3.9833333333333334
4685,3.966666666666667
4686,6.3
4687,6.533333333333333
4688,5.233333333333333
4689,4.55
4690,4.533333333333333
4691,3.65
4692,3.816666666666667
4693,6.566666666666666
4694,7.016666666666667
4695,5.233333333333333
4696,4.983333333333333
4697,5.1
4698,4.116666666666666
4699,4.4
4700,7.05
4701,7.066666666666666
4702,5.383333333333334
4703,5.266666666666667
4704,5.466666666666667
4705,4.35
4706,4.616666666666666
4707,6.666666666666667
4708,6.716666666666667
4709,5.25
4710,4.916666666666667
4711,4.866666666666666
4712,4.05
4713,4.466666666666667
4714,6.783333333333333
4715,6.633333333333334
4716,5.25
4717,4.766666666666667
4718,4.716666666666667
4719,3.7666666666666666
4720,4.1
4721,6.816666666666666
4722,6.616666666666666
4723,5.3
4724,4.8
4725,4.933333333333334
4726,3.95
4727,4.233333333333333
4728,7.116666666666666
4729,6.933333333333334
4730,5.4
4731,5.05
4732,5.483333333333333
4733,4.35
4734,4.616666666666666
4735,6.7
4736,6.816666666666666
4737,5.283333333333333
4738,4.85
4739,4.883333333333334
4740,4.05
4741,4.466666666666667
4742,6.816666666666666
4743,6.733333333333333
4744,5.25
4745,4.7
4746,4.733333333333333
4747,3.7666666666666666
4748,4.1
4749,6.816666666666666
4750,6.616666666666666
4751,5.3
4752,4.816666666666666
4753,4.95
4754,3.95
4755,4.233333333333333
4756,7.116666666666666
4757,6.933333333333334
4758,5.4
4759,5.05
4760,5.483333333333333
4761,4.3
4762,4.583333333333333
4763,7.233333333333333
4764,3.9
4765,15.183333333333334
4766,12.383333333333333
4767,18.333333333333332
4768,27.233333333333334
4769,20.35
4770,22.233333333333334
4771,25.1
4772,27.516666666666666
4773,29.2
4774,27.616666666666667
4775,28.133333333333333
4776,22.35
4777,18.95
4778,16.0
4779,20.1
4780,22.533333333333335
4781,22.383333333333333
4782,27.033333333333335
4783,29.233333333333334
4784,17.383333333333333
4785,22.95
4786,22.133333333333333
4787,26.466666666666665
4788,28.583333333333332
4789,28.883333333333333
4790,27.633333333333333
4791,18.966666666666665
4792,21.283333333333335
4793,27.25
4794,30.25
4795,27.666666666666668
4796,31.433333333333334
4797,30.966666666666665
4798,20.75
4799,25.766666666666666
4800,27.15
4801,30.016666666666666
4802,32.4
4803,33.38333333333333
4804,30.383333333333333
4805,24.0
4806,26.833333333333332
4807,26.966666666666665
4808,30.466666666666665
4809,29.75
4810,32.733333333333334
4811,33.31666666666667
4812,23.983333333333334
4813,28.816666666666666
4814,28.333333333333332
4815,30.983333333333334
4816,33.5
4817,30.166666666666668
4818,30.616666666666667
4819,23.566666666666666
4820,28.516666666666666
4821,26.433333333333334
4822,29.466666666666665
4823,26.316666666666666
4824,34.1
4825,34.766666666666666
4826,27.9
4827,27.866666666666667
4828,27.8
4829,33.81666666666667
4830,34.7
4831,35.43333333333333
4832,37.78333333333333
4833,26.5
4834,30.266666666666666
4835,35.78333333333333
4836,33.916666666666664
4837,31.483333333333334
4838,38.45
4839,35.916666666666664
4840,30.433333333333334
4841,27.85
4842,34.86666666666667
4843,33.483333333333334
4844,35.88333333333333
4845,38.2
4846,39.28333333333333
4847,31.483333333333334
4848,28.7
4849,32.31666666666667
4850,33.95
4851,35.7
4852,35.6
4853,36.9
4854,27.15
4855,32.56666666666667
4856,36.21666666666667
4857,40.28333333333333
4858,43.233333333333334
4859,43.05
4860,40.13333333333333
4861,30.6
4862,34.45
4863,34.68333333333333
4864,42.96666666666667
4865,41.88333333333333
4866,43.96666666666667
4867,56.68333333333333
4868,37.5
4869,37.25
4870,36.516666666666666
4871,38.7
4872,44.25
4873,41.516666666666666
4874,42.31666666666667
4875,29.733333333333334
4876,33.55
4877,34.7
4878,42.03333333333333
4879,35.45
4880,44.21666666666667
4881,53.333333333333336
4882,33.78333333333333
4883,35.233333333333334
4884,40.78333333333333
4885,45.96666666666667
4886,48.25
4887,48.13333333333333
4888,48.166666666666664
4889,41.916666666666664
4890,39.18333333333333
4891,39.88333333333333
4892,40.583333333333336
4893,44.31666666666667
4894,47.233333333333334
4895,47.68333333333333
4896,35.4
4897,38.36666666666667
4898,42.15
4899,42.86666666666667
4900,42.06666666666667
4901,49.833333333333336
4902,49.9
4903,36.53333333333333
4904,38.38333333333333
4905,41.95
4906,42.45
4907,47.6
4908,47.766666666666666
4909,47.03333333333333
4910,36.9
4911,38.6
4912,39.3
4913,47.1
4914,40.25
4915,45.666666666666664
4916,39.43333333333333
4917,33.63333333333333
4918,39.28333333333333
4919,40.96666666666667
4920,47.13333333333333
4921,46.5
4922,49.15
4923,51.0
4924,35.666666666666664
4925,42.45
4926,43.4
4927,45.93333333333333
4928,45.11666666666667
4929,50.166666666666664
4930,49.61666666666667
4931,31.65
4932,40.53333333333333
4933,42.75
4934,41.5
4935,50.81666666666667
4936,50.3
4937,48.38333333333333
4938,30.133333333333333
4939,42.833333333333336
4940,49.21666666666667
4941,51.15
4942,52.21666666666667
4943,53.43333333333333
4944,48.4
4945,36.78333333333333
4946,42.81666666666667
4947,46.03333333333333
4948,52.516666666666666
4949,53.083333333333336
4950,52.416666666666664
4951,55.25
4952,43.43333333333333
4953,44.166666666666664
4954,44.75
4955,51.06666666666667
4956,52.03333333333333
4957,53.36666666666667
4958,53.56666666666667
4959,35.983333333333334
4960,46.86666666666667
4961,46.11666666666667
4962,45.05
4963,55.68333333333333
4964,56.2
4965,55.6
4966,37.9
4967,48.333333333333336
4968,48.86666666666667
4969,56.38333333333333
4970,51.78333333333333
4971,53.21666666666667
4972,53.81666666666667
4973,36.4
4974,45.916666666666664
4975,43.96666666666667
4976,40.2
4977,50.88333333333333
4978,50.46666666666667
4979,51.833333333333336
4980,33.05
4981,42.68333333333333
4982,44.666666666666664
4983,41.71666666666667
4984,52.0
4985,51.03333333333333
4986,47.61666666666667
4987,32.666666666666664
4988,38.56666666666667
4989,40.93333333333333
4990,41.766666666666666
4991,42.06666666666667
4992,36.5
4993,42.233333333333334
4994,27.0
4995,34.833333333333336
4996,41.55
4997,30.533333333333335
4998,48.3
4999,49.5
5000,43.016666666666666
5001,34.36666666666667
5002,37.96666666666667
5003,39.15
5004,48.35
5005,46.2
5006,48.15
5007,48.61666666666667
5008,37.38333333333333
5009,33.61666666666667
5010,41.38333333333333
5011,48.35
5012,43.983333333333334
5013,43.666666666666664
5014,43.233333333333334
5015,35.5
5016,36.46666666666667
5017,39.516666666666666
5018,49.166666666666664
5019,48.15
5020,47.55
5021,46.266666666666666
5022,35.6
5023,37.416666666666664
5024,39.766666666666666
5025,42.71666666666667
5026,40.86666666666667
5027,42.53333333333333
5028,44.2
5029,26.733333333333334
5030,36.166666666666664
5031,40.93333333333333
5032,41.56666666666667
5033,43.75
5034,47.03333333333333
5035,42.81666666666667
5036,31.616666666666667
5037,34.11666666666667
5038,39.016666666666666
5039,47.46666666666667
5040,40.766666666666666
5041,40.35
5042,41.61666666666667
5043,27.65
5044,34.3
5045,33.28333333333333
5046,37.06666666666667
5047,35.86666666666667
5048,47.8
5049,41.1
5050,26.233333333333334
5051,30.033333333333335
5052,33.6
5053,33.9
5054,35.35
5055,38.666666666666664
5056,36.18333333333333
5057,28.483333333333334
5058,33.733333333333334
5059,34.8
5060,33.983333333333334
5061,36.53333333333333
5062,40.81666666666667
5063,41.38333333333333
5064,33.483333333333334
5065,29.733333333333334
5066,38.083333333333336
5067,34.2
5068,43.95
5069,42.516666666666666
5070,38.63333333333333
5071,32.833333333333336
5072,36.333333333333336
5073,37.5
5074,48.53333333333333
5075,41.21666666666667
5076,40.416666666666664
5077,39.1
5078,31.716666666666665
5079,33.71666666666667
5080,35.45
5081,39.483333333333334
5082,37.916666666666664
5083,42.46666666666667
5084,44.2
5085,30.366666666666667
5086,34.2
5087,38.483333333333334
5088,40.916666666666664
5089,44.75
5090,48.0
5091,50.733333333333334
5092,31.283333333333335
5093,39.93333333333333
5094,40.083333333333336
5095,43.35
5096,40.63333333333333
5097,43.583333333333336
5098,38.016666666666666
5099,25.833333333333332
5100,32.45
5101,29.716666666666665
5102,33.06666666666667
5103,30.166666666666668
5104,28.866666666666667
5105,29.933333333333334
5106,25.4
5107,21.783333333333335
5108,26.483333333333334
5109,35.46666666666667
5110,33.666666666666664
5111,36.416666666666664
5112,36.166666666666664
5113,28.65
5114,30.6
5115,32.35
5116,34.666666666666664
5117,34.88333333333333
5118,38.13333333333333
5119,36.78333333333333
5120,26.483333333333334
5121,31.733333333333334
5122,29.716666666666665
5123,31.933333333333334
5124,30.766666666666666
5125,30.166666666666668
5126,26.5
5127,24.283333333333335
5128,23.583333333333332
5129,25.3
5130,28.366666666666667
5131,33.516666666666666
5132,31.866666666666667
5133,34.833333333333336
5134,25.283333333333335
5135,29.583333333333332
5136,30.2
5137,32.75
5138,33.416666666666664
5139,30.616666666666667
5140,29.233333333333334
5141,22.0
5142,27.516666666666666
5143,28.666666666666668
5144,27.65
5145,28.633333333333333
5146,27.383333333333333
5147,31.266666666666666
5148,20.933333333333334
5149,25.166666666666668
5150,25.883333333333333
5151,28.65
5152,28.366666666666667
5153,30.7
5154,30.783333333333335
5155,21.466666666666665
5156,26.666666666666668
5157,29.516666666666666
5158,31.183333333333334
5159,33.516666666666666
5160,37.13333333333333
5161,40.95
5162,27.083333333333332
5163,31.25
5164,31.966666666666665
5165,38.38333333333333
5166,33.916666666666664
5167,39.666666666666664
5168,34.55
5169,25.366666666666667
5170,29.216666666666665
5171,32.35
5172,27.933333333333334
5173,30.166666666666668
5174,42.3
5175,34.2
5176,26.833333333333332
5177,30.95
5178,31.25
5179,28.933333333333334
5180,38.05
5181,37.916666666666664
5182,38.86666666666667
5183,29.466666666666665
5184,30.15
5185,30.6
5186,37.06666666666667
5187,40.18333333333333
5188,39.416666666666664
5189,42.5
5190,27.133333333333333
5191,37.05
5192,34.75
5193,39.68333333333333
5194,42.43333333333333
5195,52.4
5196,43.38333333333333
5197,32.11666666666667
5198,36.483333333333334
5199,38.8
5200,45.06666666666667
5201,34.38333333333333
5202,40.6
5203,43.166666666666664
5204,27.783333333333335
5205,31.916666666666668
5206,36.13333333333333
5207,32.06666666666667
5208,39.916666666666664
5209,41.333333333333336
5210,41.15
5211,32.666666666666664
5212,35.2
5213,36.38333333333333
5214,39.03333333333333
5215,40.016666666666666
5216,39.6
5217,43.666666666666664
5218,29.2
5219,35.28333333333333
5220,46.483333333333334
5221,55.95
5222,48.71666666666667
5223,49.583333333333336
5224,50.85
5225,36.016666666666666
5226,39.666666666666664
5227,34.65
5228,45.233333333333334
5229,46.85
5230,50.1
5231,49.68333333333333
5232,32.833333333333336
5233,42.016666666666666
5234,45.25
5235,46.88333333333333
5236,41.9
5237,50.5
5238,51.65
5239,34.13333333333333
5240,37.95
5241,41.45
5242,37.88333333333333
5243,39.416666666666664
5244,44.85
5245,49.2
5246,33.05
5247,38.11666666666667
5248,43.71666666666667
5249,46.6
5250,55.766666666666666
5251,52.483333333333334
5252,52.983333333333334
5253,36.06666666666667
5254,45.2
5255,44.666666666666664
5256,50.46666666666667
5257,41.3
5258,48.666666666666664
5259,48.333333333333336
5260,30.416666666666668
5261,43.9
5262,49.416666666666664
5263,53.833333333333336
5264,50.45
5265,53.65
5266,50.733333333333334
5267,37.3
5268,46.36666666666667
5269,48.8
5270,46.516666666666666
5271,45.166666666666664
5272,52.8
5273,53.28333333333333
5274,34.266666666666666
5275,42.266666666666666
5276,45.31666666666667
5277,44.93333333333333
5278,49.03333333333333
5279,53.96666666666667
5280,54.03333333333333
5281,39.233333333333334
5282,45.88333333333333
5283,45.95
5284,42.61666666666667
5285,52.766666666666666
5286,49.56666666666667
5287,54.983333333333334
5288,36.983333333333334
5289,48.35
5290,47.35
5291,53.983333333333334
5292,53.166666666666664
5293,61.15
5294,53.45
5295,39.6
5296,45.71666666666667
5297,51.733333333333334
5298,41.21666666666667
5299,46.766666666666666
5300,51.5
5301,53.18333333333333
5302,35.3
5303,41.68333333333333
5304,46.266666666666666
5305,39.45
5306,54.516666666666666
5307,48.65
5308,53.766666666666666
5309,35.21666666666667
5310,44.4
5311,48.0
5312,53.083333333333336
5313,63.03333333333333
5314,57.55
5315,63.15
5316,43.21666666666667
5317,53.983333333333334
5318,58.6
5319,61.78333333333333
5320,52.96666666666667
5321,59.46666666666667
5322,65.51666666666667
5323,40.3
5324,53.266666666666666
5325,51.233333333333334
5326,51.0
5327,58.733333333333334
5328,64.68333333333334
5329,76.75
5330,44.68333333333333
5331,56.28333333333333
5332,56.68333333333333
5333,52.65
5334,57.7
5335,67.06666666666666
5336,68.36666666666666
5337,42.9
5338,51.25
5339,53.88333333333333
5340,56.45
5341,58.766666666666666
5342,51.53333333333333
5343,56.166666666666664
5344,37.7
5345,42.86666666666667
5346,51.28333333333333
5347,53.11666666666667
5348,55.65
5349,57.81666666666667
5350,53.86666666666667
5351,38.733333333333334
5352,42.85
5353,48.083333333333336
5354,45.916666666666664
5355,53.95
5356,54.766666666666666
5357,58.96666666666667
5358,38.36666666666667
5359,48.333333333333336
5360,51.45
5361,50.583333333333336
5362,50.45
5363,56.78333333333333
5364,54.36666666666667
5365,39.583333333333336
5366,43.45
5367,48.56666666666667
5368,44.15
5369,49.93333333333333
5370,56.61666666666667
5371,64.23333333333333
5372,36.516666666666666
5373,43.266666666666666
5374,49.86666666666667
5375,41.36666666666667
5376,48.61666666666667
5377,48.13333333333333
5378,48.21666666666667
5379,28.966666666666665
5380,33.36666666666667
5381,42.416666666666664
5382,50.1
5383,49.68333333333333
5384,48.18333333333333
5385,50.11666666666667
5386,36.25
5387,44.1
5388,42.36666666666667
5389,47.38333333333333
5390,45.06666666666667
5391,50.9
5392,49.5
5393,32.483333333333334
5394,38.96666666666667
5395,40.25
5396,42.016666666666666
5397,46.25
5398,47.81666666666667
5399,48.56666666666667
5400,33.6
5401,40.11666666666667
5402,39.45
5403,40.03333333333333
5404,41.6
5405,46.4
5406,49.38333333333333
5407,33.93333333333333
5408,36.5
5409,41.88333333333333
5410,34.45
5411,44.333333333333336
5412,49.93333333333333
5413,49.31666666666667
5414,31.816666666666666
5415,40.0
5416,39.43333333333333
5417,44.45
5418,43.85
5419,45.78333333333333
5420,46.63333333333333
5421,33.016666666666666
5422,38.2
5423,41.233333333333334
5424,41.63333333333333
5425,46.63333333333333
5426,49.65
5427,50.2
5428,38.93333333333333
5429,35.9
5430,40.733333333333334
5431,44.56666666666667
5432,41.63333333333333
5433,49.15
5434,49.45
5435,31.5
5436,40.85
5437,48.21666666666667
5438,45.96666666666667
5439,46.88333333333333
5440,49.4
5441,45.916666666666664
5442,33.166666666666664
5443,41.81666666666667
5444,45.5
5445,59.266666666666666
5446,53.516666666666666
5447,46.68333333333333
5448,53.7
5449,37.0
5450,44.36666666666667
5451,42.15
5452,52.516666666666666
5453,57.31666666666667
5454,55.28333333333333
5455,56.61666666666667
5456,38.35
5457,43.95
5458,47.13333333333333
5459,51.5
5460,47.63333333333333
5461,48.61666666666667
5462,49.15
5463,30.533333333333335
5464,31.9
5465,37.93333333333333
5466,43.46666666666667
5467,40.65
5468,40.6
5469,37.266666666666666
5470,26.283333333333335
5471,28.3
5472,32.75
5473,30.316666666666666
5474,33.05
5475,33.18333333333333
5476,34.483333333333334
5477,20.1
5478,27.666666666666668
5479,29.05
5480,26.916666666666668
5481,31.016666666666666
5482,34.016666666666666
5483,34.583333333333336
5484,23.1
5485,31.433333333333334
5486,28.616666666666667
5487,31.4
5488,36.3
5489,39.03333333333333
5490,35.53333333333333
5491,28.25
5492,27.483333333333334
5493,34.43333333333333
5494,37.21666666666667
5495,34.45
5496,32.916666666666664
5497,36.86666666666667
5498,24.833333333333332
5499,30.483333333333334
5500,30.133333333333333
5501,31.516666666666666
5502,36.81666666666667
5503,31.95
5504,31.933333333333334
5505,23.666666666666668
5506,25.066666666666666
5507,24.083333333333332
5508,27.1
5509,30.283333333333335
5510,31.883333333333333
5511,31.583333333333332
5512,22.216666666666665
5513,30.15
5514,29.166666666666668
5515,29.783333333333335
5516,30.683333333333334
5517,30.366666666666667
5518,30.45
5519,21.65
5520,26.333333333333332
5521,29.9
5522,34.333333333333336
5523,34.28333333333333
5524,37.0
5525,35.766666666666666
5526,22.566666666666666
5527,31.983333333333334
5528,31.766666666666666
5529,35.88333333333333
5530,36.11666666666667
5531,39.93333333333333
5532,39.75
5533,25.933333333333334
5534,32.56666666666667
5535,33.46666666666667
5536,33.016666666666666
5537,37.21666666666667
5538,40.3
5539,35.416666666666664
5540,26.516666666666666
5541,30.033333333333335
5542,31.4
5543,35.96666666666667
5544,30.833333333333332
5545,42.56666666666667
5546,40.88333333333333
5547,28.8
5548,32.21666666666667
5549,34.233333333333334
5550,29.933333333333334
5551,30.95
5552,34.81666666666667
5553,35.983333333333334
5554,23.216666666666665
5555,33.05
5556,39.55
5557,34.0
5558,39.46666666666667
5559,41.9
5560,42.61666666666667
5561,33.81666666666667
5562,43.93333333333333
5563,33.483333333333334
5564,31.133333333333333
5565,37.3
5566,42.166666666666664
5567,40.78333333333333
5568,27.666666666666668
5569,34.45
5570,36.916666666666664
5571,41.2
5572,39.916666666666664
5573,40.61666666666667
5574,42.63333333333333
5575,27.783333333333335
5576,36.15
5577,36.8
5578,37.35
5579,38.3
5580,42.96666666666667
5581,45.983333333333334
5582,29.566666666666666
5583,35.55
5584,42.68333333333333
5585,41.88333333333333
5586,40.666666666666664
5587,50.45
5588,51.61666666666667
5589,32.416666666666664
5590,39.5
5591,43.7
5592,58.36666666666667
5593,46.083333333333336
5594,54.03333333333333
5595,63.68333333333333
5596,39.85
5597,47.11666666666667
5598,48.233333333333334
5599,41.516666666666666
5600,47.95
5601,56.81666666666667
5602,49.983333333333334
5603,34.7
5604,45.05
5605,47.46666666666667
5606,54.43333333333333
5607,49.71666666666667
5608,54.833333333333336
5609,53.016666666666666
5610,40.35
5611,46.166666666666664
5612,46.416666666666664
5613,44.95
5614,46.63333333333333
5615,50.266666666666666
5616,53.25
5617,33.333333333333336
5618,38.833333333333336
5619,47.583333333333336
5620,39.416666666666664
5621,56.65
5622,54.7
5623,53.35
5624,39.416666666666664
5625,44.083333333333336
5626,52.75
5627,54.833333333333336
5628,49.0
5629,61.55
5630,63.65
5631,39.25
5632,47.266666666666666
5633,51.766666666666666
5634,61.36666666666667
5635,53.81666666666667
5636,58.5
5637,54.61666666666667
5638,35.88333333333333
5639,48.86666666666667
5640,48.65
5641,43.93333333333333
5642,44.53333333333333
5643,59.53333333333333
5644,52.56666666666667
5645,37.03333333333333
5646,47.15
5647,47.5
5648,43.21666666666667
5649,56.85
5650,59.43333333333333
5651,64.91666666666667
5652,40.6
5653,50.93333333333333
5654,48.13333333333333
5655,47.516666666666666
5656,57.21666666666667
5657,56.483333333333334
5658,59.666666666666664
5659,39.3
5660,47.43333333333333
5661,51.583333333333336
5662,55.583333333333336
5663,53.88333333333333
5664,56.8
5665,57.78333333333333
5666,38.516666666666666
5667,46.93333333333333
5668,49.53333333333333
5669,49.86666666666667
5670,56.38333333333333
5671,61.266666666666666
5672,63.18333333333333
5673,38.583333333333336
5674,48.55
5675,52.03333333333333
5676,54.016666666666666
5677,60.71666666666667
5678,68.45
5679,68.33333333333333
5680,46.11666666666667
5681,56.2
5682,55.2
5683,55.333333333333336
5684,63.03333333333333
5685,67.8
5686,64.5
5687,48.483333333333334
5688,47.13333333333333
5689,54.13333333333333
5690,59.06666666666667
5691,53.88333333333333
5692,64.23333333333333
5693,62.5
5694,40.416666666666664
5695,49.53333333333333
5696,54.05
5697,63.0
5698,67.33333333333333
5699,71.28333333333333
5700,65.3
5701,45.18333333333333
5702,56.46666666666667
5703,57.9
5704,60.766666666666666
5705,58.766666666666666
5706,62.3
5707,63.5
5708,38.733333333333334
5709,52.4
5710,51.516666666666666
5711,57.4
5712,52.05
5713,55.86666666666667
5714,57.81666666666667
5715,40.18333333333333
5716,49.68333333333333
5717,50.916666666666664
5718,51.03333333333333
5719,54.03333333333333
5720,59.35
5721,61.31666666666667
5722,41.35
5723,45.416666666666664
5724,53.11666666666667
5725,52.56666666666667
5726,53.0
5727,57.88333333333333
5728,60.9
5729,38.983333333333334
5730,49.65
5731,49.18333333333333
5732,48.6
5733,52.916666666666664
5734,60.35
5735,55.63333333333333
5736,37.45
5737,43.06666666666667
5738,48.93333333333333
5739,43.86666666666667
5740,46.733333333333334
5741,52.416666666666664
5742,51.36666666666667
5743,32.86666666666667
5744,40.86666666666667
5745,44.95
5746,35.0
5747,51.28333333333333
5748,52.86666666666667
5749,52.5
5750,35.7
5751,42.96666666666667
5752,48.28333333333333
5753,44.916666666666664
5754,55.75
5755,58.45
5756,62.55
5757,37.666666666666664
5758,48.45
5759,52.766666666666666
5760,59.78333333333333
5761,58.916666666666664
5762,57.43333333333333
5763,52.78333333333333
5764,38.15
5765,50.233333333333334
5766,47.85
5767,51.833333333333336
5768,44.516666666666666
5769,52.8
5770,48.63333333333333
5771,30.816666666666666
5772,35.916666666666664
5773,43.4
5774,41.55
5775,47.53333333333333
5776,48.78333333333333
5777,50.28333333333333
5778,30.783333333333335
5779,45.983333333333334
5780,47.85
5781,44.4
5782,53.766666666666666
5783,52.766666666666666
5784,53.2
5785,37.05
5786,42.166666666666664
5787,47.21666666666667
5788,52.083333333333336
5789,51.13333333333333
5790,52.78333333333333
5791,51.166666666666664
5792,33.96666666666667
5793,45.916666666666664
5794,43.85
5795,46.46666666666667
5796,47.166666666666664
5797,51.05
5798,46.78333333333333
5799,36.1
5800,42.6
5801,41.43333333333333
5802,35.93333333333333
5803,45.05
5804,49.06666666666667
5805,53.65
5806,33.06666666666667
5807,43.333333333333336
5808,44.833333333333336
5809,42.25
5810,58.31666666666667
5811,60.75
5812,58.85
5813,38.416666666666664
5814,46.31666666666667
5815,51.166666666666664
5816,53.45
5817,52.18333333333333
5818,50.083333333333336
5819,49.05
5820,36.18333333333333
5821,45.9
5822,47.516666666666666
5823,50.083333333333336
5824,51.55
5825,51.05
5826,53.75
5827,38.8
5828,38.25
5829,37.75
5830,47.2
5831,41.25
5832,42.68333333333333
5833,42.11666666666667
5834,29.866666666666667
5835,35.416666666666664
5836,39.46666666666667
5837,41.25
5838,38.95
5839,37.28333333333333
5840,38.21666666666667
5841,24.583333333333332
5842,27.233333333333334
5843,30.816666666666666
5844,44.416666666666664
5845,39.733333333333334
5846,38.61666666666667
5847,39.86666666666667
5848,26.016666666666666
5849,35.28333333333333
5850,29.066666666666666
5851,30.016666666666666
5852,34.266666666666666
5853,36.5
5854,36.75
5855,27.0
5856,30.616666666666667
5857,34.36666666666667
5858,41.016666666666666
5859,38.88333333333333
5860,34.05
5861,42.38333333333333
5862,25.733333333333334
5863,40.06666666666667
5864,37.18333333333333
5865,34.916666666666664
5866,36.8
5867,35.11666666666667
5868,39.03333333333333
5869,27.283333333333335
5870,28.35
5871,31.9
5872,34.05
5873,32.75
5874,37.65
5875,34.03333333333333
5876,29.0
5877,29.6
5878,30.166666666666668
5879,28.5
5880,35.766666666666666
5881,36.35
5882,38.733333333333334
5883,27.683333333333334
5884,31.216666666666665
5885,34.36666666666667
5886,36.1
5887,39.86666666666667
5888,38.53333333333333
5889,39.65
5890,29.383333333333333
5891,33.516666666666666
5892,32.65
5893,39.016666666666666
5894,39.166666666666664
5895,41.916666666666664
5896,42.483333333333334
5897,28.783333333333335
5898,37.9
5899,36.75
5900,38.916666666666664
5901,40.81666666666667
5902,43.266666666666666
5903,45.88333333333333
5904,29.7
5905,39.9
5906,39.78333333333333
5907,33.9
5908,32.88333333333333
5909,41.56666666666667
5910,39.36666666666667
5911,28.183333333333334
5912,38.75
5913,42.2
5914,39.7
5915,35.06666666666667
5916,40.93333333333333
5917,42.05
5918,30.083333333333332
5919,36.56666666666667
5920,40.766666666666666
5921,45.516666666666666
5922,49.2
5923,52.31666666666667
5924,52.21666666666667
5925,32.85
5926,42.333333333333336
5927,41.0
5928,41.65
5929,50.766666666666666
5930,45.2
5931,47.083333333333336
5932,31.8
5933,35.333333333333336
5934,42.516666666666666
5935,40.78333333333333
5936,38.95
5937,46.083333333333336
5938,43.733333333333334
5939,31.733333333333334
5940,41.11666666666667
5941,43.28333333333333
5942,47.016666666666666
5943,39.75
5944,47.166666666666664
5945,50.55
5946,33.2
5947,42.88333333333333
5948,41.916666666666664
5949,41.75
5950,41.983333333333334
5951,60.233333333333334
5952,54.583333333333336
5953,36.21666666666667
5954,46.65
5955,46.61666666666667
5956,48.6
5957,46.71666666666667
5958,54.05
5959,49.35
5960,36.6
5961,43.516666666666666
5962,44.68333333333333
5963,37.9
5964,59.916666666666664
5965,58.18333333333333
5966,62.416666666666664
5967,37.266666666666666
5968,45.06666666666667
5969,52.583333333333336
5970,53.61666666666667
5971,54.3
5972,53.766666666666666
5973,66.2
5974,38.483333333333334
5975,51.9
5976,52.333333333333336
5977,50.28333333333333
5978,52.45
5979,59.916666666666664
5980,58.1
5981,40.88333333333333
5982,47.68333333333333
5983,53.36666666666667
5984,54.81666666666667
5985,60.483333333333334
5986,58.21666666666667
5987,61.416666666666664
5988,38.733333333333334
5989,47.916666666666664
5990,54.21666666666667
5991,57.28333333333333
5992,55.05
5993,65.86666666666666
5994,58.833333333333336
5995,39.96666666666667
5996,49.65
5997,53.6
5998,54.11666666666667
5999,51.61666666666667
6000,63.083333333333336
6001,63.45
6002,39.86666666666667
6003,47.416666666666664
6004,52.28333333333333
6005,52.233333333333334
6006,57.71666666666667
6007,58.88333333333333
6008,64.56666666666666
6009,40.21666666666667
6010,57.583333333333336
6011,58.93333333333333
6012,62.78333333333333
6013,59.166666666666664
6014,61.25
6015,61.31666666666667
6016,42.3
6017,48.666666666666664
6018,56.8
6019,53.31666666666667
6020,62.75
6021,62.8
6022,64.11666666666666
6023,41.93333333333333
6024,54.61666666666667
6025,54.28333333333333
6026,64.98333333333333
6027,58.43333333333333
6028,64.95
6029,62.416666666666664
6030,41.35
6031,52.11666666666667
6032,55.36666666666667
6033,50.6
6034,72.45
6035,64.33333333333333
6036,59.35
6037,44.4
6038,56.43333333333333
6039,56.5
6040,66.01666666666667
6041,66.86666666666666
6042,88.85
6043,68.91666666666667
6044,49.05
6045,56.71666666666667
6046,60.833333333333336
6047,64.25
6048,68.21666666666667
6049,71.0
6050,70.46666666666667
6051,50.56666666666667
6052,60.766666666666666
6053,64.68333333333334
6054,71.51666666666667
6055,65.88333333333334
6056,76.45
6057,71.43333333333334
6058,48.93333333333333
6059,56.36666666666667
6060,61.06666666666667
6061,64.05
6062,59.733333333333334
6063,65.41666666666667
6064,77.41666666666667
6065,46.733333333333334
6066,56.61666666666667
6067,55.88333333333333
6068,49.733333333333334
6069,69.48333333333333
6070,70.21666666666667
6071,70.15
6072,44.61666666666667
6073,57.86666666666667
6074,59.13333333333333
6075,63.21666666666667
6076,53.166666666666664
6077,58.28333333333333
6078,58.45
6079,42.21666666666667
6080,57.6
6081,50.7
6082,44.96666666666667
6083,59.3
6084,62.916666666666664
6085,66.28333333333333
6086,41.61666666666667
6087,49.516666666666666
6088,55.93333333333333
6089,50.45
6090,56.63333333333333
6091,56.53333333333333
6092,64.85
6093,41.25
6094,52.983333333333334
6095,53.233333333333334
6096,54.483333333333334
6097,60.81666666666667
6098,58.833333333333336
6099,58.86666666666667
6100,42.6
6101,50.3
6102,52.56666666666667
6103,59.03333333333333
6104,50.96666666666667
6105,57.7
6106,64.38333333333334
6107,42.583333333333336
6108,43.833333333333336
6109,47.016666666666666
6110,56.55
6111,54.31666666666667
6112,63.68333333333333
6113,57.96666666666667
6114,39.28333333333333
6115,46.9
6116,51.016666666666666
6117,53.833333333333336
6118,53.85
6119,62.9
6120,58.28333333333333
6121,40.21666666666667
6122,49.3
6123,50.36666666666667
6124,48.11666666666667
6125,47.266666666666666
6126,59.916666666666664
6127,56.45
6128,40.36666666666667
6129,48.483333333333334
6130,49.11666666666667
6131,43.31666666666667
6132,55.46666666666667
6133,55.583333333333336
6134,54.983333333333334
6135,34.03333333333333
6136,44.3
6137,45.983333333333334
6138,48.68333333333333
6139,48.65
6140,53.55
6141,57.36666666666667
6142,36.4
6143,45.61666666666667
6144,55.15
6145,62.95
6146,62.53333333333333
6147,60.06666666666667
6148,55.516666666666666
6149,39.9
6150,49.65
6151,48.45
6152,53.93333333333333
6153,54.733333333333334
6154,59.15
6155,55.63333333333333
6156,35.95
6157,41.81666666666667
6158,51.45
6159,63.63333333333333
6160,54.2
6161,54.233333333333334
6162,59.833333333333336
6163,38.333333333333336
6164,48.96666666666667
6165,44.93333333333333
6166,51.2
6167,57.61666666666667
6168,57.43333333333333
6169,57.88333333333333
6170,37.833333333333336
6171,46.8
6172,50.95
6173,49.2
6174,53.18333333333333
6175,57.18333333333333
6176,53.1
6177,37.733333333333334
6178,41.483333333333334
6179,46.78333333333333
6180,51.7
6181,58.733333333333334
6182,53.0
6183,55.233333333333334
6184,43.833333333333336
6185,45.483333333333334
6186,48.63333333333333
6187,53.96666666666667
6188,49.583333333333336
6189,52.583333333333336
6190,54.083333333333336
6191,35.516666666666666
6192,46.56666666666667
6193,47.18333333333333
6194,45.016666666666666
6195,38.03333333333333
6196,45.9
6197,38.583333333333336
6198,31.016666666666666
6199,33.63333333333333
6200,35.8
6201,32.0
6202,42.61666666666667
6203,41.55
6204,41.916666666666664
6205,26.383333333333333
6206,35.166666666666664
6207,36.8
6208,38.916666666666664
6209,38.13333333333333
6210,38.11666666666667
6211,38.35
6212,26.75
6213,31.9
6214,37.416666666666664
6215,36.56666666666667
6216,41.65
6217,43.7
6218,44.416666666666664
6219,31.033333333333335
6220,34.666666666666664
6221,38.8
6222,42.65
6223,34.75
6224,42.666666666666664
6225,41.016666666666666
6226,27.866666666666667
6227,37.06666666666667
6228,33.35
6229,35.733333333333334
6230,39.516666666666666
6231,39.016666666666666
6232,37.05
6233,28.433333333333334
6234,35.25
6235,37.68333333333333
6236,41.96666666666667
6237,44.0
6238,38.65
6239,40.15
6240,30.3
6241,33.016666666666666
6242,32.983333333333334
6243,30.8
6244,38.53333333333333
6245,36.31666666666667
6246,36.7
6247,26.766666666666666
6248,28.016666666666666
6249,30.75
6250,31.516666666666666
6251,34.96666666666667
6252,33.03333333333333
6253,37.2
6254,21.15
6255,30.216666666666665
6256,32.46666666666667
6257,30.816666666666666
6258,45.3
6259,46.88333333333333
6260,44.266666666666666
6261,29.9
6262,35.583333333333336
6263,41.06666666666667
6264,42.666666666666664
6265,35.65
6266,39.36666666666667
6267,42.6
6268,26.333333333333332
6269,36.083333333333336
6270,40.15
6271,37.81666666666667
6272,44.85
6273,46.233333333333334
6274,49.166666666666664
6275,32.63333333333333
6276,41.88333333333333
6277,42.61666666666667
6278,45.666666666666664
6279,43.333333333333336
6280,45.05
6281,46.81666666666667
6282,31.716666666666665
6283,38.03333333333333
6284,42.71666666666667
6285,41.71666666666667
6286,42.15
6287,48.766666666666666
6288,49.483333333333334
6289,30.383333333333333
6290,40.61666666666667
6291,39.483333333333334
6292,47.78333333333333
6293,41.55
6294,49.81666666666667
6295,52.516666666666666
6296,35.3
6297,38.21666666666667
6298,41.71666666666667
6299,41.916666666666664
6300,45.1
6301,48.71666666666667
6302,49.766666666666666
6303,30.166666666666668
6304,42.2
6305,43.86666666666667
6306,42.65
6307,51.28333333333333
6308,49.45
6309,54.15
6310,37.583333333333336
6311,42.78333333333333
6312,45.78333333333333
6313,41.666666666666664
6314,51.7
6315,50.166666666666664
6316,61.96666666666667
6317,37.416666666666664
6318,47.7
6319,50.68333333333333
6320,52.28333333333333
6321,52.75
6322,55.666666666666664
6323,56.36666666666667
6324,29.733333333333334
6325,44.06666666666667
6326,49.61666666666667
6327,47.36666666666667
6328,46.93333333333333
6329,53.53333333333333
6330,54.266666666666666
6331,37.85
6332,46.71666666666667
6333,47.13333333333333
6334,45.93333333333333
6335,53.18333333333333
6336,55.583333333333336
6337,59.13333333333333
6338,37.983333333333334
6339,47.5
6340,50.7
6341,56.766666666666666
6342,61.11666666666667
6343,56.166666666666664
6344,65.61666666666666
6345,40.766666666666666
6346,51.983333333333334
6347,54.766666666666666
6348,47.333333333333336
6349,62.9
6350,59.53333333333333
6351,65.01666666666667
6352,41.11666666666667
6353,47.43333333333333
6354,58.016666666666666
6355,56.416666666666664
6356,58.583333333333336
6357,59.6
6358,71.45
6359,41.266666666666666
6360,52.53333333333333
6361,59.18333333333333
6362,61.916666666666664
6363,58.93333333333333
6364,60.9
6365,65.05
6366,42.766666666666666
6367,53.8
6368,53.083333333333336
6369,57.516666666666666
6370,61.36666666666667
6371,59.166666666666664
6372,61.416666666666664
6373,41.1
6374,51.96666666666667
6375,55.18333333333333
6376,61.55
6377,68.65
6378,63.2
6379,67.36666666666666
6380,48.28333333333333
6381,52.9
6382,59.36666666666667
6383,64.11666666666666
6384,62.95
6385,60.31666666666667
6386,61.95
6387,43.96666666666667
6388,50.21666666666667
6389,57.56666666666667
6390,60.7
6391,60.18333333333333
6392,61.81666666666667
6393,62.45
6394,45.71666666666667
6395,52.45
6396,58.583333333333336
6397,58.86666666666667
6398,71.03333333333333
6399,74.9
6400,76.58333333333333
6401,45.63333333333333
6402,57.03333333333333
6403,61.983333333333334
6404,62.88333333333333
6405,68.21666666666667
6406,72.0
6407,83.71666666666667
6408,50.81666666666667
6409,64.55
6410,62.53333333333333
6411,68.0
6412,66.06666666666666
6413,68.28333333333333
6414,68.56666666666666
6415,47.3
6416,59.56666666666667
6417,62.13333333333333
6418,71.26666666666667
6419,65.85
6420,68.7
6421,70.53333333333333
6422,48.65
6423,57.18333333333333
6424,62.983333333333334
6425,62.266666666666666
6426,57.233333333333334
6427,69.45
6428,67.18333333333334
6429,47.25
6430,57.63333333333333
6431,58.31666666666667
6432,59.05
6433,69.16666666666667
6434,71.61666666666666
6435,77.23333333333333
6436,46.68333333333333
6437,62.03333333333333
6438,60.6
6439,58.2
6440,61.15
6441,61.983333333333334
6442,69.1
6443,43.81666666666667
6444,46.8
6445,55.333333333333336
6446,53.88333333333333
6447,59.666666666666664
6448,65.28333333333333
6449,70.71666666666667
6450,44.5
6451,55.56666666666667
6452,65.15
6453,52.666666666666664
6454,65.13333333333334
6455,61.46666666666667
6456,70.6
6457,46.28333333333333
6458,50.7
6459,54.333333333333336
6460,64.1
6461,64.71666666666667
6462,67.0
6463,65.93333333333334
6464,40.86666666666667
6465,59.78333333333333
6466,53.68333333333333
6467,51.15
6468,61.65
6469,58.75
6470,70.66666666666667
6471,39.68333333333333
6472,48.833333333333336
6473,49.416666666666664
6474,59.03333333333333
6475,52.1
6476,59.4
6477,56.06666666666667
6478,39.083333333333336
6479,43.9
6480,48.9
6481,58.333333333333336
6482,53.46666666666667
6483,59.71666666666667
6484,62.11666666666667
6485,40.75
6486,51.983333333333334
6487,57.166666666666664
6488,54.13333333333333
6489,57.266666666666666
6490,60.53333333333333
6491,56.28333333333333
6492,38.9
6493,44.7
6494,48.416666666666664
6495,54.266666666666666
6496,55.766666666666666
6497,60.233333333333334
6498,58.63333333333333
6499,41.35
6500,51.05
6501,49.28333333333333
6502,48.75
6503,55.35
6504,53.55
6505,48.0
6506,36.78333333333333
6507,39.46666666666667
6508,43.75
6509,49.1
6510,49.11666666666667
6511,52.583333333333336
6512,59.18333333333333
6513,36.266666666666666
6514,47.3
6515,47.78333333333333
6516,52.78333333333333
6517,51.7
6518,54.983333333333334
6519,56.083333333333336
6520,38.45
6521,44.65
6522,45.833333333333336
6523,41.11666666666667
6524,49.25
6525,53.6
6526,53.85
6527,33.2
6528,41.68333333333333
6529,49.11666666666667
6530,50.2
6531,53.61666666666667
6532,54.5
6533,60.233333333333334
6534,40.583333333333336
6535,50.88333333333333
6536,48.56666666666667
6537,50.983333333333334
6538,53.46666666666667
6539,55.31666666666667
6540,56.55
6541,38.6
6542,45.13333333333333
6543,48.833333333333336
6544,58.38333333333333
6545,62.916666666666664
6546,57.95
6547,64.15
6548,39.68333333333333
6549,47.766666666666666
6550,54.666666666666664
6551,60.28333333333333
6552,63.1
6553,61.78333333333333
6554,62.8
6555,39.81666666666667
6556,55.016666666666666
6557,52.266666666666666
6558,56.96666666666667
6559,40.483333333333334
6560,54.833333333333336
6561,50.53333333333333
6562,38.016666666666666
6563,37.516666666666666
6564,39.766666666666666
6565,44.483333333333334
6566,39.46666666666667
6567,42.516666666666666
6568,38.36666666666667
6569,32.78333333333333
6570,36.166666666666664
6571,34.38333333333333
6572,30.6
6573,42.81666666666667
6574,44.3
6575,43.71666666666667
6576,29.233333333333334
6577,34.016666666666666
6578,33.833333333333336
6579,38.81666666666667
6580,40.483333333333334
6581,41.083333333333336
6582,41.0
6583,31.383333333333333
6584,35.666666666666664
6585,35.86666666666667
6586,40.666666666666664
6587,34.21666666666667
6588,42.35
6589,39.06666666666667
6590,7.966666666666667
6591,5.166666666666667
6592,5.183333333333334
6593,4.85
6594,5.116666666666666
6595,6.666666666666667
6596,6.716666666666667
6597,5.233333333333333
6598,4.716666666666667
6599,4.666666666666667
6600,3.9833333333333334
6601,3.966666666666667
6602,6.3
6603,6.533333333333333
6604,5.233333333333333
6605,4.55
6606,4.533333333333333
6607,3.65
6608,3.816666666666667
6609,6.566666666666666
6610,7.016666666666667
6611,5.0
6612,4.983333333333333
6613,5.1
6614,4.116666666666666
6615,4.4
6616,7.05
6617,7.066666666666666
6618,5.383333333333334
6619,5.266666666666667
6620,5.466666666666667
6621,4.35
6622,4.616666666666666
6623,6.666666666666667
6624,6.716666666666667
6625,5.25
6626,4.916666666666667
6627,4.866666666666666
6628,4.05
6629,4.466666666666667
6630,6.783333333333333
6631,6.633333333333334
6632,5.25
6633,4.65
6634,4.716666666666667
6635,3.7666666666666666
6636,4.1
6637,6.816666666666666
6638,6.616666666666666
6639,5.3
6640,4.8
6641,4.933333333333334
6642,3.95
6643,4.233333333333333
6644,7.116666666666666
6645,6.933333333333334
6646,5.4
6647,5.05
6648,5.483333333333333
6649,4.35
6650,4.616666666666666
6651,6.7
6652,6.816666666666666
6653,5.283333333333333
6654,4.85
6655,4.883333333333334
6656,4.05
6657,4.466666666666667
6658,6.816666666666666
6659,6.733333333333333
6660,5.25
6661,4.7
6662,4.733333333333333
6663,3.7666666666666666
6664,4.1
6665,6.816666666666666
6666,6.616666666666666
6667,5.3
6668,4.816666666666666
6669,4.95
6670,3.95
6671,4.233333333333333
6672,7.116666666666666
6673,6.933333333333334
6674,5.4
6675,5.05
6676,5.483333333333333
6677,4.3
6678,4.583333333333333
6679,7.233333333333333
6680,3.9
6681,25.8
6682,25.433333333333334
6683,25.716666666666665
6684,17.633333333333333
6685,25.866666666666667
6686,26.616666666666667
6687,33.55
6688,30.75
6689,33.5
6690,36.06666666666667
6691,41.18333333333333
6692,38.5
6693,31.366666666666667
6694,31.05
6695,34.416666666666664
6696,45.7
6697,41.083333333333336
6698,31.866666666666667
6699,38.65
6700,27.05
6701,31.183333333333334
6702,28.666666666666668
6703,34.63333333333333
6704,35.96666666666667
6705,36.78333333333333
6706,40.63333333333333
6707,24.083333333333332
6708,33.11666666666667
6709,36.016666666666666
6710,38.6
6711,44.55
6712,43.38333333333333
6713,47.333333333333336
6714,34.016666666666666
6715,35.21666666666667
6716,39.65
6717,43.71666666666667
6718,42.71666666666667
6719,42.35
6720,41.083333333333336
6721,31.316666666666666
6722,35.28333333333333
6723,38.2
6724,38.53333333333333
6725,43.016666666666666
6726,47.6
6727,44.18333333333333
6728,34.88333333333333
6729,36.833333333333336
6730,35.93333333333333
6731,47.9
6732,42.61666666666667
6733,43.3
6734,47.916666666666664
6735,34.9
6736,37.0
6737,42.3
6738,48.9
6739,49.083333333333336
6740,60.78333333333333
6741,54.43333333333333
6742,41.61666666666667
6743,47.13333333333333
6744,51.016666666666666
6745,52.9
6746,56.61666666666667
6747,59.666666666666664
6748,67.81666666666666
6749,48.55
6750,45.166666666666664
6751,52.05
6752,52.416666666666664
6753,51.88333333333333
6754,53.95
6755,53.78333333333333
6756,35.0
6757,45.1
6758,47.86666666666667
6759,47.7
6760,48.6
6761,54.71666666666667
6762,53.916666666666664
6763,35.25
6764,48.71666666666667
6765,49.35
6766,39.15
6767,49.31666666666667
6768,54.733333333333334
6769,53.166666666666664
6770,37.55
6771,45.1
6772,46.166666666666664
6773,54.81666666666667
6774,60.733333333333334
6775,66.66666666666667
6776,76.31666666666666
6777,49.46666666666667
6778,55.1
6779,54.96666666666667
6780,56.71666666666667
6781,59.916666666666664
6782,68.75
6783,63.46666666666667
6784,39.93333333333333
6785,52.03333333333333
6786,56.9
6787,65.85
6788,62.766666666666666
6789,62.93333333333333
6790,65.65
6791,47.21666666666667
6792,53.5
6793,52.083333333333336
6794,60.333333333333336
6795,62.6
6796,66.0
6797,67.03333333333333
6798,48.266666666666666
6799,54.4
6800,55.9
6801,62.36666666666667
6802,61.95
6803,65.1
6804,65.51666666666667
6805,49.06666666666667
6806,53.916666666666664
6807,57.03333333333333
6808,63.65
6809,68.93333333333334
6810,68.16666666666667
6811,71.53333333333333
6812,56.96666666666667
6813,57.03333333333333
6814,59.63333333333333
6815,70.63333333333334
6816,59.28333333333333
6817,63.233333333333334
6818,67.75
6819,50.266666666666666
6820,58.45
6821,58.56666666666667
6822,66.41666666666667
6823,67.83333333333333
6824,66.25
6825,73.11666666666666
6826,48.6
6827,58.983333333333334
6828,57.483333333333334
6829,62.03333333333333
6830,68.11666666666666
6831,71.35
6832,70.25
6833,48.3
6834,59.13333333333333
6835,61.11666666666667
6836,73.73333333333333
6837,68.61666666666666
6838,71.7
6839,72.8
6840,47.21666666666667
6841,56.7
6842,61.2
6843,67.26666666666667
6844,71.26666666666667
6845,77.95
6846,69.68333333333334
6847,57.6
6848,56.43333333333333
6849,64.53333333333333
6850,70.0
6851,68.06666666666666
6852,71.75
6853,69.3
6854,50.1
6855,57.18333333333333
6856,60.15
6857,56.45
6858,73.26666666666667
6859,76.53333333333333
6860,80.41666666666667
6861,45.28333333333333
6862,62.56666666666667
6863,70.96666666666667
6864,76.45
6865,81.18333333333334
6866,75.31666666666666
6867,79.6
6868,55.5
6869,65.61666666666666
6870,76.13333333333334
6871,75.05
6872,74.55
6873,75.33333333333333
6874,72.85
6875,54.13333333333333
6876,60.65
6877,63.05
6878,71.1
6879,76.4
6880,81.63333333333334
6881,85.96666666666667
6882,57.56666666666667
6883,71.11666666666666
6884,66.95
6885,67.16666666666667
6886,69.11666666666666
6887,71.08333333333333
6888,75.8
6889,52.63333333333333
6890,63.96666666666667
6891,65.68333333333334
6892,66.4
6893,69.75
6894,65.98333333333333
6895,70.43333333333334
6896,47.2
6897,59.25
6898,53.233333333333334
6899,58.1
6900,64.93333333333334
6901,63.55
6902,61.36666666666667
6903,44.25
6904,52.53333333333333
6905,50.9
6906,59.15
6907,61.86666666666667
6908,67.41666666666667
6909,67.75
6910,51.333333333333336
6911,53.983333333333334
6912,65.01666666666667
6913,62.016666666666666
6914,69.2
6915,70.75
6916,69.73333333333333
6917,55.43333333333333
6918,57.28333333333333
6919,61.31666666666667
6920,63.28333333333333
6921,68.35
6922,67.98333333333333
6923,69.31666666666666
6924,49.93333333333333
6925,57.11666666666667
6926,53.25
6927,65.76666666666667
6928,67.5
6929,72.36666666666666
6930,67.35
6931,54.2
6932,56.06666666666667
6933,59.233333333333334
6934,65.16666666666667
6935,60.75
6936,67.38333333333334
6937,64.86666666666666
6938,55.53333333333333
6939,54.733333333333334
6940,54.38333333333333
6941,54.5
6942,57.61666666666667
6943,61.0
6944,63.983333333333334
6945,42.266666666666666
6946,50.03333333333333
6947,55.083333333333336
6948,61.45
6949,63.38333333333333
6950,66.86666666666666
6951,65.35
6952,49.2
6953,50.3
6954,53.8
6955,64.55
6956,60.03333333333333
6957,56.0
6958,56.45
6959,49.6
6960,46.46666666666667
6961,47.71666666666667
6962,58.63333333333333
6963,59.983333333333334
6964,60.416666666666664
6965,62.2
6966,40.333333333333336
6967,50.4
6968,52.46666666666667
6969,56.65
6970,56.9
6971,59.833333333333336
6972,57.86666666666667
6973,36.9
6974,44.86666666666667
6975,51.5
6976,57.25
6977,59.416666666666664
6978,60.6
6979,61.36666666666667
6980,45.916666666666664
6981,46.25
6982,54.416666666666664
6983,45.916666666666664
6984,60.06666666666667
6985,62.3
6986,60.25
6987,50.95
6988,46.25
6989,55.13333333333333
6990,65.2
6991,68.25
6992,64.26666666666667
6993,65.66666666666667
6994,47.2
6995,50.3
6996,57.61666666666667
6997,64.03333333333333
6998,63.05
6999,63.68333333333333
7000,62.88333333333333
7001,55.21666666666667
7002,48.8
7003,54.88333333333333
7004,59.95
7005,60.1
7006,64.7
7007,64.11666666666666
7008,51.55
7009,49.28333333333333
7010,55.266666666666666
7011,55.38333333333333
7012,58.266666666666666
7013,61.21666666666667
7014,58.15
7015,40.86666666666667
7016,43.9
7017,46.21666666666667
7018,47.2
7019,39.766666666666666
7020,41.28333333333333
7021,41.86666666666667
7022,30.883333333333333
7023,35.833333333333336
7024,41.53333333333333
7025,31.433333333333334
7026,47.516666666666666
7027,46.21666666666667
7028,44.083333333333336
7029,30.35
7030,38.483333333333334
7031,43.5
7032,38.88333333333333
7033,46.55
7034,49.166666666666664
7035,46.833333333333336
7036,39.75
7037,40.38333333333333
7038,38.6
7039,45.36666666666667
7040,46.166666666666664
7041,44.166666666666664
7042,47.2
7043,36.31666666666667
7044,35.45
7045,44.13333333333333
7046,47.9
7047,48.2
7048,52.1
7049,53.46666666666667
7050,34.083333333333336
7051,41.21666666666667
7052,43.35
7053,47.05
7054,42.416666666666664
7055,46.55
7056,48.3
7057,38.25
7058,37.6
7059,42.31666666666667
7060,49.18333333333333
7061,45.86666666666667
7062,47.6
7063,48.0
7064,39.13333333333333
7065,37.2
7066,39.88333333333333
7067,42.65
7068,32.3
7069,43.266666666666666
7070,44.03333333333333
7071,30.683333333333334
7072,33.766666666666666
7073,36.15
7074,31.816666666666666
7075,46.4
7076,54.11666666666667
7077,49.86666666666667
7078,37.333333333333336
7079,42.733333333333334
7080,42.483333333333334
7081,43.55
7082,47.86666666666667
7083,48.016666666666666
7084,61.416666666666664
7085,39.86666666666667
7086,43.65
7087,47.833333333333336
7088,51.88333333333333
7089,51.166666666666664
7090,52.28333333333333
7091,58.016666666666666
7092,35.0
7093,44.483333333333334
7094,44.36666666666667
7095,50.083333333333336
7096,50.96666666666667
7097,48.3
7098,54.333333333333336
7099,35.86666666666667
7100,44.78333333333333
7101,46.18333333333333
7102,48.016666666666666
7103,54.0
7104,60.81666666666667
7105,60.5
7106,41.35
7107,48.983333333333334
7108,54.25
7109,49.05
7110,62.36666666666667
7111,66.31666666666666
7112,64.05
7113,48.88333333333333
7114,50.11666666666667
7115,51.266666666666666
7116,60.28333333333333
7117,59.266666666666666
7118,59.78333333333333
7119,59.86666666666667
7120,42.766666666666666
7121,51.583333333333336
7122,51.666666666666664
7123,57.25
7124,50.916666666666664
7125,62.666666666666664
7126,56.21666666666667
7127,41.2
7128,45.483333333333334
7129,51.31666666666667
7130,56.733333333333334
7131,61.916666666666664
7132,60.21666666666667
7133,67.16666666666667
7134,41.9
7135,56.03333333333333
7136,60.21666666666667
7137,67.16666666666667
7138,68.08333333333333
7139,78.45
7140,67.43333333333334
7141,46.78333333333333
7142,58.016666666666666
7143,56.63333333333333
7144,68.4
7145,76.63333333333334
7146,76.95
7147,85.76666666666667
7148,52.13333333333333
7149,63.766666666666666
7150,65.56666666666666
7151,78.58333333333333
7152,74.26666666666667
7153,73.9
7154,73.7
7155,49.68333333333333
7156,64.56666666666666
7157,62.86666666666667
7158,70.73333333333333
7159,70.21666666666667
7160,77.03333333333333
7161,73.55
7162,50.38333333333333
7163,63.46666666666667
7164,73.58333333333333
7165,74.13333333333334
7166,73.26666666666667
7167,77.0
7168,78.63333333333334
7169,52.0
7170,59.63333333333333
7171,64.76666666666667
7172,68.25
7173,73.01666666666667
7174,74.46666666666667
7175,80.4
7176,50.36666666666667
7177,63.63333333333333
7178,65.76666666666667
7179,74.3
7180,78.11666666666666
7181,76.95
7182,78.03333333333333
7183,50.983333333333334
7184,65.51666666666667
7185,70.76666666666667
7186,70.95
7187,75.71666666666667
7188,75.45
7189,82.01666666666667
7190,55.916666666666664
7191,64.53333333333333
7192,71.6
7193,69.95
7194,84.45
7195,74.46666666666667
7196,81.21666666666667
7197,61.25
7198,68.86666666666666
7199,68.46666666666667
7200,80.3
7201,83.5
7202,87.25
7203,87.06666666666666
7204,57.35
7205,70.16666666666667
7206,72.45
7207,74.6
7208,68.25
7209,85.48333333333333
7210,80.41666666666667
7211,58.78333333333333
7212,66.93333333333334
7213,72.13333333333334
7214,65.53333333333333
7215,76.3
7216,80.68333333333334
7217,87.51666666666667
7218,57.0
7219,69.48333333333333
7220,76.11666666666666
7221,69.25
7222,71.03333333333333
7223,83.58333333333333
7224,93.71666666666667
7225,56.4
7226,75.43333333333334
7227,73.71666666666667
7228,75.15
7229,86.1
7230,82.11666666666666
7231,84.23333333333333
7232,64.03333333333333
7233,91.38333333333334
7234,76.21666666666667
7235,80.65
7236,88.75
7237,91.33333333333333
7238,97.6
7239,60.0
7240,71.73333333333333
7241,78.78333333333333
7242,88.63333333333334
7243,79.41666666666667
7244,95.71666666666667
7245,86.46666666666667
7246,61.15
7247,72.98333333333333
7248,82.2
7249,80.85
7250,83.25
7251,89.01666666666667
7252,91.36666666666666
7253,60.36666666666667
7254,78.86666666666666
7255,77.28333333333333
7256,72.31666666666666
7257,83.5
7258,85.9
7259,76.88333333333334
7260,54.86666666666667
7261,63.71666666666667
7262,66.93333333333334
7263,81.61666666666666
7264,76.5
7265,75.28333333333333
7266,78.21666666666667
7267,53.11666666666667
7268,58.733333333333334
7269,67.25
7270,73.31666666666666
7271,77.65
7272,76.43333333333334
7273,77.66666666666667
7274,57.78333333333333
7275,74.93333333333334
7276,66.63333333333334
7277,73.78333333333333
7278,81.93333333333334
7279,81.83333333333333
7280,78.5
7281,53.8
7282,64.36666666666666
7283,68.68333333333334
7284,74.66666666666667
7285,75.9
7286,76.33333333333333
7287,77.4
7288,49.083333333333336
7289,62.8
7290,69.9
7291,74.25
7292,61.983333333333334
7293,78.25
7294,79.31666666666666
7295,52.31666666666667
7296,60.333333333333336
7297,64.61666666666666
7298,67.95
7299,65.45
7300,72.0
7301,71.63333333333334
7302,49.333333333333336
7303,59.81666666666667
7304,63.583333333333336
7305,67.5
7306,77.61666666666666
7307,74.31666666666666
7308,77.21666666666667
7309,50.61666666666667
7310,59.416666666666664
7311,65.65
7312,74.68333333333334
7313,71.85
7314,75.73333333333333
7315,75.45
7316,49.43333333333333
7317,57.583333333333336
7318,64.71666666666667
7319,65.4
7320,71.58333333333333
7321,69.28333333333333
7322,67.56666666666666
7323,47.733333333333334
7324,54.266666666666666
7325,59.96666666666667
7326,65.73333333333333
7327,62.333333333333336
7328,70.75
7329,71.0
7330,48.45
7331,56.65
7332,60.1
7333,59.85
7334,62.71666666666667
7335,69.13333333333334
7336,67.05
7337,43.38333333333333
7338,53.0
7339,58.65
7340,55.4
7341,64.76666666666667
7342,62.65
7343,67.23333333333333
7344,48.03333333333333
7345,54.46666666666667
7346,58.833333333333336
7347,62.85
7348,71.51666666666667
7349,65.66666666666667
7350,67.65
7351,46.75
7352,56.61666666666667
7353,60.31666666666667
7354,57.2
7355,76.33333333333333
7356,80.25
7357,76.41666666666667
7358,55.1
7359,66.41666666666667
7360,67.68333333333334
7361,74.06666666666666
7362,70.65
7363,69.45
7364,72.06666666666666
7365,49.46666666666667
7366,58.11666666666667
7367,61.7
7368,67.45
7369,58.483333333333334
7370,73.98333333333333
7371,73.4
7372,51.03333333333333
7373,62.15
7374,62.583333333333336
7375,53.38333333333333
7376,60.96666666666667
7377,66.73333333333333
7378,73.06666666666666
7379,41.483333333333334
7380,40.6
7381,48.18333333333333
7382,53.3
7383,49.61666666666667
7384,55.1
7385,46.35
7386,35.03333333333333
7387,37.233333333333334
7388,37.9
7389,39.233333333333334
7390,47.233333333333334
7391,47.63333333333333
7392,50.733333333333334
7393,36.4
7394,40.71666666666667
7395,47.416666666666664
7396,44.2
7397,55.45
7398,49.65
7399,53.15
7400,36.85
7401,42.3
7402,45.916666666666664
7403,44.666666666666664
7404,45.31666666666667
7405,53.03333333333333
7406,55.31666666666667
7407,31.766666666666666
7408,43.65
7409,46.31666666666667
7410,47.68333333333333
7411,50.766666666666666
7412,51.55
7413,49.81666666666667
7414,41.15
7415,40.53333333333333
7416,41.35
7417,47.03333333333333
7418,43.45
7419,46.5
7420,51.0
7421,30.983333333333334
7422,43.85
7423,41.1
7424,38.666666666666664
7425,50.13333333333333
7426,53.2
7427,54.6
7428,35.166666666666664
7429,43.333333333333336
7430,46.55
7431,46.483333333333334
7432,44.25
7433,47.03333333333333
7434,48.11666666666667
7435,38.583333333333336
7436,39.85
7437,34.63333333333333
7438,30.616666666666667
7439,51.1
7440,61.15
7441,54.6
7442,38.36666666666667
7443,46.5
7444,50.3
7445,50.65
7446,53.75
7447,56.483333333333334
7448,56.916666666666664
7449,37.53333333333333
7450,45.516666666666666
7451,48.083333333333336
7452,50.416666666666664
7453,48.333333333333336
7454,53.71666666666667
7455,57.88333333333333
7456,36.13333333333333
7457,47.416666666666664
7458,45.21666666666667
7459,46.9
7460,58.63333333333333
7461,54.11666666666667
7462,53.21666666666667
7463,38.95
7464,43.4
7465,48.45
7466,53.3
7467,49.8
7468,57.65
7469,59.46666666666667
7470,43.86666666666667
7471,49.1
7472,50.95
7473,47.25
7474,62.93333333333333
7475,67.11666666666666
7476,64.9
7477,39.71666666666667
7478,48.7
7479,54.86666666666667
7480,56.333333333333336
7481,53.016666666666666
7482,66.18333333333334
7483,72.2
7484,45.083333333333336
7485,54.93333333333333
7486,61.78333333333333
7487,62.483333333333334
7488,65.4
7489,65.88333333333334
7490,70.21666666666667
7491,45.3
7492,52.5
7493,55.03333333333333
7494,65.0
7495,66.31666666666666
7496,68.75
7497,67.18333333333334
7498,46.25
7499,54.81666666666667
7500,55.43333333333333
7501,50.233333333333334
7502,68.88333333333334
7503,68.45
7504,70.2
7505,47.833333333333336
7506,56.55
7507,60.416666666666664
7508,70.55
7509,64.96666666666667
7510,67.76666666666667
7511,79.98333333333333
7512,46.81666666666667
7513,62.6
7514,59.68333333333333
7515,58.25
7516,67.85
7517,69.05
7518,68.85
7519,46.416666666666664
7520,57.45
7521,60.05
7522,68.08333333333333
7523,70.01666666666667
7524,80.7
7525,71.23333333333333
7526,48.63333333333333
7527,58.45
7528,61.85
7529,61.0
7530,69.66666666666667
7531,74.38333333333334
7532,75.05
7533,47.0
7534,65.7
7535,67.35
7536,71.68333333333334
7537,73.95
7538,88.76666666666667
7539,83.98333333333333
7540,58.95
7541,68.58333333333333
7542,74.41666666666667
7543,78.41666666666667
7544,73.0
7545,80.01666666666667
7546,80.95
7547,56.68333333333333
7548,66.58333333333333
7549,71.83333333333333
7550,77.0
7551,86.23333333333333
7552,76.16666666666667
7553,94.7
7554,62.21666666666667
7555,67.86666666666666
7556,70.88333333333334
7557,84.16666666666667
7558,78.51666666666667
7559,73.91666666666667
7560,76.51666666666667
7561,52.166666666666664
7562,69.9
7563,85.18333333333334
7564,70.58333333333333
7565,73.88333333333334
7566,84.53333333333333
7567,86.38333333333334
7568,53.81666666666667
7569,64.1
7570,70.05
7571,64.9
7572,73.65
7573,78.36666666666666
7574,80.61666666666666
7575,56.166666666666664
7576,65.21666666666667
7577,73.51666666666667
7578,78.95
7579,81.03333333333333
7580,87.23333333333333
7581,83.95
7582,54.833333333333336
7583,71.36666666666666
7584,75.58333333333333
7585,72.1
7586,77.56666666666666
7587,85.63333333333334
7588,93.48333333333333
7589,60.13333333333333
7590,72.98333333333333
7591,87.5
7592,79.8
7593,90.48333333333333
7594,87.46666666666667
7595,87.06666666666666
7596,59.55
7597,77.51666666666667
7598,85.91666666666667
7599,91.8
7600,92.95
7601,101.75
7602,96.73333333333333
7603,68.91666666666667
7604,85.61666666666666
7605,82.28333333333333
7606,86.21666666666667
7607,88.58333333333333
7608,83.83333333333333
7609,93.0
7610,57.916666666666664
7611,73.61666666666666
7612,80.75
7613,78.26666666666667
7614,94.31666666666666
7615,91.0
7616,89.93333333333334
7617,57.88333333333333
7618,72.1
7619,84.78333333333333
7620,87.65
7621,93.48333333333333
7622,90.16666666666667
7623,92.5
7624,62.78333333333333
7625,66.4
7626,73.36666666666666
7627,66.53333333333333
7628,81.95
7629,78.56666666666666
7630,82.45
7631,53.86666666666667
7632,66.28333333333333
7633,69.83333333333333
7634,67.83333333333333
7635,82.63333333333334
7636,83.35
7637,83.88333333333334
7638,53.11666666666667
7639,72.38333333333334
7640,76.03333333333333
7641,80.55
7642,69.63333333333334
7643,84.96666666666667
7644,78.65
7645,57.05
7646,64.15
7647,66.75
7648,65.15
7649,75.5
7650,85.16666666666667
7651,89.8
7652,58.25
7653,64.56666666666666
7654,68.73333333333333
7655,71.26666666666667
7656,75.63333333333334
7657,74.58333333333333
7658,70.43333333333334
7659,50.083333333333336
7660,58.25
7661,64.6
7662,74.78333333333333
7663,70.51666666666667
7664,71.51666666666667
7665,72.83333333333333
7666,50.78333333333333
7667,63.1
7668,66.88333333333334
7669,66.95
7670,83.26666666666667
7671,74.01666666666667
7672,75.8
7673,55.3
7674,59.81666666666667
7675,67.35
7676,77.45
7677,76.46666666666667
7678,72.46666666666667
7679,73.26666666666667
7680,52.65
7681,64.23333333333333
7682,64.35
7683,72.96666666666667
7684,65.91666666666667
7685,70.38333333333334
7686,74.13333333333334
7687,49.06666666666667
7688,60.35
7689,62.43333333333333
7690,66.75
7691,71.91666666666667
7692,66.18333333333334
7693,66.95
7694,46.733333333333334
7695,52.5
7696,62.53333333333333
7697,69.76666666666667
7698,68.13333333333334
7699,73.28333333333333
7700,70.81666666666666
7701,56.13333333333333
7702,59.0
7703,62.4
7704,65.98333333333333
7705,66.51666666666667
7706,68.66666666666667
7707,77.08333333333333
7708,47.31666666666667
7709,60.3
7710,60.833333333333336
7711,65.41666666666667
7712,71.2
7713,72.31666666666666
7714,68.26666666666667
7715,49.95
7716,58.166666666666664
7717,63.38333333333333
7718,70.38333333333334
7719,71.03333333333333
7720,67.38333333333334
7721,77.81666666666666
7722,49.766666666666666
7723,62.46666666666667
7724,59.25
7725,70.7
7726,66.45
7727,71.78333333333333
7728,70.38333333333334
7729,50.916666666666664
7730,67.25
7731,64.85
7732,57.85
7733,66.3
7734,72.8
7735,86.93333333333334
7736,49.05
7737,63.266666666666666
7738,64.7
7739,78.11666666666666
7740,77.18333333333334
7741,75.66666666666667
7742,79.55
7743,49.68333333333333
7744,63.766666666666666
7745,58.81666666666667
7746,68.51666666666667
7747,56.68333333333333
7748,66.33333333333333
7749,64.68333333333334
7750,36.1
7751,48.75
7752,51.25
7753,49.3
7754,53.9
7755,53.416666666666664
7756,49.333333333333336
7757,39.28333333333333
7758,47.11666666666667
7759,46.4
7760,44.36666666666667
7761,53.11666666666667
7762,53.25
7763,54.61666666666667
7764,35.95
7765,45.0
7766,47.88333333333333
7767,43.4
7768,53.8
7769,58.28333333333333
7770,54.7
7771,39.78333333333333
7772,45.2
7773,48.31666666666667
7774,50.55
7775,53.31666666666667
7776,53.916666666666664
7777,52.68333333333333
7778,37.6
7779,40.31666666666667
7780,48.28333333333333
7781,45.31666666666667
7782,46.516666666666666
7783,50.6
7784,51.45
7785,30.6
7786,45.18333333333333
7787,46.06666666666667
7788,41.96666666666667
7789,48.71666666666667
7790,51.516666666666666
7791,50.81666666666667
7792,35.05
7793,41.0
7794,45.68333333333333
7795,44.88333333333333
7796,47.05
7797,48.733333333333334
7798,53.93333333333333
7799,37.983333333333334
7800,46.416666666666664
7801,43.96666666666667
7802,44.516666666666666
7803,42.11666666666667
7804,50.25
7805,54.333333333333336
7806,33.88333333333333
7807,44.8
7808,46.18333333333333
7809,52.18333333333333
7810,42.55
7811,52.13333333333333
7812,54.333333333333336
7813,38.25
7814,42.71666666666667
7815,44.166666666666664
7816,44.18333333333333
7817,61.21666666666667
7818,69.46666666666667
7819,55.03333333333333
7820,40.43333333333333
7821,46.28333333333333
7822,54.88333333333333
7823,59.11666666666667
7824,56.55
7825,58.15
7826,54.5
7827,38.46666666666667
7828,52.93333333333333
7829,54.78333333333333
7830,57.8
7831,51.766666666666666
7832,55.81666666666667
7833,59.916666666666664
7834,41.18333333333333
7835,51.7
7836,54.95
7837,54.766666666666666
7838,65.35
7839,66.86666666666666
7840,64.61666666666666
7841,46.7
7842,55.266666666666666
7843,54.61666666666667
7844,58.3
7845,69.23333333333333
7846,70.66666666666667
7847,73.9
7848,49.15
7849,59.0
7850,58.833333333333336
7851,67.88333333333334
7852,72.85
7853,68.21666666666667
7854,69.11666666666666
7855,49.21666666666667
7856,54.95
7857,59.083333333333336
7858,71.88333333333334
7859,71.13333333333334
7860,66.1
7861,71.96666666666667
7862,47.15
7863,54.4
7864,62.11666666666667
7865,67.31666666666666
7866,72.26666666666667
7867,75.31666666666666
7868,75.25
7869,50.083333333333336
7870,65.56666666666666
7871,67.0
7872,72.53333333333333
7873,84.9
7874,83.71666666666667
7875,97.81666666666666
7876,59.8
7877,71.03333333333333
7878,85.05
7879,86.9
7880,77.06666666666666
7881,85.38333333333334
7882,80.31666666666666
7883,57.31666666666667
7884,69.25
7885,73.13333333333334
7886,67.95
7887,78.48333333333333
7888,83.65
7889,87.18333333333334
7890,56.416666666666664
7891,69.75
7892,75.18333333333334
7893,76.53333333333333
7894,78.61666666666666
7895,84.45
7896,88.86666666666666
7897,59.0
7898,69.13333333333334
7899,80.91666666666667
7900,76.78333333333333
7901,77.1
7902,93.68333333333334
7903,95.25
7904,57.45
7905,72.3
7906,80.96666666666667
7907,102.05
7908,97.11666666666666
7909,94.78333333333333
7910,97.71666666666667
7911,57.56666666666667
7912,81.86666666666666
7913,80.85
7914,81.93333333333334
7915,69.5
7916,84.73333333333333
7917,78.26666666666667
7918,60.05
7919,65.96666666666667
7920,72.25
7921,63.65
7922,92.36666666666666
7923,85.0
7924,94.86666666666666
7925,60.7
7926,71.98333333333333
7927,84.53333333333333
7928,88.3
7929,85.85
7930,92.81666666666666
7931,92.46666666666667
7932,66.3
7933,81.61666666666666
7934,86.06666666666666
7935,87.11666666666666
7936,87.91666666666667
7937,95.91666666666667
7938,88.45
7939,63.766666666666666
7940,78.88333333333334
7941,85.18333333333334
7942,75.61666666666666
7943,79.28333333333333
7944,93.15
7945,90.03333333333333
7946,60.86666666666667
7947,72.83333333333333
7948,82.35
7949,84.35
7950,91.51666666666667
7951,91.1
7952,94.7
7953,61.53333333333333
7954,79.38333333333334
7955,79.68333333333334
7956,89.6
7957,97.73333333333333
7958,96.41666666666667
7959,93.03333333333333
7960,65.21666666666667
7961,82.46666666666667
7962,97.68333333333334
7963,120.55
7964,90.06666666666666
7965,94.63333333333334
7966,97.71666666666667
7967,64.91666666666667
7968,80.48333333333333
7969,78.95
7970,86.0
7971,94.08333333333333
7972,95.5
7973,102.06666666666666
7974,62.7
7975,88.75
7976,87.18333333333334
7977,97.15
7978,95.08333333333333
7979,90.2
7980,102.03333333333333
7981,67.38333333333334
7982,79.85
7983,80.91666666666667
7984,80.58333333333333
7985,110.61666666666666
7986,106.25
7987,119.83333333333333
7988,69.6
7989,88.1
7990,91.65
7991,99.33333333333333
7992,86.28333333333333
7993,90.51666666666667
7994,93.98333333333333
7995,59.88333333333333
7996,69.98333333333333
7997,71.81666666666666
7998,71.9
7999,85.93333333333334
8000,86.16666666666667
8001,85.73333333333333
8002,55.516666666666666
8003,70.98333333333333
8004,73.03333333333333
8005,84.98333333333333
8006,79.63333333333334
8007,113.48333333333333
8008,105.28333333333333
8009,61.016666666666666
8010,80.6
8011,85.05
8012,82.6
8013,85.56666666666666
8014,83.7
8015,87.8
8016,56.85
8017,71.46666666666667
8018,66.66666666666667
8019,70.1
8020,70.48333333333333
8021,86.93333333333334
8022,80.16666666666667
8023,55.43333333333333
8024,63.916666666666664
8025,72.73333333333333
8026,76.03333333333333
8027,75.65
8028,78.01666666666667
8029,83.98333333333333
8030,52.35
8031,65.31666666666666
8032,70.26666666666667
8033,67.63333333333334
8034,75.66666666666667
8035,84.21666666666667
8036,87.5
8037,51.5
8038,69.18333333333334
8039,67.21666666666667
8040,64.98333333333333
8041,79.81666666666666
8042,82.76666666666667
8043,83.81666666666666
8044,55.983333333333334
8045,65.33333333333333
8046,74.91666666666667
8047,80.3
8048,79.75
8049,85.78333333333333
8050,82.8
8051,56.666666666666664
8052,68.86666666666666
8053,72.03333333333333
8054,77.76666666666667
8055,79.6
8056,76.86666666666666
8057,72.58333333333333
8058,50.93333333333333
8059,70.31666666666666
8060,74.55
8061,66.21666666666667
8062,67.31666666666666
8063,80.96666666666667
8064,85.78333333333333
8065,52.25
8066,69.61666666666666
8067,72.28333333333333
8068,71.13333333333334
8069,70.0
8070,75.6
8071,83.63333333333334
8072,49.05
8073,64.51666666666667
8074,65.58333333333333
8075,66.95
8076,68.35
8077,81.11666666666666
8078,79.76666666666667
8079,48.78333333333333
8080,65.76666666666667
8081,67.63333333333334
8082,64.8
8083,77.25
8084,90.36666666666666
8085,82.1
8086,58.516666666666666
8087,69.46666666666667
8088,73.03333333333333
8089,78.31666666666666
8090,73.43333333333334
8091,82.96666666666667
8092,80.6
8093,59.93333333333333
8094,64.51666666666667
8095,70.53333333333333
8096,62.28333333333333
8097,77.6
8098,82.43333333333334
8099,85.13333333333334
8100,61.416666666666664
8101,64.5
8102,68.08333333333333
8103,63.4
8104,74.8
8105,82.45
8106,84.58333333333333
8107,56.75
8108,66.96666666666667
8109,71.56666666666666
8110,59.833333333333336
8111,54.78333333333333
8112,61.55
8113,63.53333333333333
8114,37.833333333333336
8115,48.166666666666664
8116,47.36666666666667
8117,48.13333333333333
8118,58.8
8119,61.75
8120,65.18333333333334
8121,38.75
8122,52.11666666666667
8123,58.46666666666667
8124,62.516666666666666
8125,63.0
8126,63.483333333333334
8127,62.7
8128,42.95
8129,54.666666666666664
8130,56.7
8131,57.4
8132,62.36666666666667
8133,59.55
8134,65.4
8135,44.21666666666667
8136,47.93333333333333
8137,53.95
8138,63.0
8139,58.666666666666664
8140,60.083333333333336
8141,61.65
8142,38.88333333333333
8143,46.666666666666664
8144,45.46666666666667
8145,38.88333333333333
8146,49.88333333333333
8147,53.46666666666667
8148,51.61666666666667
8149,36.15
8150,44.733333333333334
8151,45.71666666666667
8152,47.083333333333336
8153,50.78333333333333
8154,50.18333333333333
8155,53.86666666666667
8156,37.083333333333336
8157,49.083333333333336
8158,48.0
8159,54.18333333333333
8160,56.56666666666667
8161,57.43333333333333
8162,57.61666666666667
8163,38.68333333333333
8164,47.55
8165,53.53333333333333
8166,55.55
8167,51.25
8168,56.083333333333336
8169,55.266666666666666
8170,41.68333333333333
8171,43.4
8172,48.95
8173,55.8
8174,56.43333333333333
8175,63.5
8176,70.58333333333333
8177,48.083333333333336
8178,53.71666666666667
8179,59.43333333333333
8180,48.516666666666666
8181,60.93333333333333
8182,57.53333333333333
8183,58.483333333333334
8184,38.81666666666667
8185,53.15
8186,52.63333333333333
8187,53.983333333333334
8188,57.06666666666667
8189,60.96666666666667
8190,60.7
8191,42.583333333333336
8192,49.53333333333333
8193,51.03333333333333
8194,61.85
8195,68.96666666666667
8196,73.46666666666667
8197,64.25
8198,45.583333333333336
8199,57.18333333333333
8200,60.5
8201,64.28333333333333
8202,64.93333333333334
8203,67.3
8204,74.6
8205,47.13333333333333
8206,61.016666666666666
8207,58.93333333333333
8208,63.63333333333333
8209,73.66666666666667
8210,73.43333333333334
8211,67.98333333333333
8212,49.06666666666667
8213,59.166666666666664
8214,62.1
8215,71.53333333333333
8216,64.41666666666667
8217,68.45
8218,71.06666666666666
8219,49.416666666666664
8220,56.63333333333333
8221,59.0
8222,50.083333333333336
8223,67.31666666666666
8224,66.91666666666667
8225,73.91666666666667
8226,47.583333333333336
8227,66.13333333333334
8228,69.21666666666667
8229,71.11666666666666
8230,70.23333333333333
8231,79.31666666666666
8232,87.95
8233,55.733333333333334
8234,64.96666666666667
8235,69.86666666666666
8236,70.53333333333333
8237,74.05
8238,77.98333333333333
8239,80.11666666666666
8240,51.95
8241,65.88333333333334
8242,67.13333333333334
8243,85.2
8244,75.08333333333333
8245,79.68333333333334
8246,82.86666666666666
8247,64.9
8248,63.03333333333333
8249,70.88333333333334
8250,76.98333333333333
8251,72.23333333333333
8252,92.38333333333334
8253,84.25
8254,54.233333333333334
8255,68.43333333333334
8256,78.11666666666666
8257,75.16666666666667
8258,84.1
8259,84.41666666666667
8260,88.46666666666667
8261,63.266666666666666
8262,71.45
8263,77.9
8264,87.5
8265,85.33333333333333
8266,87.53333333333333
8267,99.81666666666666
8268,57.8
8269,77.7
8270,83.61666666666666
8271,78.65
8272,91.7
8273,101.8
8274,93.75
8275,62.516666666666666
8276,82.61666666666666
8277,89.26666666666667
8278,95.65
8279,85.86666666666666
8280,93.51666666666667
8281,88.61666666666666
8282,59.88333333333333
8283,74.85
8284,75.16666666666667
8285,72.16666666666667
8286,88.16666666666667
8287,89.35
8288,91.51666666666667
8289,59.0
8290,79.2
8291,80.43333333333334
8292,86.13333333333334
8293,88.31666666666666
8294,92.08333333333333
8295,95.43333333333334
8296,58.25
8297,74.46666666666667
8298,84.36666666666666
8299,96.01666666666667
8300,95.43333333333334
8301,105.15
8302,101.08333333333333
8303,68.56666666666666
8304,82.53333333333333
8305,84.38333333333334
8306,96.53333333333333
8307,94.33333333333333
8308,94.75
8309,96.43333333333334
8310,64.66666666666667
8311,73.63333333333334
8312,89.43333333333334
8313,96.48333333333333
8314,98.68333333333334
8315,96.38333333333334
8316,99.23333333333333
8317,65.31666666666666
8318,79.85
8319,83.18333333333334
8320,91.35
8321,92.05
8322,99.83333333333333
8323,87.7
8324,64.61666666666666
8325,80.51666666666667
8326,80.95
8327,83.4
8328,99.63333333333334
8329,103.28333333333333
8330,109.5
8331,70.76666666666667
8332,84.9
8333,84.33333333333333
8334,92.48333333333333
8335,88.9
8336,103.45
8337,104.78333333333333
8338,70.26666666666667
8339,92.73333333333333
8340,85.53333333333333
8341,91.4
8342,89.98333333333333
8343,93.88333333333334
8344,96.7
8345,68.16666666666667
8346,84.43333333333334
8347,86.28333333333333
8348,81.03333333333333
8349,95.5
8350,103.88333333333334
8351,100.8
8352,73.91666666666667
8353,81.98333333333333
8354,89.23333333333333
8355,89.21666666666667
8356,98.93333333333334
8357,98.81666666666666
8358,100.31666666666666
8359,65.05
8360,74.85
8361,81.48333333333333
8362,88.53333333333333
8363,91.33333333333333
8364,83.88333333333334
8365,88.16666666666667
8366,59.766666666666666
8367,73.55
8368,86.86666666666666
8369,68.51666666666667
8370,97.4
8371,90.93333333333334
8372,95.23333333333333
8373,64.88333333333334
8374,77.15
8375,79.03333333333333
8376,91.38333333333334
8377,92.18333333333334
8378,93.03333333333333
8379,96.38333333333334
8380,58.766666666666666
8381,77.95
8382,79.85
8383,88.16666666666667
8384,69.48333333333333
8385,84.11666666666666
8386,81.03333333333333
8387,58.86666666666667
8388,69.21666666666667
8389,73.4
8390,75.56666666666666
8391,76.86666666666666
8392,84.85
8393,87.8
8394,59.46666666666667
8395,74.66666666666667
8396,76.3
8397,65.35
8398,69.11666666666666
8399,85.88333333333334
8400,82.65
8401,55.9
8402,62.43333333333333
8403,70.01666666666667
8404,70.7
8405,81.8
8406,95.21666666666667
8407,85.01666666666667
8408,58.43333333333333
8409,70.0
8410,73.45
8411,79.15
8412,82.51666666666667
8413,84.2
8414,83.4
8415,57.15
8416,68.55
8417,72.8
8418,76.25
8419,74.9
8420,75.05
8421,72.88333333333334
8422,52.733333333333334
8423,61.68333333333333
8424,63.38333333333333
8425,73.88333333333334
8426,74.11666666666666
8427,70.61666666666666
8428,72.35
8429,53.81666666666667
8430,70.76666666666667
8431,65.4
8432,67.6
8433,75.21666666666667
8434,75.8
8435,77.95
8436,52.46666666666667
8437,67.4
8438,69.63333333333334
8439,73.73333333333333
8440,70.96666666666667
8441,77.7
8442,76.63333333333334
8443,50.95
8444,67.08333333333333
8445,71.58333333333333
8446,78.23333333333333
8447,74.98333333333333
8448,83.61666666666666
8449,79.5
8450,53.583333333333336
8451,65.48333333333333
8452,69.36666666666666
8453,80.01666666666667
8454,69.93333333333334
8455,82.65
8456,88.81666666666666
8457,57.06666666666667
8458,70.65
8459,69.73333333333333
8460,66.71666666666667
8461,74.41666666666667
8462,80.83333333333333
8463,78.1
8464,55.68333333333333
8465,64.3
8466,69.3
8467,66.48333333333333
8468,83.65
8469,83.33333333333333
8470,83.2
8471,55.3
8472,68.18333333333334
8473,73.88333333333334
8474,81.21666666666667
8475,73.01666666666667
8476,63.416666666666664
8477,62.333333333333336
8478,50.733333333333334
8479,47.916666666666664
8480,50.88333333333333
8481,55.233333333333334
8482,54.11666666666667
8483,65.16666666666667
8484,59.43333333333333
8485,43.31666666666667
8486,51.13333333333333
8487,52.25
8488,59.05
8489,64.41666666666667
8490,65.58333333333333
8491,64.43333333333334
8492,46.05
8493,53.55
8494,55.7
8495,61.18333333333333
8496,59.583333333333336
8497,58.5
8498,61.06666666666667
8499,38.95
8500,49.68333333333333
8501,59.75
8502,57.3
8503,60.666666666666664
8504,60.71666666666667
8505,64.88333333333334
8506,27.833333333333332
8507,5.183333333333334
8508,5.183333333333334
8509,4.85
8510,5.116666666666666
8511,6.666666666666667
8512,6.716666666666667
8513,5.233333333333333
8514,4.716666666666667
8515,4.666666666666667
8516,3.9833333333333334
8517,3.966666666666667
8518,6.3
8519,6.533333333333333
8520,5.233333333333333
8521,4.55
8522,4.533333333333333
8523,3.65
8524,3.816666666666667
8525,6.566666666666666
8526,7.016666666666667
8527,5.233333333333333
8528,4.983333333333333
8529,5.1
8530,4.116666666666666
8531,4.4
8532,7.05
8533,7.066666666666666
8534,5.383333333333334
8535,5.266666666666667
8536,5.466666666666667
8537,4.35
8538,4.616666666666666
8539,6.666666666666667
8540,6.716666666666667
8541,5.25
8542,4.916666666666667
8543,4.866666666666666
8544,4.05
8545,4.466666666666667
8546,6.783333333333333
8547,6.633333333333334
8548,5.25
8549,4.766666666666667
8550,4.716666666666667
8551,3.7666666666666666
8552,4.1
8553,6.816666666666666
8554,6.616666666666666
8555,5.3
8556,4.8
8557,4.933333333333334
8558,3.95
8559,4.233333333333333
8560,7.116666666666666
8561,6.933333333333334
8562,5.4
8563,5.05
8564,5.483333333333333
8565,4.35
8566,4.616666666666666
8567,6.7
8568,6.816666666666666
8569,5.283333333333333
8570,4.85
8571,4.883333333333334
8572,4.05
8573,4.466666666666667
8574,6.816666666666666
8575,6.733333333333333
8576,5.25
8577,4.7
8578,4.733333333333333
8579,3.7666666666666666
8580,4.1
8581,6.816666666666666
8582,6.616666666666666
8583,5.3
8584,4.816666666666666
8585,4.95
8586,3.95
8587,4.233333333333333
8588,7.116666666666666
8589,6.933333333333334
8590,5.4
8591,5.05
8592,5.483333333333333
8593,4.3
8594,4.583333333333333
8595,7.233333333333333
8596,3.9
8597,21.8
8598,15.866666666666667
8599,18.566666666666666
8600,20.666666666666668
8601,11.9
8602,19.266666666666666
8603,19.633333333333333
8604,22.016666666666666
8605,27.25
8606,25.75
8607,26.066666666666666
8608,27.983333333333334
8609,22.033333333333335
8610,22.5
8611,22.183333333333334
8612,26.116666666666667
8613,24.916666666666668
8614,30.233333333333334
8615,34.53333333333333
8616,21.683333333333334
8617,31.35
8618,27.483333333333334
8619,32.75
8620,35.46666666666667
8621,35.833333333333336
8622,32.333333333333336
8623,23.4
8624,26.283333333333335
8625,27.116666666666667
8626,31.416666666666668
8627,26.366666666666667
8628,30.45
8629,33.666666666666664
8630,24.25
8631,26.9
8632,28.666666666666668
8633,32.6
8634,30.65
8635,32.11666666666667
8636,32.31666666666667
8637,23.166666666666668
8638,28.883333333333333
8639,28.883333333333333
8640,33.416666666666664
8641,33.333333333333336
8642,34.15
8643,33.416666666666664
8644,24.833333333333332
8645,28.466666666666665
8646,33.85
8647,31.883333333333333
8648,34.0
8649,35.86666666666667
8650,35.95
8651,29.1
8652,29.733333333333334
8653,28.6
8654,34.25
8655,37.36666666666667
8656,37.06666666666667
8657,37.016666666666666
8658,32.9
8659,35.166666666666664
8660,35.166666666666664
8661,38.166666666666664
8662,37.3
8663,40.18333333333333
8664,41.3
8665,36.1
8666,31.933333333333334
8667,31.216666666666665
8668,39.95
8669,36.016666666666666
8670,38.93333333333333
8671,38.666666666666664
8672,30.733333333333334
8673,31.116666666666667
8674,33.45
8675,39.416666666666664
8676,35.916666666666664
8677,40.0
8678,39.68333333333333
8679,26.433333333333334
8680,34.95
8681,34.38333333333333
8682,39.8
8683,41.25
8684,39.93333333333333
8685,41.36666666666667
8686,31.9
8687,39.8
8688,35.083333333333336
8689,43.31666666666667
8690,47.43333333333333
8691,49.8
8692,47.55
8693,34.666666666666664
8694,45.233333333333334
8695,39.86666666666667
8696,46.5
8697,45.75
8698,47.88333333333333
8699,50.4
8700,36.81666666666667
8701,39.483333333333334
8702,43.63333333333333
8703,47.53333333333333
8704,47.96666666666667
8705,52.733333333333334
8706,50.68333333333333
8707,41.083333333333336
8708,39.75
8709,43.1
8710,43.766666666666666
8711,46.083333333333336
8712,48.81666666666667
8713,48.3
8714,32.4
8715,40.31666666666667
8716,44.15
8717,46.483333333333334
8718,47.1
8719,49.45
8720,44.6
8721,33.983333333333334
8722,42.7
8723,42.1
8724,49.833333333333336
8725,50.8
8726,50.2
8727,52.583333333333336
8728,35.516666666666666
8729,47.583333333333336
8730,42.75
8731,42.46666666666667
8732,41.666666666666664
8733,47.8
8734,45.38333333333333
8735,37.3
8736,42.61666666666667
8737,47.45
8738,50.25
8739,46.5
8740,47.083333333333336
8741,47.81666666666667
8742,35.983333333333334
8743,37.583333333333336
8744,38.93333333333333
8745,39.96666666666667
8746,45.11666666666667
8747,46.96666666666667
8748,57.21666666666667
8749,42.9
8750,43.083333333333336
8751,48.96666666666667
8752,51.36666666666667
8753,50.78333333333333
8754,50.833333333333336
8755,57.85
8756,40.18333333333333
8757,46.36666666666667
8758,43.15
8759,46.88333333333333
8760,56.15
8761,48.65
8762,57.266666666666666
8763,42.483333333333334
8764,44.43333333333333
8765,43.28333333333333
8766,52.4
8767,55.46666666666667
8768,55.68333333333333
8769,56.05
8770,38.5
8771,45.93333333333333
8772,52.03333333333333
8773,52.916666666666664
8774,50.916666666666664
8775,51.95
8776,54.166666666666664
8777,31.683333333333334
8778,47.8
8779,48.016666666666666
8780,50.65
8781,54.9
8782,54.733333333333334
8783,57.1
8784,41.483333333333334
8785,48.63333333333333
8786,52.5
8787,55.95
8788,58.4
8789,59.18333333333333
8790,60.61666666666667
8791,49.36666666666667
8792,48.733333333333334
8793,52.2
8794,55.86666666666667
8795,57.983333333333334
8796,54.0
8797,54.916666666666664
8798,45.56666666666667
8799,48.583333333333336
8800,47.46666666666667
8801,56.016666666666666
8802,57.68333333333333
8803,55.7
8804,56.583333333333336
8805,45.28333333333333
8806,46.05
8807,52.1
8808,52.93333333333333
8809,46.95
8810,53.5
8811,55.65
8812,42.25
8813,47.266666666666666
8814,45.7
8815,40.06666666666667
8816,49.35
8817,45.35
8818,54.03333333333333
8819,34.63333333333333
8820,42.78333333333333
8821,41.65
8822,36.11666666666667
8823,49.483333333333334
8824,52.18333333333333
8825,47.166666666666664
8826,36.7
8827,38.1
8828,43.333333333333336
8829,46.68333333333333
8830,43.333333333333336
8831,49.5
8832,45.416666666666664
8833,35.25
8834,39.266666666666666
8835,42.95
8836,44.9
8837,49.15
8838,49.96666666666667
8839,48.31666666666667
8840,36.86666666666667
8841,42.983333333333334
8842,40.15
8843,49.55
8844,38.85
8845,42.13333333333333
8846,38.53333333333333
8847,34.2
8848,37.95
8849,42.233333333333334
8850,41.65
8851,37.416666666666664
8852,41.95
8853,52.266666666666666
8854,29.3
8855,37.916666666666664
8856,39.06666666666667
8857,40.61666666666667
8858,46.333333333333336
8859,47.65
8860,41.61666666666667
8861,33.516666666666666
8862,37.233333333333334
8863,38.266666666666666
8864,45.583333333333336
8865,43.03333333333333
8866,49.483333333333334
8867,50.13333333333333
8868,35.71666666666667
8869,39.416666666666664
8870,46.166666666666664
8871,44.43333333333333
8872,47.233333333333334
8873,47.46666666666667
8874,47.21666666666667
8875,40.43333333333333
8876,38.5
8877,38.13333333333333
8878,48.3
8879,47.733333333333334
8880,45.916666666666664
8881,48.53333333333333
8882,32.416666666666664
8883,40.233333333333334
8884,41.8
8885,42.21666666666667
8886,40.35
8887,43.666666666666664
8888,42.61666666666667
8889,30.1
8890,37.75
8891,41.75
8892,41.983333333333334
8893,46.81666666666667
8894,44.38333333333333
8895,49.733333333333334
8896,33.2
8897,36.1
8898,39.3
8899,45.166666666666664
8900,47.1
8901,48.916666666666664
8902,47.45
8903,30.433333333333334
8904,41.35
8905,42.4
8906,42.0
8907,44.75
8908,47.75
8909,46.233333333333334
8910,28.533333333333335
8911,42.516666666666666
8912,39.63333333333333
8913,41.516666666666666
8914,47.05
8915,51.96666666666667
8916,48.9
8917,39.11666666666667
8918,39.1
8919,44.266666666666666
8920,47.86666666666667
8921,37.88333333333333
8922,50.233333333333334
8923,49.4
8924,41.35
8925,38.6
8926,43.516666666666666
8927,39.53333333333333
8928,47.93333333333333
8929,53.516666666666666
8930,48.95
8931,28.033333333333335
8932,35.21666666666667
8933,38.38333333333333
8934,47.083333333333336
8935,37.96666666666667
8936,33.016666666666666
8937,34.85
8938,28.766666666666666
8939,27.416666666666668
8940,30.783333333333335
8941,32.53333333333333
8942,33.46666666666667
8943,33.71666666666667
8944,35.266666666666666
8945,27.233333333333334
8946,30.0
8947,31.066666666666666
8948,34.6
8949,33.61666666666667
8950,37.18333333333333
8951,35.0
8952,29.366666666666667
8953,31.416666666666668
8954,31.066666666666666
8955,33.8
8956,35.03333333333333
8957,38.5
8958,33.96666666666667
8959,29.266666666666666
8960,31.6
8961,30.983333333333334
8962,33.55
8963,44.06666666666667
8964,37.5
8965,35.1
8966,30.766666666666666
8967,29.783333333333335
8968,30.766666666666666
8969,34.6
8970,31.666666666666668
8971,39.75
8972,38.36666666666667
8973,23.066666666666666
8974,29.166666666666668
8975,33.56666666666667
8976,33.016666666666666
8977,32.516666666666666
8978,32.5
8979,34.53333333333333
8980,23.9
8981,30.766666666666666
8982,31.583333333333332
8983,33.43333333333333
8984,36.233333333333334
8985,35.65
8986,34.516666666666666
8987,27.466666666666665
8988,30.683333333333334
8989,30.833333333333332
8990,33.016666666666666
8991,33.13333333333333
8992,36.56666666666667
8993,38.166666666666664
8994,23.383333333333333
8995,32.71666666666667
8996,30.866666666666667
8997,41.6
8998,40.05
8999,46.0
9000,48.46666666666667
9001,27.283333333333335
9002,36.0
9003,38.5
9004,42.53333333333333
9005,42.083333333333336
9006,37.68333333333333
9007,39.233333333333334
9008,29.066666666666666
9009,35.03333333333333
9010,34.18333333333333
9011,39.416666666666664
9012,36.0
9013,37.266666666666666
9014,34.5
9015,28.333333333333332
9016,29.8
9017,28.85
9018,32.583333333333336
9019,33.06666666666667
9020,37.28333333333333
9021,43.36666666666667
9022,29.8
9023,48.71666666666667
9024,34.96666666666667
9025,40.31666666666667
9026,45.516666666666666
9027,46.25
9028,48.53333333333333
9029,28.183333333333334
9030,36.81666666666667
9031,39.666666666666664
9032,38.2
9033,44.016666666666666
9034,48.38333333333333
9035,43.63333333333333
9036,29.7
9037,38.43333333333333
9038,38.53333333333333
9039,37.0
9040,42.3
9041,47.516666666666666
9042,50.93333333333333
9043,32.46666666666667
9044,40.35
9045,42.61666666666667
9046,41.6
9047,50.65
9048,49.31666666666667
9049,45.733333333333334
9050,34.15
9051,40.06666666666667
9052,40.18333333333333
9053,45.733333333333334
9054,56.13333333333333
9055,49.233333333333334
9056,61.25
9057,37.95
9058,45.4
9059,44.75
9060,52.766666666666666
9061,47.083333333333336
9062,50.18333333333333
9063,49.516666666666666
9064,34.31666666666667
9065,38.93333333333333
9066,42.916666666666664
9067,46.86666666666667
9068,51.7
9069,50.81666666666667
9070,62.916666666666664
9071,36.61666666666667
9072,45.55
9073,45.15
9074,52.6
9075,51.46666666666667
9076,54.78333333333333
9077,58.43333333333333
9078,35.266666666666666
9079,48.18333333333333
9080,49.733333333333334
9081,50.5
9082,50.5
9083,60.833333333333336
9084,55.55
9085,41.6
9086,52.0
9087,53.2
9088,58.85
9089,53.43333333333333
9090,58.65
9091,59.016666666666666
9092,39.11666666666667
9093,50.083333333333336
9094,55.95
9095,48.9
9096,51.45
9097,52.13333333333333
9098,57.916666666666664
9099,41.38333333333333
9100,46.56666666666667
9101,50.733333333333334
9102,57.0
9103,57.766666666666666
9104,55.71666666666667
9105,53.6
9106,40.93333333333333
9107,46.6
9108,48.55
9109,38.6
9110,55.81666666666667
9111,56.583333333333336
9112,57.68333333333333
9113,39.016666666666666
9114,48.266666666666666
9115,57.06666666666667
9116,59.4
9117,58.05
9118,56.6
9119,59.1
9120,40.266666666666666
9121,49.63333333333333
9122,50.983333333333334
9123,53.75
9124,59.71666666666667
9125,61.31666666666667
9126,63.28333333333333
9127,42.45
9128,55.5
9129,53.71666666666667
9130,60.516666666666666
9131,53.63333333333333
9132,62.016666666666666
9133,62.36666666666667
9134,39.3
9135,49.666666666666664
9136,54.583333333333336
9137,57.333333333333336
9138,55.166666666666664
9139,60.0
9140,59.3
9141,43.93333333333333
9142,54.166666666666664
9143,56.86666666666667
9144,57.93333333333333
9145,74.31666666666666
9146,67.23333333333333
9147,64.53333333333333
9148,43.13333333333333
9149,57.2
9150,54.166666666666664
9151,64.55
9152,61.766666666666666
9153,65.35
9154,73.05
9155,42.05
9156,50.95
9157,56.6
9158,62.13333333333333
9159,63.733333333333334
9160,70.51666666666667
9161,70.05
9162,42.11666666666667
9163,58.35
9164,60.666666666666664
9165,63.3
9166,64.46666666666667
9167,71.03333333333333
9168,64.08333333333333
9169,48.8
9170,56.56666666666667
9171,54.86666666666667
9172,52.2
9173,56.31666666666667
9174,58.96666666666667
9175,60.916666666666664
9176,36.75
9177,45.93333333333333
9178,50.43333333333333
9179,55.88333333333333
9180,58.36666666666667
9181,56.85
9182,58.233333333333334
9183,41.78333333333333
9184,47.63333333333333
9185,53.916666666666664
9186,59.13333333333333
9187,58.983333333333334
9188,58.9
9189,60.11666666666667
9190,39.36666666666667
9191,47.75
9192,52.55
9193,51.85
9194,55.15
9195,60.46666666666667
9196,60.483333333333334
9197,37.21666666666667
9198,50.083333333333336
9199,53.6
9200,56.0
9201,57.35
9202,56.88333333333333
9203,58.95
9204,37.68333333333333
9205,44.666666666666664
9206,47.083333333333336
9207,52.016666666666666
9208,52.18333333333333
9209,51.95
9210,51.86666666666667
9211,37.333333333333336
9212,46.25
9213,46.6
9214,43.13333333333333
9215,49.0
9216,54.68333333333333
9217,54.9
9218,40.233333333333334
9219,45.333333333333336
9220,48.233333333333334
9221,47.016666666666666
9222,56.56666666666667
9223,58.3
9224,55.93333333333333
9225,38.36666666666667
9226,47.9
9227,53.93333333333333
9228,56.416666666666664
9229,56.11666666666667
9230,56.666666666666664
9231,56.916666666666664
9232,38.65
9233,45.11666666666667
9234,46.1
9235,46.95
9236,51.56666666666667
9237,48.86666666666667
9238,48.733333333333334
9239,28.866666666666667
9240,38.5
9241,45.36666666666667
9242,53.1
9243,46.55
9244,49.28333333333333
9245,49.75
9246,37.71666666666667
9247,41.983333333333334
9248,43.45
9249,40.36666666666667
9250,50.7
9251,51.88333333333333
9252,51.233333333333334
9253,39.2
9254,41.36666666666667
9255,47.03333333333333
9256,58.516666666666666
9257,51.53333333333333
9258,46.96666666666667
9259,50.083333333333336
9260,35.8
9261,44.38333333333333
9262,45.28333333333333
9263,49.43333333333333
9264,50.06666666666667
9265,56.95
9266,56.13333333333333
9267,39.06666666666667
9268,43.733333333333334
9269,45.46666666666667
9270,44.46666666666667
9271,55.63333333333333
9272,56.68333333333333
9273,56.266666666666666
9274,40.516666666666666
9275,39.95
9276,45.0
9277,50.63333333333333
9278,43.56666666666667
9279,48.416666666666664
9280,56.333333333333336
9281,37.083333333333336
9282,43.416666666666664
9283,44.21666666666667
9284,43.016666666666666
9285,53.983333333333334
9286,54.25
9287,56.46666666666667
9288,35.75
9289,48.18333333333333
9290,52.61666666666667
9291,50.15
9292,51.45
9293,57.55
9294,54.68333333333333
9295,30.683333333333334
9296,37.88333333333333
9297,42.85
9298,42.11666666666667
9299,42.11666666666667
9300,41.2
9301,39.916666666666664
9302,23.933333333333334
9303,32.8
9304,33.61666666666667
9305,35.68333333333333
9306,35.833333333333336
9307,37.11666666666667
9308,38.11666666666667
9309,25.95
9310,33.8
9311,32.05
9312,38.63333333333333
9313,35.55
9314,39.3
9315,40.6
9316,23.783333333333335
9317,32.4
9318,34.81666666666667
9319,40.916666666666664
9320,38.5
9321,39.56666666666667
9322,44.983333333333334
9323,34.13333333333333
9324,38.25
9325,33.733333333333334
9326,34.13333333333333
9327,36.85
9328,42.016666666666666
9329,44.233333333333334
9330,27.516666666666666
9331,34.53333333333333
9332,37.666666666666664
9333,35.55
9334,36.0
9335,39.46666666666667
9336,41.766666666666666
9337,28.566666666666666
9338,34.28333333333333
9339,34.86666666666667
9340,34.55
9341,39.9
9342,40.833333333333336
9343,40.85
9344,30.683333333333334
9345,32.81666666666667
9346,32.96666666666667
9347,36.61666666666667
9348,35.61666666666667
9349,33.88333333333333
9350,35.05
9351,24.566666666666666
9352,28.9
9353,32.05
9354,35.45
9355,34.666666666666664
9356,34.233333333333334
9357,38.93333333333333
9358,23.616666666666667
9359,32.7
9360,32.166666666666664
9361,36.7
9362,40.13333333333333
9363,43.38333333333333
9364,37.6
9365,28.55
9366,35.18333333333333
9367,39.333333333333336
9368,42.1
9369,42.18333333333333
9370,39.666666666666664
9371,38.93333333333333
9372,35.38333333333333
9373,38.2
9374,36.78333333333333
9375,42.6
9376,44.85
9377,38.96666666666667
9378,42.38333333333333
9379,28.166666666666668
9380,37.21666666666667
9381,32.61666666666667
9382,38.68333333333333
9383,42.483333333333334
9384,42.55
9385,42.7
9386,34.833333333333336
9387,46.95
9388,44.86666666666667
9389,40.583333333333336
9390,46.983333333333334
9391,48.8
9392,45.916666666666664
9393,33.0
9394,36.81666666666667
9395,39.36666666666667
9396,42.25
9397,42.11666666666667
9398,46.78333333333333
9399,55.65
9400,30.95
9401,40.3
9402,40.6
9403,51.85
9404,42.56666666666667
9405,48.15
9406,48.81666666666667
9407,31.533333333333335
9408,40.6
9409,45.81666666666667
9410,48.3
9411,40.8
9412,51.1
9413,53.53333333333333
9414,34.15
9415,42.3
9416,43.983333333333334
9417,46.13333333333333
9418,57.983333333333334
9419,53.88333333333333
9420,62.1
9421,39.46666666666667
9422,45.81666666666667
9423,49.833333333333336
9424,50.96666666666667
9425,43.81666666666667
9426,51.93333333333333
9427,54.56666666666667
9428,35.266666666666666
9429,46.68333333333333
9430,51.45
9431,56.2
9432,47.06666666666667
9433,58.63333333333333
9434,65.15
9435,40.18333333333333
9436,47.61666666666667
9437,46.86666666666667
9438,57.46666666666667
9439,57.5
9440,56.166666666666664
9441,58.983333333333334
9442,36.5
9443,48.3
9444,51.05
9445,44.6
9446,55.46666666666667
9447,59.31666666666667
9448,58.88333333333333
9449,37.96666666666667
9450,47.93333333333333
9451,54.5
9452,50.78333333333333
9453,56.38333333333333
9454,58.233333333333334
9455,61.95
9456,38.36666666666667
9457,52.71666666666667
9458,60.05
9459,56.666666666666664
9460,55.06666666666667
9461,60.93333333333333
9462,61.43333333333333
9463,42.56666666666667
9464,45.06666666666667
9465,53.9
9466,58.38333333333333
9467,57.6
9468,58.733333333333334
9469,61.75
9470,38.06666666666667
9471,47.0
9472,55.6
9473,61.483333333333334
9474,52.45
9475,58.13333333333333
9476,65.45
9477,45.93333333333333
9478,56.93333333333333
9479,60.483333333333334
9480,57.6
9481,62.2
9482,67.01666666666667
9483,67.13333333333334
9484,44.28333333333333
9485,58.75
9486,54.93333333333333
9487,64.86666666666666
9488,69.13333333333334
9489,71.46666666666667
9490,66.61666666666666
9491,45.4
9492,54.8
9493,56.0
9494,63.36666666666667
9495,56.666666666666664
9496,65.55
9497,65.05
9498,43.95
9499,52.416666666666664
9500,54.766666666666666
9501,48.1
9502,61.78333333333333
9503,66.53333333333333
9504,64.43333333333334
9505,42.833333333333336
9506,57.45
9507,56.416666666666664
9508,61.65
9509,57.56666666666667
9510,74.06666666666666
9511,73.98333333333333
9512,45.43333333333333
9513,58.56666666666667
9514,60.3
9515,61.78333333333333
9516,64.4
9517,64.65
9518,75.26666666666667
9519,44.21666666666667
9520,56.03333333333333
9521,63.21666666666667
9522,58.53333333333333
9523,66.25
9524,69.33333333333333
9525,67.56666666666666
9526,47.46666666666667
9527,55.63333333333333
9528,55.483333333333334
9529,64.45
9530,70.25
9531,70.95
9532,73.45
9533,48.8
9534,58.916666666666664
9535,66.55
9536,68.46666666666667
9537,64.93333333333334
9538,75.63333333333334
9539,69.06666666666666
9540,48.1
9541,56.666666666666664
9542,62.06666666666667
9543,54.25
9544,62.4
9545,66.03333333333333
9546,64.13333333333334
9547,43.38333333333333
9548,47.75
9549,50.583333333333336
9550,56.61666666666667
9551,60.416666666666664
9552,57.96666666666667
9553,61.38333333333333
9554,41.166666666666664
9555,54.78333333333333
9556,54.9
9557,51.5
9558,64.43333333333334
9559,63.13333333333333
9560,67.8
9561,41.88333333333333
9562,48.516666666666666
9563,54.53333333333333
9564,59.86666666666667
9565,54.483333333333334
9566,66.46666666666667
9567,80.01666666666667
9568,43.36666666666667
9569,51.416666666666664
9570,54.31666666666667
9571,47.766666666666666
9572,65.45
9573,57.083333333333336
9574,58.25
9575,35.53333333333333
9576,52.68333333333333
9577,51.9
9578,59.083333333333336
9579,53.38333333333333
9580,57.46666666666667
9581,59.95
9582,40.166666666666664
9583,56.983333333333334
9584,53.983333333333334
9585,46.483333333333334
9586,55.68333333333333
9587,62.833333333333336
9588,60.3
9589,38.016666666666666
9590,48.5
9591,47.71666666666667
9592,44.93333333333333
9593,58.43333333333333
9594,53.21666666666667
9595,53.333333333333336
9596,40.11666666666667
9597,45.483333333333334
9598,50.1
9599,56.68333333333333
9600,45.68333333333333
9601,49.083333333333336
9602,48.516666666666666
9603,39.53333333333333
9604,43.45
9605,39.71666666666667
9606,37.483333333333334
9607,45.96666666666667
9608,48.083333333333336
9609,53.583333333333336
9610,31.283333333333335
9611,43.13333333333333
9612,50.833333333333336
9613,42.06666666666667
9614,50.85
9615,50.766666666666666
9616,53.7
9617,37.65
9618,40.93333333333333
9619,43.3
9620,50.38333333333333
9621,53.35
9622,56.266666666666666
9623,53.61666666666667
9624,36.36666666666667
9625,44.3
9626,45.583333333333336
9627,50.46666666666667
9628,47.45
9629,49.93333333333333
9630,51.516666666666666
9631,35.1
9632,42.75
9633,50.56666666666667
9634,57.3
9635,57.583333333333336
9636,55.93333333333333
9637,60.68333333333333
9638,38.13333333333333
9639,49.0
9640,49.983333333333334
9641,54.61666666666667
9642,48.46666666666667
9643,48.9
9644,55.45
9645,33.93333333333333
9646,44.78333333333333
9647,50.416666666666664
9648,46.96666666666667
9649,56.45
9650,57.61666666666667
9651,59.266666666666666
9652,38.45
9653,50.0
9654,47.93333333333333
9655,53.266666666666666
9656,52.96666666666667
9657,65.66666666666667
9658,60.65
9659,42.083333333333336
9660,45.03333333333333
9661,44.666666666666664
9662,38.63333333333333
9663,46.03333333333333
9664,39.95
9665,42.81666666666667
9666,32.05
9667,36.15
9668,35.35
9669,39.916666666666664
9670,37.9
9671,40.56666666666667
9672,41.61666666666667
9673,27.15
9674,35.6
9675,41.666666666666664
9676,52.666666666666664
9677,40.333333333333336
9678,40.36666666666667
9679,42.03333333333333
9680,26.05
9681,35.166666666666664
9682,35.06666666666667
9683,28.333333333333332
9684,40.666666666666664
9685,38.96666666666667
9686,39.733333333333334
9687,25.933333333333334
9688,38.71666666666667
9689,46.333333333333336
9690,39.666666666666664
9691,44.53333333333333
9692,44.53333333333333
9693,40.6
9694,40.71666666666667
9695,31.783333333333335
9696,42.016666666666666
9697,39.28333333333333
9698,33.4
9699,40.6
9700,40.583333333333336
9701,27.966666666666665
9702,33.483333333333334
9703,30.8
9704,31.0
9705,35.483333333333334
9706,38.9
9707,42.38333333333333
9708,28.45
9709,38.03333333333333
9710,36.35
9711,42.36666666666667
9712,42.666666666666664
9713,39.166666666666664
9714,37.78333333333333
9715,32.18333333333333
9716,31.683333333333334
9717,31.116666666666667
9718,35.88333333333333
9719,34.333333333333336
9720,37.11666666666667
9721,39.13333333333333
9722,28.316666666666666
9723,36.6
9724,32.916666666666664
9725,35.25
9726,37.916666666666664
9727,39.78333333333333
9728,43.233333333333334
9729,34.56666666666667
9730,34.233333333333334
9731,41.65
9732,42.35
9733,45.03333333333333
9734,46.18333333333333
9735,50.31666666666667
9736,36.55
9737,36.4
9738,36.266666666666666
9739,43.93333333333333
9740,42.083333333333336
9741,43.1
9742,42.88333333333333
9743,27.266666666666666
9744,35.96666666666667
9745,35.61666666666667
9746,39.9
9747,40.68333333333333
9748,39.68333333333333
9749,42.86666666666667
9750,26.583333333333332
9751,38.083333333333336
9752,41.86666666666667
9753,44.38333333333333
9754,45.96666666666667
9755,46.18333333333333
9756,45.8
9757,33.31666666666667
9758,41.81666666666667
9759,42.666666666666664
9760,47.86666666666667
9761,51.03333333333333
9762,46.65
9763,54.1
9764,34.36666666666667
9765,45.86666666666667
9766,44.38333333333333
9767,42.31666666666667
9768,59.13333333333333
9769,69.61666666666666
9770,59.35
9771,39.43333333333333
9772,48.53333333333333
9773,48.15
9774,51.13333333333333
9775,55.233333333333334
9776,50.03333333333333
9777,52.8
9778,33.43333333333333
9779,43.5
9780,50.46666666666667
9781,50.93333333333333
9782,57.15
9783,65.11666666666666
9784,71.85
9785,42.9
9786,56.55
9787,54.233333333333334
9788,60.25
9789,65.83333333333333
9790,64.31666666666666
9791,64.1
9792,39.45
9793,49.21666666666667
9794,55.7
9795,64.95
9796,59.71666666666667
9797,57.35
9798,58.11666666666667
9799,39.53333333333333
9800,48.2
9801,59.25
9802,60.81666666666667
9803,56.2
9804,64.16666666666667
9805,60.55
9806,39.61666666666667
9807,48.96666666666667
9808,51.7
9809,50.166666666666664
9810,60.38333333333333
9811,65.85
9812,65.13333333333334
9813,43.4
9814,53.68333333333333
9815,56.93333333333333
9816,57.2
9817,59.85
9818,61.81666666666667
9819,60.45
9820,41.0
9821,51.71666666666667
9822,57.21666666666667
9823,55.4
9824,57.7
9825,64.6
9826,75.11666666666666
9827,46.9
9828,58.81666666666667
9829,57.21666666666667
9830,63.416666666666664
9831,65.78333333333333
9832,75.05
9833,68.98333333333333
9834,46.88333333333333
9835,57.1
9836,61.916666666666664
9837,64.26666666666667
9838,70.28333333333333
9839,66.95
9840,68.93333333333334
9841,45.03333333333333
9842,57.166666666666664
9843,63.733333333333334
9844,68.0
9845,68.08333333333333
9846,69.48333333333333
9847,72.0
9848,48.71666666666667
9849,58.61666666666667
9850,67.7
9851,74.21666666666667
9852,54.2
9853,70.36666666666666
9854,69.91666666666667
9855,49.083333333333336
9856,59.916666666666664
9857,62.68333333333333
9858,72.5
9859,65.31666666666666
9860,65.5
9861,68.61666666666666
9862,47.55
9863,56.583333333333336
9864,63.916666666666664
9865,81.01666666666667
9866,72.63333333333334
9867,66.41666666666667
9868,72.73333333333333
9869,48.38333333333333
9870,59.916666666666664
9871,59.083333333333336
9872,66.46666666666667
9873,66.3
9874,71.5
9875,73.28333333333333
9876,48.333333333333336
9877,60.25
9878,64.26666666666667
9879,71.23333333333333
9880,73.9
9881,78.58333333333333
9882,74.85
9883,51.36666666666667
9884,62.733333333333334
9885,60.6
9886,69.16666666666667
9887,63.18333333333333
9888,70.43333333333334
9889,75.26666666666667
9890,49.0
9891,57.083333333333336
9892,62.05
9893,60.0
9894,71.73333333333333
9895,72.55
9896,78.18333333333334
9897,47.05
9898,60.583333333333336
9899,64.0
9900,67.6
9901,64.23333333333333
9902,70.75
9903,71.16666666666667
9904,49.28333333333333
9905,56.35
9906,62.15
9907,48.53333333333333
9908,74.98333333333333
9909,71.13333333333334
9910,66.68333333333334
9911,45.483333333333334
9912,54.666666666666664
9913,61.4
9914,66.28333333333333
9915,60.06666666666667
9916,71.23333333333333
9917,67.11666666666666
9918,46.266666666666666
9919,53.21666666666667
9920,57.95
9921,59.2
9922,65.6
9923,63.3
9924,66.93333333333334
9925,46.833333333333336
9926,54.43333333333333
9927,57.88333333333333
9928,64.43333333333334
9929,68.23333333333333
9930,66.28333333333333
9931,66.81666666666666
9932,53.86666666666667
9933,55.983333333333334
9934,57.43333333333333
9935,63.43333333333333
9936,52.1
9937,61.93333333333333
9938,63.35
9939,39.65
9940,53.4
9941,54.6
9942,53.75
9943,56.516666666666666
9944,59.3
9945,61.11666666666667
9946,39.016666666666666
9947,48.833333333333336
9948,52.416666666666664
9949,54.36666666666667
9950,70.31666666666666
9951,67.96666666666667
9952,67.75
9953,42.55
9954,53.3
9955,59.0
9956,65.55
9957,67.05
9958,67.06666666666666
9959,66.7
9960,42.166666666666664
9961,54.46666666666667
9962,57.93333333333333
9963,62.18333333333333
9964,61.56666666666667
9965,62.516666666666666
9966,58.416666666666664
9967,42.46666666666667
9968,50.516666666666666
9969,57.93333333333333
9970,62.4
9971,55.78333333333333
9972,63.45
9973,63.983333333333334
9974,40.81666666666667
9975,58.2
9976,53.2
9977,54.733333333333334
9978,59.53333333333333
9979,60.8
9980,61.86666666666667
9981,37.65
9982,49.15
9983,67.46666666666667
9984,48.96666666666667
9985,59.3
9986,58.11666666666667
9987,60.4
9988,36.71666666666667
9989,49.68333333333333
9990,49.03333333333333
9991,51.016666666666666
9992,54.983333333333334
9993,62.25
9994,56.85
9995,40.0
9996,55.95
9997,53.75
9998,51.983333333333334
9999,56.61666666666667
10000,58.416666666666664
10001,61.733333333333334
10002,35.916666666666664
10003,50.75
10004,51.18333333333333
10005,47.55
10006,68.63333333333334
10007,62.0
10008,65.58333333333333
10009,41.55
10010,54.05
10011,55.38333333333333
10012,60.516666666666666
10013,54.56666666666667
10014,62.46666666666667
10015,60.65
10016,42.483333333333334
10017,47.18333333333333
10018,48.266666666666666
10019,41.61666666666667
10020,55.21666666666667
10021,57.78333333333333
10022,63.25
10023,37.833333333333336
10024,52.05
10025,51.45
10026,52.0
10027,45.45
10028,47.9
10029,45.516666666666666
10030,32.68333333333333
10031,34.9
10032,40.45
10033,36.233333333333334
10034,43.71666666666667
10035,42.916666666666664
10036,47.266666666666666
10037,31.383333333333333
10038,38.483333333333334
10039,38.55
10040,45.766666666666666
10041,47.266666666666666
10042,47.416666666666664
10043,43.03333333333333
10044,33.78333333333333
10045,35.53333333333333
10046,34.78333333333333
10047,37.666666666666664
10048,36.21666666666667
10049,38.45
10050,39.28333333333333
10051,24.583333333333332
10052,35.11666666666667
10053,41.11666666666667
10054,27.366666666666667
10055,44.03333333333333
10056,48.21666666666667
10057,41.71666666666667
10058,34.833333333333336
10059,37.2
10060,41.016666666666666
10061,36.35
10062,39.45
10063,40.516666666666666
10064,37.35
10065,32.016666666666666
10066,32.71666666666667
10067,36.4
10068,37.266666666666666
10069,37.13333333333333
10070,39.15
10071,36.9
10072,25.95
10073,31.366666666666667
10074,35.9
10075,43.21666666666667
10076,42.06666666666667
10077,41.583333333333336
10078,40.15
10079,34.31666666666667
10080,39.15
10081,40.28333333333333
10082,40.233333333333334
10083,40.35
10084,43.96666666666667
10085,44.166666666666664
10086,30.466666666666665
10087,34.916666666666664
10088,40.53333333333333
10089,48.61666666666667
10090,46.0
10091,48.55
10092,45.81666666666667
10093,39.31666666666667
10094,38.983333333333334
10095,38.61666666666667
10096,42.78333333333333
10097,42.516666666666666
10098,45.833333333333336
10099,47.43333333333333
10100,30.15
10101,42.916666666666664
10102,40.333333333333336
10103,40.2
10104,43.61666666666667
10105,51.05
10106,48.9
10107,31.95
10108,40.2
10109,40.766666666666666
10110,40.45
10111,42.516666666666666
10112,44.78333333333333
10113,45.71666666666667
10114,29.433333333333334
10115,35.233333333333334
10116,44.55
10117,58.45
10118,54.18333333333333
10119,52.666666666666664
10120,61.05
10121,36.78333333333333
10122,45.266666666666666
10123,47.083333333333336
10124,45.166666666666664
10125,49.666666666666664
10126,56.416666666666664
10127,52.81666666666667
10128,33.71666666666667
10129,41.516666666666666
10130,47.1
10131,54.233333333333334
10132,55.2
10133,45.416666666666664
10134,51.766666666666666
10135,30.666666666666668
10136,44.8
10137,45.18333333333333
10138,50.3
10139,52.38333333333333
10140,51.11666666666667
10141,59.083333333333336
10142,39.1
10143,43.36666666666667
10144,48.5
10145,52.083333333333336
10146,57.45
10147,57.6
10148,63.36666666666667
10149,40.0
10150,46.11666666666667
10151,55.78333333333333
10152,64.53333333333333
10153,68.98333333333333
10154,77.0
10155,68.68333333333334
10156,43.13333333333333
10157,56.666666666666664
10158,53.53333333333333
10159,60.65
10160,55.7
10161,55.96666666666667
10162,59.916666666666664
10163,42.05
10164,54.95
10165,53.56666666666667
10166,49.18333333333333
10167,57.9
10168,60.46666666666667
10169,60.78333333333333
10170,40.6
10171,50.666666666666664
10172,50.36666666666667
10173,57.6
10174,58.266666666666666
10175,60.916666666666664
10176,62.0
10177,42.63333333333333
10178,54.86666666666667
10179,57.21666666666667
10180,66.8
10181,68.4
10182,78.05
10183,61.583333333333336
10184,48.88333333333333
10185,61.2
10186,62.1
10187,65.78333333333333
10188,70.43333333333334
10189,68.86666666666666
10190,64.5
10191,47.2
10192,54.916666666666664
10193,61.983333333333334
10194,64.13333333333334
10195,66.8
10196,82.8
10197,83.08333333333333
10198,50.05
10199,63.05
10200,61.833333333333336
10201,56.583333333333336
10202,67.18333333333334
10203,66.41666666666667
10204,62.8
10205,45.05
10206,54.71666666666667
10207,54.93333333333333
10208,56.15
10209,66.01666666666667
10210,73.83333333333333
10211,69.11666666666666
10212,47.166666666666664
10213,59.15
10214,58.46666666666667
10215,61.65
10216,66.85
10217,73.7
10218,69.26666666666667
10219,46.583333333333336
10220,56.8
10221,60.43333333333333
10222,59.05
10223,67.03333333333333
10224,75.6
10225,79.56666666666666
10226,45.46666666666667
10227,56.38333333333333
10228,66.68333333333334
10229,68.85
10230,61.28333333333333
10231,69.48333333333333
10232,71.06666666666666
10233,48.7
10234,55.75
10235,63.81666666666667
10236,64.0
10237,69.76666666666667
10238,69.85
10239,74.56666666666666
10240,49.71666666666667
10241,61.5
10242,63.15
10243,68.75
10244,69.7
10245,72.06666666666666
10246,79.7
10247,51.25
10248,64.25
10249,73.01666666666667
10250,75.76666666666667
10251,71.78333333333333
10252,81.53333333333333
10253,80.83333333333333
10254,52.95
10255,67.73333333333333
10256,65.3
10257,63.0
10258,73.33333333333333
10259,83.0
10260,79.65
10261,52.233333333333334
10262,67.38333333333334
10263,68.51666666666667
10264,66.76666666666667
10265,67.78333333333333
10266,76.7
10267,72.16666666666667
10268,53.36666666666667
10269,57.85
10270,72.91666666666667
10271,56.06666666666667
10272,69.96666666666667
10273,68.93333333333334
10274,74.21666666666667
10275,49.56666666666667
10276,61.11666666666667
10277,63.4
10278,51.93333333333333
10279,62.3
10280,69.78333333333333
10281,68.61666666666666
10282,50.166666666666664
10283,57.43333333333333
10284,60.38333333333333
10285,66.0
10286,70.06666666666666
10287,72.2
10288,76.66666666666667
10289,46.733333333333334
10290,64.0
10291,61.6
10292,63.43333333333333
10293,63.31666666666667
10294,69.71666666666667
10295,68.76666666666667
10296,49.0
10297,50.583333333333336
10298,61.71666666666667
10299,59.13333333333333
10300,67.28333333333333
10301,62.96666666666667
10302,68.35
10303,42.46666666666667
10304,53.45
10305,58.733333333333334
10306,59.983333333333334
10307,64.45
10308,65.28333333333333
10309,70.7
10310,43.666666666666664
10311,57.63333333333333
10312,57.166666666666664
10313,60.233333333333334
10314,53.46666666666667
10315,61.9
10316,73.36666666666666
10317,45.05
10318,52.233333333333334
10319,57.71666666666667
10320,50.2
10321,64.9
10322,66.55
10323,68.56666666666666
10324,41.733333333333334
10325,55.5
10326,52.71666666666667
10327,62.2
10328,52.483333333333334
10329,65.7
10330,61.93333333333333
10331,47.983333333333334
10332,48.96666666666667
10333,51.86666666666667
10334,56.63333333333333
10335,52.88333333333333
10336,57.53333333333333
10337,62.766666666666666
10338,39.983333333333334
10339,52.233333333333334
10340,53.53333333333333
10341,49.46666666666667
10342,61.333333333333336
10343,65.38333333333334
10344,59.016666666666666
10345,38.9
10346,52.833333333333336
10347,49.7
10348,58.416666666666664
10349,57.81666666666667
10350,58.516666666666666
10351,61.1
10352,38.1
10353,50.516666666666666
10354,57.93333333333333
10355,61.11666666666667
10356,57.68333333333333
10357,61.2
10358,62.25
10359,38.06666666666667
10360,54.38333333333333
10361,54.9
10362,53.516666666666666
10363,64.68333333333334
10364,64.85
10365,68.56666666666666
10366,39.583333333333336
10367,53.833333333333336
10368,57.4
10369,60.28333333333333
10370,65.73333333333333
10371,62.31666666666667
10372,59.9
10373,40.93333333333333
10374,56.1
10375,55.833333333333336
10376,62.85
10377,63.9
10378,66.9
10379,64.36666666666666
10380,41.88333333333333
10381,51.516666666666666
10382,57.8
10383,62.06666666666667
10384,64.23333333333333
10385,65.46666666666667
10386,67.93333333333334
10387,46.13333333333333
10388,52.85
10389,63.43333333333333
10390,66.1
10391,57.11666666666667
10392,46.2
10393,55.11666666666667
10394,46.733333333333334
10395,44.15
10396,37.666666666666664
10397,44.21666666666667
10398,47.68333333333333
10399,46.38333333333333
10400,46.45
10401,36.88333333333333
10402,37.71666666666667
10403,35.083333333333336
10404,42.666666666666664
10405,43.06666666666667
10406,43.68333333333333
10407,43.5
10408,31.733333333333334
10409,36.06666666666667
10410,37.416666666666664
10411,29.933333333333334
10412,43.11666666666667
10413,42.28333333333333
10414,42.13333333333333
10415,30.716666666666665
10416,38.93333333333333
10417,39.9
10418,45.65
10419,47.583333333333336
10420,43.46666666666667
10421,44.13333333333333
10422,7.966666666666667
10423,5.166666666666667
10424,5.183333333333334
10425,4.85
10426,5.116666666666666
10427,6.666666666666667
10428,6.716666666666667
10429,5.233333333333333
10430,4.716666666666667
10431,4.666666666666667
10432,3.9833333333333334
10433,3.966666666666667
10434,6.3
10435,6.533333333333333
10436,5.233333333333333
10437,4.55
10438,4.533333333333333
10439,3.65
10440,3.816666666666667
10441,6.566666666666666
10442,7.016666666666667
10443,5.233333333333333
10444,4.983333333333333
10445,5.1
10446,4.116666666666666
10447,4.4
10448,7.05
10449,7.066666666666666
10450,5.383333333333334
10451,5.266666666666667
10452,5.466666666666667
10453,4.35
10454,4.616666666666666
10455,6.666666666666667
10456,6.716666666666667
10457,5.25
10458,4.916666666666667
10459,4.866666666666666
10460,4.05
10461,4.466666666666667
10462,6.783333333333333
10463,6.633333333333334
10464,5.25
10465,4.766666666666667
10466,4.716666666666667
10467,3.7666666666666666
10468,4.1
10469,6.816666666666666
10470,6.616666666666666
10471,5.3
10472,4.8
10473,4.933333333333334
10474,3.95
10475,4.233333333333333
10476,7.116666666666666
10477,6.933333333333334
10478,5.4
10479,5.083333333333333
10480,5.483333333333333
10481,4.35
10482,4.616666666666666
10483,6.7
10484,6.816666666666666
10485,5.283333333333333
10486,4.85
10487,4.883333333333334
10488,4.05
10489,4.466666666666667
10490,6.816666666666666
10491,6.733333333333333
10492,5.25
10493,4.7
10494,4.733333333333333
10495,3.7666666666666666
10496,4.1
10497,6.816666666666666
10498,6.616666666666666
10499,5.3
10500,4.816666666666666
10501,4.95
10502,3.95
10503,4.233333333333333
10504,7.116666666666666
10505,6.933333333333334
10506,5.4
10507,5.05
10508,5.483333333333333
10509,4.3
10510,4.583333333333333
10511,7.233333333333333
10512,3.9
10513,25.8
10514,28.15
10515,27.15
10516,26.516666666666666
10517,27.1
10518,29.15
10519,36.78333333333333
10520,40.13333333333333
10521,47.85
10522,48.06666666666667
10523,41.61666666666667
10524,48.2
10525,38.7
10526,35.9
10527,38.55
10528,44.666666666666664
10529,41.78333333333333
10530,43.85
10531,41.13333333333333
10532,25.683333333333334
10533,32.45
10534,31.466666666666665
10535,40.68333333333333
10536,40.95
10537,43.416666666666664
10538,46.36666666666667
10539,38.21666666666667
10540,42.233333333333334
10541,44.11666666666667
10542,44.18333333333333
10543,47.0
10544,48.916666666666664
10545,49.166666666666664
10546,36.93333333333333
10547,44.11666666666667
10548,44.15
10549,52.1
10550,44.68333333333333
10551,53.06666666666667
10552,54.56666666666667
10553,35.666666666666664
10554,45.983333333333334
10555,45.38333333333333
10556,46.55
10557,57.61666666666667
10558,55.483333333333334
10559,51.96666666666667
10560,43.333333333333336
10561,47.166666666666664
10562,48.36666666666667
10563,48.96666666666667
10564,49.15
10565,50.2
10566,55.86666666666667
10567,28.0
10568,43.65
10569,45.46666666666667
10570,43.75
10571,63.28333333333333
10572,61.53333333333333
10573,58.483333333333334
10574,40.4
10575,50.31666666666667
10576,50.166666666666664
10577,59.4
10578,59.86666666666667
10579,59.233333333333334
10580,63.9
10581,45.45
10582,53.93333333333333
10583,53.38333333333333
10584,64.1
10585,62.55
10586,66.7
10587,67.61666666666666
10588,40.81666666666667
10589,57.0
10590,53.81666666666667
10591,50.6
10592,59.55
10593,61.5
10594,59.43333333333333
10595,44.9
10596,54.38333333333333
10597,54.916666666666664
10598,48.46666666666667
10599,64.2
10600,60.9
10601,60.916666666666664
10602,46.45
10603,51.56666666666667
10604,57.61666666666667
10605,56.266666666666666
10606,60.71666666666667
10607,69.31666666666666
10608,70.51666666666667
10609,50.6
10610,55.916666666666664
10611,60.75
10612,73.61666666666666
10613,71.2
10614,70.16666666666667
10615,67.66666666666667
10616,50.3
10617,69.36666666666666
10618,71.88333333333334
10619,69.96666666666667
10620,73.56666666666666
10621,67.5
10622,76.1
10623,50.96666666666667
10624,62.55
10625,61.266666666666666
10626,69.68333333333334
10627,66.91666666666667
10628,69.41666666666667
10629,71.45
10630,49.18333333333333
10631,57.81666666666667
10632,58.666666666666664
10633,64.81666666666666
10634,67.18333333333334
10635,73.86666666666666
10636,77.48333333333333
10637,47.88333333333333
10638,60.7
10639,68.33333333333333
10640,73.26666666666667
10641,81.3
10642,85.38333333333334
10643,84.15
10644,59.3
10645,70.46666666666667
10646,76.6
10647,70.01666666666667
10648,75.0
10649,82.5
10650,75.98333333333333
10651,59.78333333333333
10652,59.46666666666667
10653,64.66666666666667
10654,76.73333333333333
10655,76.83333333333333
10656,82.01666666666667
10657,82.61666666666666
10658,59.166666666666664
10659,70.65
10660,68.46666666666667
10661,79.03333333333333
10662,77.65
10663,86.01666666666667
10664,88.5
10665,61.53333333333333
10666,74.58333333333333
10667,73.63333333333334
10668,81.16666666666667
10669,82.08333333333333
10670,88.15
10671,82.53333333333333
10672,66.63333333333334
10673,69.1
10674,69.31666666666666
10675,70.25
10676,81.35
10677,80.01666666666667
10678,86.38333333333334
10679,57.63333333333333
10680,68.95
10681,76.68333333333334
10682,70.45
10683,83.58333333333333
10684,84.35
10685,84.88333333333334
10686,55.65
10687,71.53333333333333
10688,77.38333333333334
10689,87.08333333333333
10690,90.55
10691,86.58333333333333
10692,93.55
10693,68.8
10694,73.06666666666666
10695,78.78333333333333
10696,90.13333333333334
10697,78.45
10698,76.03333333333333
10699,86.36666666666666
10700,59.61666666666667
10701,71.06666666666666
10702,78.25
10703,84.7
10704,93.13333333333334
10705,95.46666666666667
10706,103.2
10707,73.63333333333334
10708,80.73333333333333
10709,80.71666666666667
10710,96.56666666666666
10711,83.96666666666667
10712,89.26666666666667
10713,79.38333333333334
10714,70.9
10715,78.46666666666667
10716,78.15
10717,89.0
10718,92.43333333333334
10719,96.96666666666667
10720,95.73333333333333
10721,69.58333333333333
10722,74.8
10723,75.78333333333333
10724,80.13333333333334
10725,71.43333333333334
10726,78.0
10727,89.7
10728,53.8
10729,69.43333333333334
10730,73.45
10731,89.23333333333333
10732,86.15
10733,83.71666666666667
10734,85.26666666666667
10735,52.56666666666667
10736,68.95
10737,75.38333333333334
10738,76.18333333333334
10739,83.48333333333333
10740,84.4
10741,84.98333333333333
10742,61.3
10743,66.96666666666667
10744,72.55
10745,79.91666666666667
10746,70.81666666666666
10747,78.43333333333334
10748,78.88333333333334
10749,53.766666666666666
10750,66.6
10751,71.51666666666667
10752,76.31666666666666
10753,75.05
10754,80.75
10755,76.83333333333333
10756,60.266666666666666
10757,65.98333333333333
10758,74.01666666666667
10759,71.1
10760,72.9
10761,72.78333333333333
10762,74.11666666666666
10763,54.7
10764,61.2
10765,66.6
10766,67.03333333333333
10767,71.65
10768,77.96666666666667
10769,83.23333333333333
10770,55.96666666666667
10771,60.56666666666667
10772,66.41666666666667
10773,67.23333333333333
10774,73.81666666666666
10775,68.6
10776,73.18333333333334
10777,52.4
10778,68.7
10779,64.68333333333334
10780,73.5
10781,63.666666666666664
10782,77.26666666666667
10783,64.01666666666667
10784,51.083333333333336
10785,54.93333333333333
10786,62.4
10787,60.21666666666667
10788,61.15
10789,66.65
10790,63.68333333333333
10791,48.43333333333333
10792,55.483333333333334
10793,62.56666666666667
10794,64.86666666666666
10795,70.46666666666667
10796,69.38333333333334
10797,72.15
10798,48.71666666666667
10799,56.68333333333333
10800,58.21666666666667
10801,61.1
10802,71.33333333333333
10803,69.56666666666666
10804,70.13333333333334
10805,43.983333333333334
10806,57.9
10807,57.916666666666664
10808,64.48333333333333
10809,67.63333333333334
10810,68.93333333333334
10811,68.21666666666667
10812,49.96666666666667
10813,56.46666666666667
10814,61.0
10815,61.93333333333333
10816,68.85
10817,76.41666666666667
10818,75.51666666666667
10819,45.38333333333333
10820,68.08333333333333
10821,67.41666666666667
10822,81.28333333333333
10823,76.28333333333333
10824,75.78333333333333
10825,74.8
10826,54.05
10827,64.08333333333333
10828,63.63333333333333
10829,69.65
10830,72.06666666666666
10831,70.43333333333334
10832,79.11666666666666
10833,52.916666666666664
10834,59.85
10835,70.7
10836,69.3
10837,70.3
10838,73.21666666666667
10839,75.8
10840,50.016666666666666
10841,67.13333333333334
10842,67.88333333333334
10843,65.61666666666666
10844,76.81666666666666
10845,77.68333333333334
10846,65.06666666666666
10847,54.03333333333333
10848,48.583333333333336
10849,58.416666666666664
10850,62.483333333333334
10851,57.85
10852,61.266666666666666
10853,55.583333333333336
10854,38.53333333333333
10855,44.8
10856,52.666666666666664
10857,53.11666666666667
10858,52.81666666666667
10859,53.6
10860,55.833333333333336
10861,38.516666666666666
10862,49.6
10863,52.06666666666667
10864,54.96666666666667
10865,56.083333333333336
10866,59.53333333333333
10867,55.68333333333333
10868,45.25
10869,49.983333333333334
10870,43.75
10871,47.583333333333336
10872,58.93333333333333
10873,53.333333333333336
10874,56.983333333333334
10875,46.81666666666667
10876,43.65
10877,49.7
10878,47.61666666666667
10879,50.96666666666667
10880,51.05
10881,48.71666666666667
10882,35.46666666666667
10883,42.88333333333333
10884,44.86666666666667
10885,48.55
10886,49.016666666666666
10887,52.96666666666667
10888,52.11666666666667
10889,37.45
10890,44.38333333333333
10891,52.96666666666667
10892,47.13333333333333
10893,52.88333333333333
10894,56.666666666666664
10895,60.4
10896,42.11666666666667
10897,46.71666666666667
10898,48.2
10899,52.38333333333333
10900,47.36666666666667
10901,61.05
10902,56.06666666666667
10903,38.4
10904,45.68333333333333
10905,47.06666666666667
10906,39.1
10907,52.6
10908,56.1
10909,54.0
10910,36.61666666666667
10911,47.86666666666667
10912,47.483333333333334
10913,47.13333333333333
10914,63.016666666666666
10915,57.5
10916,61.21666666666667
10917,41.583333333333336
10918,51.083333333333336
10919,52.9
10920,59.43333333333333
10921,58.06666666666667
10922,65.06666666666666
10923,55.93333333333333
10924,42.46666666666667
10925,46.35
10926,54.81666666666667
10927,58.733333333333334
10928,51.88333333333333
10929,63.71666666666667
10930,59.88333333333333
10931,42.9
10932,48.516666666666666
10933,53.233333333333334
10934,50.3
10935,49.43333333333333
10936,65.25
10937,76.63333333333334
10938,46.28333333333333
10939,62.75
10940,66.76666666666667
10941,66.83333333333333
10942,74.76666666666667
10943,78.96666666666667
10944,80.53333333333333
10945,49.166666666666664
10946,61.38333333333333
10947,60.35
10948,60.9
10949,63.166666666666664
10950,73.95
10951,70.58333333333333
10952,49.95
10953,58.166666666666664
10954,59.03333333333333
10955,67.03333333333333
10956,65.31666666666666
10957,74.11666666666666
10958,74.15
10959,52.35
10960,63.11666666666667
10961,67.76666666666667
10962,62.43333333333333
10963,68.11666666666666
10964,75.36666666666666
10965,78.75
10966,52.36666666666667
10967,66.66666666666667
10968,78.13333333333334
10969,79.56666666666666
10970,84.03333333333333
10971,74.73333333333333
10972,90.2
10973,59.53333333333333
10974,69.16666666666667
10975,74.66666666666667
10976,83.78333333333333
10977,88.9
10978,96.86666666666666
10979,87.96666666666667
10980,57.166666666666664
10981,72.1
10982,75.93333333333334
10983,66.86666666666666
10984,85.9
10985,85.18333333333334
10986,88.61666666666666
10987,57.78333333333333
10988,72.41666666666667
10989,79.06666666666666
10990,85.45
10991,72.25
10992,86.05
10993,83.05
10994,55.36666666666667
10995,64.55
10996,58.95
10997,65.65
10998,77.01666666666667
10999,83.13333333333334
11000,81.63333333333334
11001,51.53333333333333
11002,71.78333333333333
11003,76.71666666666667
11004,77.83333333333333
11005,77.35
11006,86.03333333333333
11007,89.78333333333333
11008,58.05
11009,68.18333333333334
11010,77.03333333333333
11011,101.21666666666667
11012,89.3
11013,90.96666666666667
11014,97.41666666666667
11015,65.01666666666667
11016,78.23333333333333
11017,81.55
11018,83.48333333333333
11019,92.25
11020,93.61666666666666
11021,90.38333333333334
11022,62.0
11023,75.01666666666667
11024,83.45
11025,86.88333333333334
11026,87.15
11027,94.7
11028,91.18333333333334
11029,65.53333333333333
11030,79.56666666666666
11031,81.53333333333333
11032,96.71666666666667
11033,99.43333333333334
11034,101.18333333333334
11035,100.18333333333334
11036,74.65
11037,84.48333333333333
11038,87.95
11039,96.86666666666666
11040,97.33333333333333
11041,99.63333333333334
11042,102.16666666666667
11043,66.25
11044,83.68333333333334
11045,84.4
11046,91.73333333333333
11047,101.36666666666666
11048,102.66666666666667
11049,96.08333333333333
11050,74.31666666666666
11051,86.38333333333334
11052,91.85
11053,96.75
11054,91.1
11055,99.38333333333334
11056,103.95
11057,64.3
11058,76.7
11059,85.7
11060,91.43333333333334
11061,98.78333333333333
11062,100.96666666666667
11063,104.43333333333334
11064,65.71666666666667
11065,85.2
11066,84.73333333333333
11067,94.71666666666667
11068,100.23333333333333
11069,99.2
11070,97.33333333333333
11071,73.95
11072,82.53333333333333
11073,85.98333333333333
11074,97.3
11075,100.75
11076,99.5
11077,120.06666666666666
11078,73.18333333333334
11079,89.35
11080,86.5
11081,91.35
11082,97.9
11083,106.0
11084,99.76666666666667
11085,71.51666666666667
11086,79.51666666666667
11087,86.18333333333334
11088,94.0
11089,91.28333333333333
11090,99.8
11091,96.21666666666667
11092,70.28333333333333
11093,78.75
11094,84.96666666666667
11095,102.21666666666667
11096,82.98333333333333
11097,95.46666666666667
11098,102.23333333333333
11099,67.9
11100,81.23333333333333
11101,83.13333333333334
11102,80.45
11103,94.51666666666667
11104,91.81666666666666
11105,94.53333333333333
11106,60.666666666666664
11107,72.95
11108,82.86666666666666
11109,90.58333333333333
11110,92.35
11111,97.3
11112,91.85
11113,61.78333333333333
11114,72.61666666666666
11115,79.18333333333334
11116,87.91666666666667
11117,96.56666666666666
11118,92.35
11119,101.6
11120,62.18333333333333
11121,76.81666666666666
11122,88.73333333333333
11123,91.6
11124,76.81666666666666
11125,83.58333333333333
11126,84.38333333333334
11127,53.9
11128,74.58333333333333
11129,77.98333333333333
11130,84.2
11131,87.9
11132,89.78333333333333
11133,84.53333333333333
11134,58.916666666666664
11135,82.06666666666666
11136,73.85
11137,68.16666666666667
11138,88.0
11139,89.78333333333333
11140,91.53333333333333
11141,59.416666666666664
11142,72.5
11143,80.31666666666666
11144,80.73333333333333
11145,79.31666666666666
11146,86.53333333333333
11147,82.18333333333334
11148,61.4
11149,72.13333333333334
11150,68.28333333333333
11151,62.46666666666667
11152,75.81666666666666
11153,80.21666666666667
11154,76.95
11155,50.96666666666667
11156,59.71666666666667
11157,66.96666666666667
11158,70.33333333333333
11159,77.75
11160,73.31666666666666
11161,73.95
11162,53.53333333333333
11163,65.83333333333333
11164,71.63333333333334
11165,76.85
11166,77.93333333333334
11167,81.76666666666667
11168,86.6
11169,54.333333333333336
11170,74.93333333333334
11171,69.31666666666666
11172,70.88333333333334
11173,77.85
11174,78.06666666666666
11175,78.31666666666666
11176,49.75
11177,65.63333333333334
11178,66.98333333333333
11179,74.05
11180,79.35
11181,76.63333333333334
11182,76.85
11183,52.56666666666667
11184,73.73333333333333
11185,72.05
11186,78.16666666666667
11187,82.23333333333333
11188,84.73333333333333
11189,88.43333333333334
11190,55.36666666666667
11191,70.46666666666667
11192,77.4
11193,83.11666666666666
11194,80.31666666666666
11195,90.48333333333333
11196,90.0
11197,57.43333333333333
11198,82.88333333333334
11199,74.28333333333333
11200,68.9
11201,76.81666666666666
11202,93.35
11203,89.03333333333333
11204,55.583333333333336
11205,74.35
11206,68.88333333333334
11207,75.01666666666667
11208,80.66666666666667
11209,87.43333333333334
11210,83.33333333333333
11211,55.916666666666664
11212,52.93333333333333
11213,59.2
11214,69.86666666666666
11215,58.88333333333333
11216,66.45
11217,62.13333333333333
11218,40.61666666666667
11219,53.25
11220,52.9
11221,48.38333333333333
11222,66.35
11223,63.3
11224,64.76666666666667
11225,42.0
11226,55.983333333333334
11227,62.166666666666664
11228,67.28333333333333
11229,63.4
11230,69.1
11231,71.06666666666666
11232,45.38333333333333
11233,51.25
11234,57.45
11235,59.13333333333333
11236,55.53333333333333
11237,64.21666666666667
11238,60.31666666666667
11239,39.766666666666666
11240,52.8
11241,53.083333333333336
11242,61.983333333333334
11243,53.266666666666666
11244,59.93333333333333
11245,60.333333333333336
11246,41.516666666666666
11247,50.75
11248,59.9
11249,56.25
11250,59.083333333333336
11251,61.36666666666667
11252,61.61666666666667
11253,41.6
11254,50.3
11255,49.25
11256,42.516666666666666
11257,62.43333333333333
11258,60.78333333333333
11259,59.6
11260,43.2
11261,45.75
11262,56.2
11263,57.333333333333336
11264,56.45
11265,52.416666666666664
11266,52.38333333333333
11267,41.916666666666664
11268,44.65
11269,50.416666666666664
11270,49.916666666666664
11271,53.416666666666664
11272,54.9
11273,63.75
11274,42.016666666666666
11275,64.28333333333333
11276,56.483333333333334
11277,53.21666666666667
11278,63.766666666666666
11279,66.16666666666667
11280,69.8
11281,45.516666666666666
11282,56.93333333333333
11283,54.88333333333333
11284,61.3
11285,66.13333333333334
11286,59.13333333333333
11287,67.13333333333334
11288,43.8
11289,57.95
11290,59.95
11291,64.6
11292,65.55
11293,64.23333333333333
11294,61.43333333333333
11295,41.86666666666667
11296,49.18333333333333
11297,57.56666666666667
11298,66.88333333333334
11299,70.6
11300,69.1
11301,72.71666666666667
11302,53.86666666666667
11303,62.583333333333336
11304,59.5
11305,68.78333333333333
11306,65.65
11307,70.98333333333333
11308,79.18333333333334
11309,49.06666666666667
11310,60.88333333333333
11311,65.23333333333333
11312,78.35
11313,76.63333333333334
11314,69.4
11315,78.45
11316,49.35
11317,64.56666666666666
11318,65.63333333333334
11319,73.61666666666666
11320,83.45
11321,78.33333333333333
11322,81.91666666666667
11323,57.3
11324,69.91666666666667
11325,72.45
11326,78.55
11327,75.43333333333334
11328,80.31666666666666
11329,79.95
11330,49.25
11331,64.06666666666666
11332,77.43333333333334
11333,73.81666666666666
11334,81.2
11335,91.25
11336,108.1
11337,57.21666666666667
11338,78.81666666666666
11339,74.95
11340,82.33333333333333
11341,86.4
11342,86.8
11343,89.16666666666667
11344,58.6
11345,69.98333333333333
11346,81.66666666666667
11347,85.9
11348,74.21666666666667
11349,87.2
11350,88.83333333333333
11351,58.11666666666667
11352,74.63333333333334
11353,75.95
11354,75.63333333333334
11355,82.03333333333333
11356,83.06666666666666
11357,81.73333333333333
11358,54.983333333333334
11359,69.78333333333333
11360,72.95
11361,73.48333333333333
11362,94.03333333333333
11363,104.31666666666666
11364,100.86666666666666
11365,69.83333333333333
11366,81.11666666666666
11367,81.81666666666666
11368,95.18333333333334
11369,88.85
11370,89.5
11371,102.55
11372,65.65
11373,84.75
11374,80.95
11375,83.63333333333334
11376,89.15
11377,97.8
11378,100.6
11379,68.7
11380,80.41666666666667
11381,82.86666666666666
11382,79.6
11383,87.23333333333333
11384,90.78333333333333
11385,99.73333333333333
11386,66.95
11387,85.28333333333333
11388,84.91666666666667
11389,88.28333333333333
11390,99.0
11391,99.73333333333333
11392,101.11666666666666
11393,67.6
11394,78.93333333333334
11395,86.13333333333334
11396,89.38333333333334
11397,117.78333333333333
11398,101.83333333333333
11399,101.78333333333333
11400,72.76666666666667
11401,89.16666666666667
11402,98.28333333333333
11403,101.26666666666667
11404,89.3
11405,103.71666666666667
11406,99.2
11407,70.25
11408,76.13333333333334
11409,87.31666666666666
11410,84.63333333333334
11411,91.01666666666667
11412,91.51666666666667
11413,89.98333333333333
11414,61.56666666666667
11415,79.15
11416,84.56666666666666
11417,93.31666666666666
11418,91.28333333333333
11419,102.13333333333334
11420,110.71666666666667
11421,72.48333333333333
11422,89.68333333333334
11423,94.53333333333333
11424,99.9
11425,95.66666666666667
11426,107.31666666666666
11427,109.85
11428,74.31666666666666
11429,89.85
11430,93.03333333333333
11431,107.93333333333334
11432,108.91666666666667
11433,126.43333333333334
11434,127.08333333333333
11435,80.78333333333333
11436,91.68333333333334
11437,95.36666666666666
11438,104.8
11439,105.68333333333334
11440,105.45
11441,109.28333333333333
11442,74.78333333333333
11443,91.81666666666666
11444,90.7
11445,106.18333333333334
11446,103.66666666666667
11447,113.31666666666666
11448,120.85
11449,78.11666666666666
11450,99.65
11451,94.38333333333334
11452,97.86666666666666
11453,100.86666666666666
11454,102.86666666666666
11455,107.1
11456,78.8
11457,81.46666666666667
11458,86.88333333333334
11459,93.13333333333334
11460,103.05
11461,99.1
11462,100.15
11463,70.13333333333334
11464,86.38333333333334
11465,85.25
11466,95.16666666666667
11467,95.35
11468,98.5
11469,95.85
11470,63.983333333333334
11471,72.65
11472,85.51666666666667
11473,81.85
11474,98.98333333333333
11475,100.05
11476,98.96666666666667
11477,66.33333333333333
11478,82.85
11479,84.11666666666666
11480,93.33333333333333
11481,91.11666666666666
11482,100.95
11483,103.05
11484,71.31666666666666
11485,85.46666666666667
11486,86.96666666666667
11487,86.9
11488,87.61666666666666
11489,90.88333333333334
11490,86.4
11491,56.96666666666667
11492,65.78333333333333
11493,71.68333333333334
11494,72.0
11495,90.21666666666667
11496,88.96666666666667
11497,93.4
11498,59.68333333333333
11499,79.41666666666667
11500,77.71666666666667
11501,91.31666666666666
11502,84.61666666666666
11503,95.71666666666667
11504,92.91666666666667
11505,62.483333333333334
11506,76.15
11507,78.5
11508,79.26666666666667
11509,96.01666666666667
11510,91.75
11511,92.91666666666667
11512,61.983333333333334
11513,77.38333333333334
11514,85.31666666666666
11515,91.9
11516,78.13333333333334
11517,90.08333333333333
11518,86.18333333333334
11519,57.083333333333336
11520,73.18333333333334
11521,77.93333333333334
11522,69.96666666666667
11523,78.38333333333334
11524,87.53333333333333
11525,87.76666666666667
11526,55.71666666666667
11527,70.0
11528,76.16666666666667
11529,72.46666666666667
11530,77.33333333333333
11531,81.85
11532,86.01666666666667
11533,60.5
11534,71.93333333333334
11535,80.08333333333333
11536,82.18333333333334
11537,85.63333333333334
11538,82.66666666666667
11539,92.36666666666666
11540,55.9
11541,71.83333333333333
11542,69.71666666666667
11543,80.86666666666666
11544,78.3
11545,86.35
11546,79.46666666666667
11547,53.03333333333333
11548,68.78333333333333
11549,84.23333333333333
11550,74.03333333333333
11551,79.96666666666667
11552,87.81666666666666
11553,89.51666666666667
11554,58.833333333333336
11555,67.7
11556,69.96666666666667
11557,73.48333333333333
11558,93.53333333333333
11559,84.93333333333334
11560,78.2
11561,58.31666666666667
11562,71.83333333333333
11563,72.61666666666666
11564,64.4
11565,81.03333333333333
11566,83.48333333333333
11567,85.31666666666666
11568,55.81666666666667
11569,71.3
11570,77.43333333333334
11571,76.75
11572,85.23333333333333
11573,87.81666666666666
11574,89.55
11575,59.93333333333333
11576,53.766666666666666
11577,53.25
11578,71.3
11579,61.06666666666667
11580,67.71666666666667
11581,69.58333333333333
11582,43.71666666666667
11583,53.68333333333333
11584,63.85
11585,77.68333333333334
11586,68.71666666666667
11587,70.08333333333333
11588,71.95
11589,43.86666666666667
11590,56.916666666666664
11591,53.03333333333333
11592,72.71666666666667
11593,61.233333333333334
11594,64.78333333333333
11595,66.21666666666667
11596,47.93333333333333
11597,52.833333333333336
11598,48.88333333333333
11599,54.31666666666667
11600,63.916666666666664
11601,68.96666666666667
11602,62.5
11603,46.2
11604,51.21666666666667
11605,57.083333333333336
11606,58.85
11607,64.16666666666667
11608,67.7
11609,67.01666666666667
11610,45.43333333333333
11611,59.233333333333334
11612,59.56666666666667
11613,63.3
11614,59.5
11615,65.65
11616,61.06666666666667
11617,46.3
11618,49.916666666666664
11619,49.6
11620,57.21666666666667
11621,60.46666666666667
11622,60.05
11623,66.68333333333334
11624,40.95
11625,55.266666666666666
11626,55.3
11627,62.266666666666666
11628,64.2
11629,62.93333333333333
11630,64.38333333333334
11631,46.016666666666666
11632,55.3
11633,54.81666666666667
11634,59.18333333333333
11635,53.8
11636,63.916666666666664
11637,62.78333333333333
11638,45.0
11639,57.733333333333334
11640,54.833333333333336
11641,56.31666666666667
11642,66.4
11643,69.61666666666666
11644,70.73333333333333
11645,46.21666666666667
11646,58.416666666666664
11647,62.61666666666667
11648,66.95
11649,75.18333333333334
11650,74.11666666666666
11651,69.55
11652,47.666666666666664
11653,58.88333333333333
11654,58.516666666666666
11655,69.91666666666667
11656,69.0
11657,69.96666666666667
11658,71.05
11659,50.233333333333334
11660,56.8
11661,60.28333333333333
11662,68.56666666666666
11663,62.96666666666667
11664,66.03333333333333
11665,67.35
11666,47.45
11667,62.333333333333336
11668,61.56666666666667
11669,59.0
11670,78.61666666666666
11671,80.41666666666667
11672,86.1
11673,55.733333333333334
11674,62.96666666666667
11675,67.51666666666667
11676,77.45
11677,76.88333333333334
11678,83.05
11679,81.63333333333334
11680,53.68333333333333
11681,65.8
11682,75.25
11683,86.31666666666666
11684,77.01666666666667
11685,84.3
11686,97.78333333333333
11687,59.36666666666667
11688,72.33333333333333
11689,72.06666666666666
11690,76.68333333333334
11691,94.51666666666667
11692,80.15
11693,84.71666666666667
11694,57.583333333333336
11695,66.1
11696,76.53333333333333
11697,86.25
11698,95.76666666666667
11699,89.71666666666667
11700,84.15
11701,59.78333333333333
11702,81.03333333333333
11703,78.66666666666667
11704,90.76666666666667
11705,91.5
11706,94.76666666666667
11707,96.83333333333333
11708,64.2
11709,75.75
11710,85.16666666666667
11711,88.3
11712,82.18333333333334
11713,96.9
11714,99.0
11715,61.45
11716,74.91666666666667
11717,82.43333333333334
11718,87.3
11719,97.08333333333333
11720,98.7
11721,106.88333333333334
11722,72.1
11723,87.98333333333333
11724,82.88333333333334
11725,99.76666666666667
11726,83.0
11727,101.75
11728,105.58333333333333
11729,70.06666666666666
11730,83.03333333333333
11731,91.38333333333334
11732,99.03333333333333
11733,96.78333333333333
11734,107.1
11735,106.68333333333334
11736,69.15
11737,88.63333333333334
11738,90.78333333333333
11739,90.11666666666666
11740,91.0
11741,105.88333333333334
11742,101.06666666666666
11743,73.48333333333333
11744,86.58333333333333
11745,85.95
11746,90.06666666666666
11747,92.18333333333334
11748,101.28333333333333
11749,105.81666666666666
11750,70.33333333333333
11751,83.1
11752,89.35
11753,85.08333333333333
11754,96.18333333333334
11755,102.61666666666666
11756,107.9
11757,69.83333333333333
11758,82.06666666666666
11759,92.31666666666666
11760,91.36666666666666
11761,99.53333333333333
11762,109.11666666666666
11763,106.26666666666667
11764,70.86666666666666
11765,86.31666666666666
11766,93.08333333333333
11767,94.0
11768,98.71666666666667
11769,102.76666666666667
11770,108.16666666666667
11771,74.36666666666666
11772,89.45
11773,92.96666666666667
11774,94.41666666666667
11775,103.81666666666666
11776,117.46666666666667
11777,113.61666666666666
11778,78.48333333333333
11779,93.75
11780,91.56666666666666
11781,104.51666666666667
11782,103.25
11783,107.9
11784,108.71666666666667
11785,76.46666666666667
11786,89.81666666666666
11787,96.63333333333334
11788,91.08333333333333
11789,111.65
11790,120.63333333333334
11791,115.66666666666667
11792,76.93333333333334
11793,95.13333333333334
11794,99.03333333333333
11795,115.31666666666666
11796,119.83333333333333
11797,118.81666666666666
11798,118.36666666666666
11799,83.28333333333333
11800,100.48333333333333
11801,101.78333333333333
11802,108.1
11803,105.46666666666667
11804,122.41666666666667
11805,134.63333333333333
11806,75.0
11807,97.93333333333334
11808,96.06666666666666
11809,118.28333333333333
11810,120.83333333333333
11811,115.96666666666667
11812,116.58333333333333
11813,80.46666666666667
11814,91.81666666666666
11815,98.9
11816,113.7
11817,123.26666666666667
11818,129.51666666666668
11819,142.93333333333334
11820,79.1
11821,97.08333333333333
11822,98.66666666666667
11823,101.45
11824,107.31666666666666
11825,98.83333333333333
11826,95.61666666666666
11827,71.81666666666666
11828,87.35
11829,89.36666666666666
11830,81.96666666666667
11831,97.93333333333334
11832,106.78333333333333
11833,107.4
11834,75.93333333333334
11835,93.63333333333334
11836,100.36666666666666
11837,94.23333333333333
11838,107.28333333333333
11839,104.8
11840,107.76666666666667
11841,73.93333333333334
11842,87.6
11843,91.2
11844,107.63333333333334
11845,105.01666666666667
11846,99.98333333333333
11847,101.75
11848,74.48333333333333
11849,82.2
11850,86.0
11851,91.6
11852,83.46666666666667
11853,94.65
11854,98.03333333333333
11855,65.36666666666666
11856,81.0
11857,78.11666666666666
11858,77.18333333333334
11859,92.31666666666666
11860,100.65
11861,96.51666666666667
11862,64.36666666666666
11863,78.91666666666667
11864,88.28333333333333
11865,91.4
11866,98.43333333333334
11867,94.43333333333334
11868,100.7
11869,65.71666666666667
11870,80.36666666666666
11871,89.55
11872,92.45
11873,97.31666666666666
11874,99.51666666666667
11875,100.75
11876,70.78333333333333
11877,80.0
11878,86.55
11879,94.18333333333334
11880,88.08333333333333
11881,104.98333333333333
11882,100.55
11883,72.73333333333333
11884,79.38333333333334
11885,85.23333333333333
11886,88.5
11887,100.56666666666666
11888,93.68333333333334
11889,97.26666666666667
11890,64.3
11891,82.33333333333333
11892,82.0
11893,104.9
11894,95.1
11895,96.1
11896,93.68333333333334
11897,60.233333333333334
11898,69.86666666666666
11899,72.91666666666667
11900,85.55
11901,78.66666666666667
11902,93.65
11903,92.68333333333334
11904,59.93333333333333
11905,77.43333333333334
11906,82.33333333333333
11907,68.2
11908,90.3
11909,95.3
11910,92.05
11911,64.05
11912,70.43333333333334
11913,72.76666666666667
11914,93.21666666666667
11915,89.45
11916,85.91666666666667
11917,90.6
11918,57.56666666666667
11919,79.38333333333334
11920,77.88333333333334
11921,89.91666666666667
11922,92.56666666666666
11923,98.08333333333333
11924,99.21666666666667
11925,66.3
11926,84.23333333333333
11927,84.3
11928,96.6
11929,92.31666666666666
11930,100.9
11931,92.05
11932,64.66666666666667
11933,81.63333333333334
11934,83.9
11935,86.88333333333334
11936,81.91666666666667
11937,95.68333333333334
11938,97.05
11939,65.43333333333334
11940,80.83333333333333
11941,85.28333333333333
11942,73.81666666666666
11943,70.78333333333333
11944,80.5
11945,77.75
11946,55.56666666666667
11947,63.28333333333333
11948,65.3
11949,57.43333333333333
11950,62.35
11951,71.81666666666666
11952,73.18333333333334
11953,48.06666666666667
11954,58.666666666666664
11955,66.46666666666667
11956,60.0
11957,61.45
11958,72.65
11959,64.85
11960,43.0
11961,53.65
11962,57.7
11963,57.583333333333336
11964,70.55
11965,68.71666666666667
11966,69.81666666666666
11967,43.7
11968,55.78333333333333
11969,60.36666666666667
11970,68.18333333333334
11971,69.81666666666666
11972,70.55
11973,71.61666666666666
11974,41.833333333333336
11975,59.916666666666664
11976,64.45
11977,64.03333333333333
11978,57.71666666666667
11979,66.35
11980,67.73333333333333
11981,45.68333333333333
11982,54.766666666666666
11983,57.15
11984,52.2
11985,59.55
11986,63.03333333333333
11987,62.13333333333333
11988,41.61666666666667
11989,53.983333333333334
11990,57.2
11991,58.166666666666664
11992,60.85
11993,68.11666666666666
11994,69.63333333333334
11995,46.85
11996,50.63333333333333
11997,53.95
11998,56.95
11999,57.36666666666667
12000,64.0
12001,69.23333333333333
12002,47.516666666666666
12003,52.833333333333336
12004,64.8
12005,60.81666666666667
12006,75.53333333333333
12007,75.2
12008,81.26666666666667
12009,50.53333333333333
12010,61.06666666666667
12011,66.05
12012,68.76666666666667
12013,72.38333333333334
12014,80.43333333333334
12015,80.9
12016,49.516666666666666
12017,63.833333333333336
12018,64.43333333333334
12019,70.55
12020,66.88333333333334
12021,73.93333333333334
12022,74.71666666666667
12023,49.766666666666666
12024,59.81666666666667
12025,60.983333333333334
12026,58.96666666666667
12027,66.85
12028,73.1
12029,74.21666666666667
12030,52.63333333333333
12031,63.483333333333334
12032,71.38333333333334
12033,76.01666666666667
12034,73.25
12035,90.58333333333333
12036,89.01666666666667
12037,60.416666666666664
12038,71.15
12039,75.0
12040,69.06666666666666
12041,86.26666666666667
12042,89.08333333333333
12043,84.96666666666667
12044,57.13333333333333
12045,70.53333333333333
12046,76.1
12047,83.73333333333333
12048,87.4
12049,89.2
12050,99.36666666666666
12051,61.81666666666667
12052,69.9
12053,75.56666666666666
12054,85.81666666666666
12055,85.15
12056,85.36666666666666
12057,84.06666666666666
12058,58.4
12059,74.93333333333334
12060,73.21666666666667
12061,76.36666666666666
12062,79.65
12063,92.63333333333334
12064,106.3
12065,62.13333333333333
12066,77.61666666666666
12067,86.4
12068,96.58333333333333
12069,92.98333333333333
12070,103.81666666666666
12071,100.35
12072,64.4
12073,79.31666666666666
12074,85.28333333333333
12075,82.68333333333334
12076,90.73333333333333
12077,100.78333333333333
12078,96.63333333333334
12079,65.66666666666667
12080,79.61666666666666
12081,85.53333333333333
12082,83.23333333333333
12083,85.06666666666666
12084,96.75
12085,103.05
12086,64.66666666666667
12087,85.16666666666667
12088,89.61666666666666
12089,91.38333333333334
12090,92.0
12091,99.6
12092,98.03333333333333
12093,65.11666666666666
12094,82.55
12095,86.8
12096,92.03333333333333
12097,107.95
12098,102.9
12099,110.0
12100,74.1
12101,91.13333333333334
12102,87.01666666666667
12103,97.6
12104,117.36666666666666
12105,110.4
12106,121.2
12107,78.76666666666667
12108,95.1
12109,88.11666666666666
12110,112.75
12111,122.61666666666666
12112,117.78333333333333
12113,121.7
12114,86.55
12115,93.88333333333334
12116,104.9
12117,113.63333333333334
12118,109.38333333333334
12119,105.35
12120,101.88333333333334
12121,83.56666666666666
12122,97.76666666666667
12123,98.9
12124,108.66666666666667
12125,118.2
12126,125.61666666666666
12127,121.6
12128,80.55
12129,93.6
12130,92.93333333333334
12131,109.98333333333333
12132,104.73333333333333
12133,131.53333333333333
12134,140.73333333333332
12135,75.0
12136,97.4
12137,105.78333333333333
12138,103.85
12139,118.33333333333333
12140,107.68333333333334
12141,104.16666666666667
12142,79.4
12143,95.38333333333334
12144,103.4
12145,108.46666666666667
12146,108.58333333333333
12147,112.63333333333334
12148,116.86666666666666
12149,77.83333333333333
12150,91.73333333333333
12151,98.05
12152,98.13333333333334
12153,115.61666666666666
12154,117.28333333333333
12155,123.18333333333334
12156,79.23333333333333
12157,99.38333333333334
12158,97.3
12159,108.33333333333333
12160,106.98333333333333
12161,119.5
12162,120.33333333333333
12163,75.0
12164,95.03333333333333
12165,96.48333333333333
12166,96.05
12167,108.43333333333334
12168,130.66666666666666
12169,119.86666666666666
12170,83.51666666666667
12171,108.66666666666667
12172,102.06666666666666
12173,119.06666666666666
12174,114.33333333333333
12175,128.0
12176,131.65
12177,84.6
12178,101.13333333333334
12179,113.03333333333333
12180,120.0
12181,131.36666666666667
12182,129.33333333333334
12183,124.13333333333334
12184,82.61666666666666
12185,97.86666666666666
12186,105.56666666666666
12187,114.25
12188,117.9
12189,110.08333333333333
12190,111.31666666666666
12191,70.35
12192,81.5
12193,87.43333333333334
12194,81.18333333333334
12195,109.45
12196,106.38333333333334
12197,106.76666666666667
12198,70.9
12199,86.78333333333333
12200,96.55
12201,110.76666666666667
12202,107.63333333333334
12203,112.48333333333333
12204,109.55
12205,74.08333333333333
12206,95.5
12207,103.85
12208,97.06666666666666
12209,100.13333333333334
12210,114.01666666666667
12211,112.08333333333333
12212,77.41666666666667
12213,89.61666666666666
12214,94.75
12215,100.13333333333334
12216,104.28333333333333
12217,109.53333333333333
12218,109.05
12219,79.8
12220,83.05
12221,90.83333333333333
12222,90.51666666666667
12223,96.81666666666666
12224,103.33333333333333
12225,106.91666666666667
12226,67.01666666666667
12227,82.63333333333334
12228,91.63333333333334
12229,89.9
12230,99.03333333333333
12231,106.66666666666667
12232,103.66666666666667
12233,67.33333333333333
12234,80.75
12235,92.45
12236,95.96666666666667
12237,96.38333333333334
12238,98.95
12239,99.73333333333333
12240,70.65
12241,86.51666666666667
12242,88.88333333333334
12243,88.23333333333333
12244,100.11666666666666
12245,110.21666666666667
12246,104.38333333333334
12247,67.86666666666666
12248,94.13333333333334
12249,87.61666666666666
12250,91.86666666666666
12251,87.48333333333333
12252,94.65
12253,91.41666666666667
12254,59.38333333333333
12255,81.28333333333333
12256,83.01666666666667
12257,82.0
12258,96.68333333333334
12259,99.66666666666667
12260,95.96666666666667
12261,63.35
12262,82.15
12263,78.56666666666666
12264,76.28333333333333
12265,90.1
12266,96.16666666666667
12267,91.7
12268,63.85
12269,77.11666666666666
12270,86.25
12271,92.33333333333333
12272,104.78333333333333
12273,91.06666666666666
12274,96.4
12275,64.05
12276,80.78333333333333
12277,85.51666666666667
12278,90.56666666666666
12279,96.63333333333334
12280,91.05
12281,93.53333333333333
12282,63.666666666666664
12283,81.63333333333334
12284,79.83333333333333
12285,89.78333333333333
12286,89.31666666666666
12287,91.85
12288,90.55
12289,63.28333333333333
12290,79.05
12291,83.0
12292,94.06666666666666
12293,100.01666666666667
12294,103.16666666666667
12295,107.5
12296,75.88333333333334
12297,83.5
12298,88.76666666666667
12299,97.5
12300,90.75
12301,99.5
12302,106.05
12303,69.56666666666666
12304,82.4
12305,86.9
12306,91.21666666666667
12307,85.61666666666666
12308,79.66666666666667
12309,83.66666666666667
12310,55.7
12311,63.666666666666664
12312,66.83333333333333
12313,70.25
12314,72.0
12315,71.23333333333333
12316,74.26666666666667
12317,47.233333333333334
12318,56.96666666666667
12319,61.03333333333333
12320,54.8
12321,62.9
12322,69.08333333333333
12323,70.98333333333333
12324,42.13333333333333
12325,53.56666666666667
12326,60.6
12327,56.766666666666666
12328,70.83333333333333
12329,71.88333333333334
12330,66.0
12331,51.75
12332,59.78333333333333
12333,63.53333333333333
12334,63.25
12335,64.9
12336,73.45
12337,69.76666666666667
12338,27.183333333333334
12339,5.183333333333334
12340,5.183333333333334
12341,4.85
12342,5.116666666666666
12343,6.666666666666667
12344,6.716666666666667
12345,5.233333333333333
12346,4.716666666666667
12347,4.666666666666667
12348,3.9833333333333334
12349,3.966666666666667
12350,6.3
12351,6.533333333333333
12352,5.233333333333333
12353,4.55
12354,4.533333333333333
12355,3.65
12356,3.816666666666667
12357,6.566666666666666
12358,7.016666666666667
12359,5.233333333333333
12360,4.983333333333333
12361,5.1
12362,4.116666666666666
12363,4.4
12364,7.05
12365,7.066666666666666
12366,5.383333333333334
12367,5.266666666666667
12368,5.466666666666667
12369,4.35
12370,4.616666666666666
12371,6.666666666666667
12372,6.716666666666667
12373,5.25
12374,4.916666666666667
12375,4.866666666666666
12376,4.05
12377,4.466666666666667
12378,6.783333333333333
12379,6.633333333333334
12380,5.25
12381,4.766666666666667
12382,4.716666666666667
12383,3.7666666666666666
12384,4.1
12385,6.816666666666666
12386,6.616666666666666
12387,5.3
12388,4.8
12389,4.933333333333334
12390,3.95
12391,4.233333333333333
12392,7.116666666666666
12393,6.933333333333334
12394,5.4
12395,5.05
12396,5.483333333333333
12397,4.35
12398,4.616666666666666
12399,6.7
12400,6.816666666666666
12401,5.283333333333333
12402,4.85
12403,4.883333333333334
12404,4.05
12405,4.466666666666667
12406,6.816666666666666
12407,6.733333333333333
12408,5.25
12409,4.7
12410,4.733333333333333
12411,3.7666666666666666
12412,4.1
12413,6.816666666666666
12414,6.616666666666666
12415,5.3
12416,4.816666666666666
12417,4.95
12418,3.95
12419,4.233333333333333
12420,7.116666666666666
12421,6.933333333333334
12422,5.4
12423,5.05
12424,5.483333333333333
12425,4.3
12426,4.583333333333333
12427,7.233333333333333
12428,3.8666666666666667
12429,10.55
12430,9.2
12431,15.166666666666666
12432,11.166666666666666
12433,11.266666666666667
12434,18.033333333333335
12435,14.85
12436,14.166666666666666
12437,14.783333333333333
12438,15.583333333333334
12439,16.083333333333332
12440,16.933333333333334
12441,17.716666666666665
12442,12.333333333333334
12443,13.5
12444,13.566666666666666
12445,15.583333333333334
12446,17.333333333333332
12447,15.033333333333333
12448,12.966666666666667
12449,12.566666666666666
12450,13.416666666666666
12451,16.333333333333332
12452,14.2
12453,15.833333333333334
12454,17.333333333333332
12455,16.533333333333335
12456,14.083333333333334
12457,15.916666666666666
12458,19.116666666666667
12459,18.783333333333335
12460,21.5
12461,18.916666666666668
12462,13.483333333333333
12463,14.75
12464,16.883333333333333
12465,17.733333333333334
12466,18.8
12467,17.3
12468,21.3
12469,20.533333333333335
12470,19.033333333333335
12471,19.3
12472,22.716666666666665
12473,22.766666666666666
12474,20.116666666666667
12475,21.833333333333332
12476,18.233333333333334
12477,17.433333333333334
12478,17.283333333333335
12479,20.0
12480,17.016666666666666
12481,18.75
12482,18.6
12483,14.35
12484,13.683333333333334
12485,13.566666666666666
12486,15.533333333333333
12487,16.1
12488,18.633333333333333
12489,17.8
12490,20.283333333333335
12491,18.416666666666668
12492,17.316666666666666
12493,24.55
12494,24.833333333333332
12495,26.366666666666667
12496,20.983333333333334
12497,19.516666666666666
12498,14.166666666666666
12499,17.566666666666666
12500,20.516666666666666
12501,21.366666666666667
12502,21.833333333333332
12503,21.366666666666667
12504,19.7
12505,16.883333333333333
12506,20.666666666666668
12507,19.083333333333332
12508,25.983333333333334
12509,24.833333333333332
12510,24.266666666666666
12511,19.233333333333334
12512,20.3
12513,20.683333333333334
12514,23.433333333333334
12515,22.033333333333335
12516,22.9
12517,25.9
12518,20.733333333333334
12519,17.616666666666667
12520,19.533333333333335
12521,22.4
12522,22.166666666666668
12523,24.316666666666666
12524,24.816666666666666
12525,22.516666666666666
12526,25.083333333333332
12527,25.2
12528,26.933333333333334
12529,25.933333333333334
12530,28.333333333333332
12531,31.433333333333334
12532,20.283333333333335
12533,28.033333333333335
12534,24.95
12535,27.333333333333332
12536,27.05
12537,27.383333333333333
12538,28.983333333333334
12539,21.183333333333334
12540,22.083333333333332
12541,25.35
12542,25.216666666666665
12543,25.666666666666668
12544,26.6
12545,27.933333333333334
12546,23.733333333333334
12547,24.05
12548,28.25
12549,30.316666666666666
12550,30.566666666666666
12551,32.2
12552,37.416666666666664
12553,24.0
12554,27.016666666666666
12555,26.45
12556,28.516666666666666
12557,26.95
12558,27.633333333333333
12559,28.25
12560,25.2
12561,25.95
12562,24.666666666666668
12563,17.766666666666666
12564,28.216666666666665
12565,26.2
12566,25.85
12567,22.516666666666666
12568,22.466666666666665
12569,26.65
12570,30.716666666666665
12571,30.583333333333332
12572,29.616666666666667
12573,32.53333333333333
12574,20.633333333333333
12575,26.283333333333335
12576,26.016666666666666
12577,28.8
12578,31.1
12579,31.066666666666666
12580,31.466666666666665
12581,22.2
12582,26.933333333333334
12583,28.066666666666666
12584,27.666666666666668
12585,31.35
12586,32.483333333333334
12587,28.083333333333332
12588,25.433333333333334
12589,27.283333333333335
12590,27.166666666666668
12591,23.8
12592,25.466666666666665
12593,31.716666666666665
12594,33.233333333333334
12595,25.283333333333335
12596,26.883333333333333
12597,27.5
12598,27.566666666666666
12599,30.983333333333334
12600,28.516666666666666
12601,33.03333333333333
12602,21.916666666666668
12603,25.683333333333334
12604,24.75
12605,28.633333333333333
12606,32.95
12607,29.65
12608,27.216666666666665
12609,23.133333333333333
12610,28.283333333333335
12611,27.8
12612,32.25
12613,34.8
12614,34.916666666666664
12615,32.983333333333334
12616,26.433333333333334
12617,27.366666666666667
12618,28.266666666666666
12619,29.05
12620,26.666666666666668
12621,29.35
12622,30.45
12623,26.616666666666667
12624,28.916666666666668
12625,31.4
12626,24.633333333333333
12627,27.95
12628,31.6
12629,35.083333333333336
12630,21.95
12631,26.516666666666666
12632,26.683333333333334
12633,34.85
12634,34.583333333333336
12635,34.4
12636,32.38333333333333
12637,26.816666666666666
12638,26.6
12639,21.916666666666668
12640,30.5
12641,25.1
12642,30.916666666666668
12643,30.883333333333333
12644,23.966666666666665
12645,24.166666666666668
12646,25.183333333333334
12647,24.866666666666667
12648,29.5
12649,28.8
12650,31.433333333333334
12651,24.916666666666668
12652,23.85
12653,26.5
12654,29.75
12655,26.433333333333334
12656,28.25
12657,30.25
12658,24.933333333333334
12659,24.6
12660,24.666666666666668
12661,25.133333333333333
12662,27.183333333333334
12663,26.833333333333332
12664,26.65
12665,22.216666666666665
12666,21.833333333333332
12667,22.5
12668,27.35
12669,26.2
12670,28.916666666666668
12671,27.316666666666666
12672,25.35
12673,23.533333333333335
12674,23.416666666666668
12675,23.083333333333332
12676,24.05
12677,21.35
12678,26.833333333333332
12679,18.1
12680,21.25
12681,20.783333333333335
12682,22.65
12683,22.333333333333332
12684,26.383333333333333
12685,25.8
12686,24.816666666666666
12687,24.766666666666666
12688,24.166666666666668
12689,28.716666666666665
12690,29.35
12691,30.183333333333334
12692,29.933333333333334
12693,22.566666666666666
12694,23.166666666666668
12695,25.616666666666667
12696,29.716666666666665
12697,27.05
12698,31.166666666666668
12699,30.066666666666666
12700,21.533333333333335
12701,24.95
12702,22.183333333333334
12703,22.133333333333333
12704,25.433333333333334
12705,23.866666666666667
12706,24.383333333333333
12707,20.266666666666666
12708,18.766666666666666
12709,22.616666666666667
12710,21.816666666666666
12711,21.833333333333332
12712,22.416666666666668
12713,24.033333333333335
12714,17.883333333333333
12715,22.7
12716,24.45
12717,25.916666666666668
12718,28.083333333333332
12719,24.216666666666665
12720,23.95
12721,17.1
12722,19.116666666666667
12723,20.65
12724,18.433333333333334
12725,24.933333333333334
12726,25.3
12727,26.416666666666668
12728,19.916666666666668
12729,15.316666666666666
12730,22.7
12731,23.05
12732,21.233333333333334
12733,25.35
12734,23.733333333333334
12735,18.7
12736,23.316666666666666
12737,24.733333333333334
12738,25.8
12739,27.766666666666666
12740,26.633333333333333
12741,26.816666666666666
12742,20.733333333333334
12743,23.316666666666666
12744,24.933333333333334
12745,28.066666666666666
12746,26.433333333333334
12747,25.366666666666667
12748,27.616666666666667
12749,25.616666666666667
12750,22.633333333333333
12751,25.35
12752,28.583333333333332
12753,26.716666666666665
12754,27.383333333333333
12755,27.666666666666668
12756,24.333333333333332
12757,21.15
12758,21.516666666666666
12759,24.533333333333335
12760,27.583333333333332
12761,25.183333333333334
12762,23.683333333333334
12763,18.333333333333332
12764,21.2
12765,20.266666666666666
12766,20.35
12767,20.4
12768,21.983333333333334
12769,20.366666666666667
12770,15.666666666666666
12771,15.666666666666666
12772,17.883333333333333
12773,17.366666666666667
12774,20.033333333333335
12775,21.716666666666665
12776,19.5
12777,16.316666666666666
12778,18.55
12779,17.9
12780,18.433333333333334
12781,22.733333333333334
12782,21.666666666666668
12783,20.95
12784,16.833333333333332
12785,16.766666666666666
12786,15.8
12787,20.2
12788,20.433333333333334
12789,20.633333333333333
12790,19.7
12791,16.616666666666667
12792,16.3
12793,16.333333333333332
12794,19.433333333333334
12795,20.366666666666667
12796,21.2
12797,23.616666666666667
12798,17.0
12799,15.716666666666667
12800,18.016666666666666
12801,20.1
12802,23.183333333333334
12803,19.916666666666668
12804,21.216666666666665
12805,16.0
12806,16.883333333333333
12807,15.466666666666667
12808,18.666666666666668
12809,25.033333333333335
12810,23.266666666666666
12811,19.15
12812,13.583333333333334
12813,16.816666666666666
12814,17.883333333333333
12815,20.466666666666665
12816,19.25
12817,21.216666666666665
12818,18.1
12819,13.75
12820,16.966666666666665
12821,17.233333333333334
12822,17.666666666666668
12823,20.683333333333334
12824,22.733333333333334
12825,20.783333333333335
12826,17.0
12827,17.366666666666667
12828,16.633333333333333
12829,20.033333333333335
12830,17.05
12831,18.7
12832,21.85
12833,15.566666666666666
12834,17.366666666666667
12835,18.0
12836,20.3
12837,23.25
12838,26.833333333333332
12839,32.7
12840,16.133333333333333
12841,20.466666666666665
12842,22.1
12843,21.383333333333333
12844,23.733333333333334
12845,23.133333333333333
12846,22.4
12847,20.283333333333335
12848,22.116666666666667
12849,19.8
12850,20.383333333333333
12851,22.1
12852,21.05
12853,25.9
12854,16.966666666666665
12855,18.0
12856,23.4
12857,21.3
12858,27.283333333333335
12859,26.383333333333333
12860,27.233333333333334
12861,17.95
12862,21.75
12863,21.65
12864,25.466666666666665
12865,27.05
12866,26.666666666666668
12867,28.9
12868,17.5
12869,21.083333333333332
12870,22.85
12871,21.333333333333332
12872,24.833333333333332
12873,25.366666666666667
12874,25.033333333333335
12875,18.2
12876,27.733333333333334
12877,23.0
12878,25.633333333333333
12879,26.583333333333332
12880,34.016666666666666
12881,28.95
12882,21.583333333333332
12883,27.35
12884,29.016666666666666
12885,27.733333333333334
12886,32.03333333333333
12887,32.95
12888,35.03333333333333
12889,23.466666666666665
12890,24.733333333333334
12891,27.6
12892,30.0
12893,30.6
12894,29.533333333333335
12895,32.266666666666666
12896,20.883333333333333
12897,28.116666666666667
12898,30.616666666666667
12899,32.38333333333333
12900,34.8
12901,31.066666666666666
12902,32.1
12903,22.833333333333332
12904,27.05
12905,24.8
12906,29.966666666666665
12907,29.5
12908,34.25
12909,30.15
12910,23.116666666666667
12911,25.816666666666666
12912,28.033333333333335
12913,32.2
12914,30.933333333333334
12915,33.38333333333333
12916,32.11666666666667
12917,23.35
12918,26.5
12919,29.533333333333335
12920,32.25
12921,31.533333333333335
12922,34.983333333333334
12923,37.2
12924,25.2
12925,31.333333333333332
12926,29.616666666666667
12927,35.6
12928,34.4
12929,33.35
12930,35.68333333333333
12931,23.466666666666665
12932,28.65
12933,28.3
12934,31.016666666666666
12935,31.033333333333335
12936,37.1
12937,33.15
12938,25.233333333333334
12939,28.15
12940,30.6
12941,31.6
12942,29.016666666666666
12943,31.183333333333334
12944,33.45
12945,24.4
12946,27.233333333333334
12947,30.25
12948,32.35
12949,34.25
12950,43.13333333333333
12951,41.95
12952,24.216666666666665
12953,32.81666666666667
12954,32.333333333333336
12955,28.866666666666667
12956,28.933333333333334
12957,38.483333333333334
12958,35.3
12959,25.483333333333334
12960,32.95
12961,32.61666666666667
12962,34.03333333333333
12963,35.8
12964,39.35
12965,41.833333333333336
12966,27.1
12967,35.35
12968,35.733333333333334
12969,33.63333333333333
12970,35.38333333333333
12971,36.766666666666666
12972,39.1
12973,23.283333333333335
12974,23.683333333333334
12975,34.266666666666666
12976,34.06666666666667
12977,47.483333333333334
12978,38.016666666666666
12979,38.483333333333334
12980,29.083333333333332
12981,28.85
12982,33.25
12983,38.11666666666667
12984,36.916666666666664
12985,35.86666666666667
12986,35.8
12987,25.316666666666666
12988,29.15
12989,31.966666666666665
12990,38.583333333333336
12991,39.35
12992,37.53333333333333
12993,39.05
12994,23.95
12995,29.266666666666666
12996,31.966666666666665
12997,37.1
12998,38.05
12999,38.03333333333333
13000,42.8
13001,27.966666666666665
13002,35.516666666666666
13003,35.0
13004,36.266666666666666
13005,39.55
13006,37.03333333333333
13007,39.833333333333336
13008,28.75
13009,30.666666666666668
13010,30.233333333333334
13011,31.033333333333335
13012,30.933333333333334
13013,39.016666666666666
13014,38.56666666666667
13015,24.966666666666665
13016,28.15
13017,28.683333333333334
13018,29.683333333333334
13019,33.81666666666667
13020,33.733333333333334
13021,32.93333333333333
13022,25.016666666666666
13023,27.833333333333332
13024,31.966666666666665
13025,32.916666666666664
13026,32.06666666666667
13027,33.18333333333333
13028,33.63333333333333
13029,25.366666666666667
13030,27.016666666666666
13031,29.483333333333334
13032,31.25
13033,29.05
13034,32.083333333333336
13035,33.333333333333336
13036,21.983333333333334
13037,25.666666666666668
13038,29.016666666666666
13039,30.616666666666667
13040,32.63333333333333
13041,30.2
13042,31.55
13043,24.233333333333334
13044,25.633333333333333
13045,28.066666666666666
13046,28.166666666666668
13047,30.95
13048,33.7
13049,33.06666666666667
13050,22.95
13051,33.21666666666667
13052,28.783333333333335
13053,27.016666666666666
13054,27.616666666666667
13055,33.46666666666667
13056,37.13333333333333
13057,21.35
13058,26.9
13059,29.533333333333335
13060,31.65
13061,28.866666666666667
13062,31.133333333333333
13063,31.25
13064,22.4
13065,26.933333333333334
13066,27.35
13067,26.3
13068,31.25
13069,30.966666666666665
13070,30.2
13071,24.116666666666667
13072,26.9
13073,23.916666666666668
13074,29.3
13075,28.366666666666667
13076,26.683333333333334
13077,34.15
13078,21.55
13079,24.683333333333334
13080,28.216666666666665
13081,31.55
13082,24.883333333333333
13083,28.566666666666666
13084,29.383333333333333
13085,20.15
13086,24.1
13087,21.8
13088,26.2
13089,30.116666666666667
13090,29.5
13091,32.333333333333336
13092,21.133333333333333
13093,24.716666666666665
13094,28.816666666666666
13095,30.166666666666668
13096,29.983333333333334
13097,30.533333333333335
13098,30.1
13099,21.666666666666668
13100,32.733333333333334
13101,29.316666666666666
13102,31.0
13103,32.25
13104,30.4
13105,30.933333333333334
13106,22.033333333333335
13107,29.25
13108,28.25
13109,29.266666666666666
13110,31.266666666666666
13111,32.05
13112,30.916666666666668
13113,23.966666666666665
13114,25.85
13115,28.1
13116,26.25
13117,28.483333333333334
13118,30.166666666666668
13119,35.016666666666666
13120,23.116666666666667
13121,23.466666666666665
13122,26.133333333333333
13123,32.5
13124,29.783333333333335
13125,33.0
13126,35.56666666666667
13127,21.3
13128,25.5
13129,25.0
13130,25.316666666666666
13131,22.05
13132,25.183333333333334
13133,23.066666666666666
13134,19.366666666666667
13135,20.133333333333333
13136,21.183333333333334
13137,19.833333333333332
13138,22.3
13139,24.1
13140,23.816666666666666
13141,19.316666666666666
13142,18.866666666666667
13143,20.383333333333333
13144,20.433333333333334
13145,21.683333333333334
13146,19.966666666666665
13147,22.283333333333335
13148,17.766666666666666
13149,17.15
13150,18.25
13151,18.066666666666666
13152,20.266666666666666
13153,21.366666666666667
13154,22.166666666666668
13155,18.4
13156,22.483333333333334
13157,19.55
13158,22.95
13159,21.983333333333334
13160,22.283333333333335
13161,21.783333333333335
13162,19.566666666666666
13163,18.8
13164,18.616666666666667
13165,21.45
13166,24.4
13167,24.15
13168,25.466666666666665
13169,21.266666666666666
13170,18.916666666666668
13171,20.55
13172,22.516666666666666
13173,21.0
13174,22.416666666666668
13175,22.833333333333332
13176,17.583333333333332
13177,18.2
13178,20.65
13179,19.4
13180,24.866666666666667
13181,24.15
13182,23.833333333333332
13183,17.9
13184,19.716666666666665
13185,22.55
13186,22.033333333333335
13187,21.733333333333334
13188,20.7
13189,22.533333333333335
13190,18.766666666666666
13191,17.816666666666666
13192,20.05
13193,22.566666666666666
13194,23.716666666666665
13195,22.966666666666665
13196,23.35
13197,17.883333333333333
13198,22.05
13199,20.116666666666667
13200,22.533333333333335
13201,22.066666666666666
13202,23.35
13203,23.516666666666666
13204,17.15
13205,19.066666666666666
13206,19.583333333333332
13207,20.416666666666668
13208,23.783333333333335
13209,22.633333333333333
13210,30.35
13211,20.633333333333333
13212,22.666666666666668
13213,22.483333333333334
13214,24.45
13215,23.783333333333335
13216,23.633333333333333
13217,25.116666666666667
13218,18.066666666666666
13219,22.983333333333334
13220,27.716666666666665
13221,29.033333333333335
13222,31.916666666666668
13223,30.383333333333333
13224,30.3
13225,23.55
13226,26.083333333333332
13227,30.5
13228,28.433333333333334
13229,28.833333333333332
13230,30.15
13231,32.983333333333334
13232,18.866666666666667
13233,25.833333333333332
13234,27.65
13235,27.783333333333335
13236,29.35
13237,31.45
13238,26.066666666666666
13239,20.366666666666667
13240,20.683333333333334
13241,23.133333333333333
13242,27.916666666666668
13243,25.966666666666665
13244,31.083333333333332
13245,29.516666666666666
13246,21.05
13247,23.116666666666667
13248,27.1
13249,34.38333333333333
13250,31.35
13251,38.31666666666667
13252,33.0
13253,22.8
13254,29.366666666666667
13255,33.55
13256,25.066666666666666
13257,31.0
13258,33.03333333333333
13259,40.4
13260,24.4
13261,27.75
13262,29.966666666666665
13263,31.433333333333334
13264,28.733333333333334
13265,32.916666666666664
13266,30.8
13267,22.266666666666666
13268,27.066666666666666
13269,28.333333333333332
13270,24.516666666666666
13271,28.8
13272,30.416666666666668
13273,31.966666666666665
13274,22.0
13275,25.8
13276,29.233333333333334
13277,29.816666666666666
13278,35.416666666666664
13279,37.15
13280,38.0
13281,24.666666666666668
13282,28.85
13283,31.516666666666666
13284,32.983333333333334
13285,34.583333333333336
13286,34.36666666666667
13287,33.43333333333333
13288,25.95
13289,29.433333333333334
13290,31.95
13291,32.63333333333333
13292,32.6
13293,36.13333333333333
13294,38.68333333333333
13295,26.316666666666666
13296,28.516666666666666
13297,31.766666666666666
13298,26.05
13299,35.18333333333333
13300,33.6
13301,33.96666666666667
13302,26.433333333333334
13303,30.333333333333332
13304,31.483333333333334
13305,33.083333333333336
13306,28.05
13307,33.4
13308,34.916666666666664
13309,24.966666666666665
13310,31.85
13311,31.2
13312,33.7
13313,36.45
13314,35.016666666666666
13315,38.483333333333334
13316,27.8
13317,30.833333333333332
13318,30.533333333333335
13319,34.416666666666664
13320,36.5
13321,34.81666666666667
13322,38.55
13323,24.1
13324,28.733333333333334
13325,30.233333333333334
13326,29.333333333333332
13327,32.21666666666667
13328,41.25
13329,37.9
13330,25.716666666666665
13331,28.083333333333332
13332,31.75
13333,26.216666666666665
13334,26.166666666666668
13335,33.166666666666664
13336,33.35
13337,21.966666666666665
13338,26.816666666666666
13339,31.466666666666665
13340,29.233333333333334
13341,39.233333333333334
13342,33.03333333333333
13343,37.1
13344,26.083333333333332
13345,26.783333333333335
13346,32.06666666666667
13347,35.516666666666666
13348,41.483333333333334
13349,43.6
13350,44.9
13351,29.233333333333334
13352,40.36666666666667
13353,41.016666666666666
13354,38.9
13355,46.96666666666667
13356,43.88333333333333
13357,37.983333333333334
13358,29.016666666666666
13359,36.483333333333334
13360,35.36666666666667
13361,36.733333333333334
13362,39.31666666666667
13363,45.61666666666667
13364,42.8
13365,31.816666666666666
13366,33.46666666666667
13367,33.06666666666667
13368,34.81666666666667
13369,39.53333333333333
13370,38.95
13371,36.016666666666666
13372,28.083333333333332
13373,29.883333333333333
13374,31.933333333333334
13375,29.716666666666665
13376,35.416666666666664
13377,42.7
13378,42.5
13379,25.933333333333334
13380,28.55
13381,31.716666666666665
13382,33.1
13383,35.0
13384,34.95
13385,34.53333333333333
13386,26.666666666666668
13387,28.816666666666666
13388,30.516666666666666
13389,35.666666666666664
13390,35.5
13391,41.28333333333333
13392,40.96666666666667
13393,25.75
13394,31.816666666666666
13395,31.883333333333333
13396,34.8
13397,29.15
13398,37.06666666666667
13399,36.96666666666667
13400,23.183333333333334
13401,26.516666666666666
13402,29.083333333333332
13403,26.833333333333332
13404,30.3
13405,36.53333333333333
13406,30.316666666666666
13407,23.65
13408,25.083333333333332
13409,30.25
13410,25.016666666666666
13411,32.43333333333333
13412,31.533333333333335
13413,30.616666666666667
13414,23.25
13415,31.4
13416,30.283333333333335
13417,31.25
13418,30.766666666666666
13419,33.7
13420,37.333333333333336
13421,24.383333333333333
13422,27.083333333333332
13423,34.36666666666667
13424,29.666666666666668
13425,28.933333333333334
13426,33.78333333333333
13427,33.8
13428,25.533333333333335
13429,33.15
13430,31.633333333333333
13431,33.983333333333334
13432,41.06666666666667
13433,34.9
13434,37.416666666666664
13435,30.45
13436,26.983333333333334
13437,29.716666666666665
13438,35.81666666666667
13439,33.7
13440,29.05
13441,31.3
13442,20.416666666666668
13443,24.066666666666666
13444,26.1
13445,27.466666666666665
13446,30.433333333333334
13447,32.583333333333336
13448,29.733333333333334
13449,21.333333333333332
13450,24.0
13451,26.8
13452,28.85
13453,29.6
13454,29.9
13455,31.166666666666668
13456,20.116666666666667
13457,25.45
13458,25.316666666666666
13459,28.116666666666667
13460,30.183333333333334
13461,34.03333333333333
13462,38.93333333333333
13463,25.6
13464,28.4
13465,32.483333333333334
13466,31.8
13467,35.516666666666666
13468,36.333333333333336
13469,37.083333333333336
13470,24.533333333333335
13471,26.25
13472,29.716666666666665
13473,35.56666666666667
13474,30.683333333333334
13475,34.46666666666667
13476,30.9
13477,20.966666666666665
13478,28.616666666666667
13479,30.7
13480,31.083333333333332
13481,30.0
13482,29.683333333333334
13483,30.983333333333334
13484,24.033333333333335
13485,27.416666666666668
13486,29.95
13487,36.416666666666664
13488,30.933333333333334
13489,38.65
13490,33.21666666666667
13491,26.75
13492,25.65
13493,17.983333333333334
13494,24.183333333333334
13495,21.6
13496,24.1
13497,23.916666666666668
13498,15.216666666666667
13499,21.1
13500,19.516666666666666
13501,22.133333333333333
13502,24.166666666666668
13503,22.4
13504,23.95
13505,19.716666666666665
13506,23.283333333333335
13507,23.016666666666666
13508,25.916666666666668
13509,26.4
13510,22.216666666666665
13511,24.033333333333335
13512,14.05
13513,19.3
13514,18.133333333333333
13515,21.783333333333335
13516,23.566666666666666
13517,23.15
13518,25.633333333333333
13519,17.333333333333332
13520,20.65
13521,20.7
13522,22.95
13523,21.533333333333335
13524,25.266666666666666
13525,26.3
13526,20.116666666666667
13527,21.25
13528,22.683333333333334
13529,24.033333333333335
13530,24.133333333333333
13531,23.85
13532,23.533333333333335
13533,18.1
13534,20.366666666666667
13535,18.783333333333335
13536,20.883333333333333
13537,24.05
13538,28.733333333333334
13539,24.35
13540,22.516666666666666
13541,23.033333333333335
13542,24.216666666666665
13543,22.633333333333333
13544,20.866666666666667
13545,21.25
13546,21.316666666666666
13547,16.433333333333334
13548,19.466666666666665
13549,20.55
13550,18.9
13551,18.933333333333334
13552,22.033333333333335
13553,21.866666666666667
13554,17.466666666666665
13555,17.616666666666667
13556,18.9
13557,20.7
13558,21.616666666666667
13559,19.633333333333333
13560,25.916666666666668
13561,17.516666666666666
13562,18.333333333333332
13563,21.983333333333334
13564,24.833333333333332
13565,25.266666666666666
13566,29.55
13567,26.183333333333334
13568,16.766666666666666
13569,22.616666666666667
13570,27.016666666666666
13571,25.816666666666666
13572,21.566666666666666
13573,20.966666666666665
13574,23.933333333333334
13575,18.95
13576,21.683333333333334
13577,21.133333333333333
13578,19.266666666666666
13579,23.533333333333335
13580,21.733333333333334
13581,31.166666666666668
13582,19.1
13583,23.333333333333332
13584,26.866666666666667
13585,27.95
13586,31.4
13587,33.53333333333333
13588,29.883333333333333
13589,22.983333333333334
13590,25.816666666666666
13591,25.966666666666665
13592,27.183333333333334
13593,25.366666666666667
13594,27.15
13595,28.9
13596,19.883333333333333
13597,21.966666666666665
13598,22.183333333333334
13599,22.233333333333334
13600,26.266666666666666
13601,29.75
13602,28.783333333333335
13603,19.05
13604,24.533333333333335
13605,25.933333333333334
13606,31.616666666666667
13607,28.883333333333333
13608,28.3
13609,29.183333333333334
13610,24.45
13611,25.25
13612,26.766666666666666
13613,28.316666666666666
13614,28.6
13615,29.233333333333334
13616,45.25
13617,23.283333333333335
13618,29.35
13619,30.016666666666666
13620,29.816666666666666
13621,36.516666666666666
13622,36.38333333333333
13623,30.6
13624,24.933333333333334
13625,31.366666666666667
13626,35.733333333333334
13627,37.06666666666667
13628,36.9
13629,39.416666666666664
13630,36.18333333333333
13631,26.183333333333334
13632,29.266666666666666
13633,28.816666666666666
13634,32.95
13635,34.31666666666667
13636,34.55
13637,34.61666666666667
13638,24.583333333333332
13639,29.483333333333334
13640,29.6
13641,33.833333333333336
13642,29.8
13643,35.06666666666667
13644,35.45
13645,25.316666666666666
13646,30.566666666666666
13647,28.733333333333334
13648,35.666666666666664
13649,34.2
13650,35.483333333333334
13651,39.45
13652,24.083333333333332
13653,32.18333333333333
13654,39.083333333333336
13655,44.416666666666664
13656,42.733333333333334
13657,37.05
13658,41.36666666666667
13659,28.616666666666667
13660,30.766666666666666
13661,35.983333333333334
13662,36.45
13663,43.96666666666667
13664,41.9
13665,43.31666666666667
13666,28.8
13667,34.53333333333333
13668,34.8
13669,40.266666666666666
13670,34.8
13671,41.06666666666667
13672,40.4
13673,25.316666666666666
13674,27.566666666666666
13675,33.15
13676,33.25
13677,42.55
13678,44.21666666666667
13679,42.03333333333333
13680,29.433333333333334
13681,37.63333333333333
13682,36.05
13683,39.31666666666667
13684,44.083333333333336
13685,43.05
13686,44.18333333333333
13687,28.216666666666665
13688,35.983333333333334
13689,30.75
13690,31.483333333333334
13691,47.0
13692,38.483333333333334
13693,43.766666666666666
13694,26.5
13695,33.78333333333333
13696,34.333333333333336
13697,36.016666666666666
13698,36.03333333333333
13699,41.05
13700,42.95
13701,27.883333333333333
13702,30.566666666666666
13703,32.583333333333336
13704,25.583333333333332
13705,38.95
13706,51.05
13707,41.56666666666667
13708,24.433333333333334
13709,37.25
13710,37.78333333333333
13711,43.36666666666667
13712,46.1
13713,51.13333333333333
13714,47.35
13715,31.333333333333332
13716,36.46666666666667
13717,38.65
13718,41.9
13719,40.483333333333334
13720,45.0
13721,42.9
13722,31.9
13723,36.21666666666667
13724,42.63333333333333
13725,31.6
13726,36.083333333333336
13727,38.516666666666666
13728,46.833333333333336
13729,30.25
13730,31.5
13731,32.95
13732,39.75
13733,44.75
13734,44.9
13735,40.233333333333334
13736,32.81666666666667
13737,31.35
13738,35.35
13739,37.5
13740,38.53333333333333
13741,37.78333333333333
13742,36.1
13743,24.0
13744,30.083333333333332
13745,34.13333333333333
13746,39.8
13747,40.4
13748,40.31666666666667
13749,41.38333333333333
13750,28.5
13751,37.71666666666667
13752,33.43333333333333
13753,33.18333333333333
13754,29.5
13755,32.38333333333333
13756,36.8
13757,25.133333333333333
13758,26.75
13759,30.566666666666666
13760,30.283333333333335
13761,36.333333333333336
13762,34.2
13763,37.93333333333333
13764,24.016666666666666
13765,30.25
13766,33.416666666666664
13767,32.0
13768,31.716666666666665
13769,33.05
13770,28.733333333333334
13771,19.25
13772,26.033333333333335
13773,32.05
13774,30.583333333333332
13775,34.46666666666667
13776,37.36666666666667
13777,36.96666666666667
13778,26.133333333333333
13779,30.483333333333334
13780,32.45
13781,32.266666666666666
13782,37.03333333333333
13783,37.78333333333333
13784,36.78333333333333
13785,25.083333333333332
13786,28.566666666666666
13787,32.61666666666667
13788,30.183333333333334
13789,33.666666666666664
13790,37.43333333333333
13791,50.766666666666666
13792,25.933333333333334
13793,32.06666666666667
13794,31.433333333333334
13795,29.35
13796,35.68333333333333
13797,32.266666666666666
13798,35.36666666666667
13799,23.766666666666666
13800,25.916666666666668
13801,27.583333333333332
13802,27.8
13803,29.833333333333332
13804,32.53333333333333
13805,34.55
13806,22.516666666666666
13807,27.5
13808,31.25
13809,32.43333333333333
13810,37.05
13811,35.233333333333334
13812,34.36666666666667
13813,24.566666666666666
13814,30.516666666666666
13815,28.35
13816,36.233333333333334
13817,31.483333333333334
13818,35.96666666666667
13819,35.083333333333336
13820,24.516666666666666
13821,26.5
13822,32.15
13823,37.266666666666666
13824,30.4
13825,34.86666666666667
13826,37.7
13827,23.933333333333334
13828,28.066666666666666
13829,27.333333333333332
13830,27.033333333333335
13831,35.25
13832,34.083333333333336
13833,34.15
13834,23.216666666666665
13835,31.0
13836,30.633333333333333
13837,31.4
13838,33.78333333333333
13839,37.333333333333336
13840,35.65
13841,24.783333333333335
13842,31.5
13843,32.93333333333333
13844,30.333333333333332
13845,35.18333333333333
13846,35.03333333333333
13847,35.833333333333336
13848,23.85
13849,32.05
13850,32.11666666666667
13851,34.266666666666666
13852,35.86666666666667
13853,34.4
13854,35.31666666666667
13855,23.65
13856,27.3
13857,28.866666666666667
13858,32.71666666666667
13859,30.683333333333334
13860,32.016666666666666
13861,30.116666666666667
13862,19.666666666666668
13863,25.083333333333332
13864,23.516666666666666
13865,23.9
13866,26.016666666666666
13867,25.633333333333333
13868,28.533333333333335
13869,17.483333333333334
13870,19.933333333333334
13871,23.25
13872,26.733333333333334
13873,25.45
13874,26.65
13875,27.066666666666666
13876,17.766666666666666
13877,21.766666666666666
13878,21.4
13879,23.25
13880,23.466666666666665
13881,29.666666666666668
13882,26.65
13883,16.55
13884,21.033333333333335
13885,24.283333333333335
13886,28.983333333333334
13887,28.7
13888,29.433333333333334
13889,23.766666666666666
13890,13.2
13891,19.933333333333334
13892,19.333333333333332
13893,21.5
13894,21.783333333333335
13895,18.266666666666666
13896,21.583333333333332
13897,16.966666666666665
13898,18.933333333333334
13899,21.466666666666665
13900,20.683333333333334
13901,22.25
13902,20.483333333333334
13903,23.933333333333334
13904,16.583333333333332
13905,20.983333333333334
13906,20.316666666666666
13907,25.65
13908,22.616666666666667
13909,24.616666666666667
13910,27.25
13911,18.033333333333335
13912,23.133333333333333
13913,23.5
13914,24.116666666666667
13915,23.466666666666665
13916,25.666666666666668
13917,24.716666666666665
13918,24.0
13919,24.05
13920,19.433333333333334
13921,22.3
13922,22.383333333333333
13923,26.483333333333334
13924,24.05
13925,18.333333333333332
13926,22.116666666666667
13927,21.966666666666665
13928,19.833333333333332
13929,19.466666666666665
13930,25.566666666666666
13931,26.383333333333333
13932,20.116666666666667
13933,20.633333333333333
13934,22.0
13935,26.816666666666666
13936,26.033333333333335
13937,25.6
13938,27.416666666666668
13939,20.983333333333334
13940,20.083333333333332
13941,22.516666666666666
13942,26.416666666666668
13943,25.883333333333333
13944,24.316666666666666
13945,25.666666666666668
13946,18.416666666666668
13947,21.366666666666667
13948,26.95
13949,28.133333333333333
13950,30.35
13951,29.716666666666665
13952,30.283333333333335
13953,21.566666666666666
13954,26.05
13955,29.666666666666668
13956,29.533333333333335
13957,37.31666666666667
13958,30.2
13959,34.53333333333333
13960,24.116666666666667
13961,27.75
13962,28.183333333333334
13963,27.733333333333334
13964,28.333333333333332
13965,31.383333333333333
13966,29.866666666666667
13967,22.866666666666667
13968,29.466666666666665
13969,28.966666666666665
13970,29.483333333333334
13971,28.816666666666666
13972,32.833333333333336
13973,33.483333333333334
13974,23.033333333333335
13975,28.083333333333332
13976,30.016666666666666
13977,31.316666666666666
13978,36.38333333333333
13979,34.96666666666667
13980,30.85
13981,23.65
13982,31.416666666666668
13983,31.316666666666666
13984,34.38333333333333
13985,30.6
13986,47.53333333333333
13987,40.733333333333334
13988,25.866666666666667
13989,40.733333333333334
13990,40.43333333333333
13991,35.88333333333333
13992,36.46666666666667
13993,38.583333333333336
13994,39.75
13995,27.333333333333332
13996,32.28333333333333
13997,34.13333333333333
13998,32.68333333333333
13999,36.416666666666664
14000,38.38333333333333
14001,39.18333333333333
14002,26.25
14003,31.1
14004,32.516666666666666
14005,39.0
14006,36.06666666666667
14007,41.85
14008,38.333333333333336
14009,28.133333333333333
14010,34.916666666666664
14011,34.81666666666667
14012,41.03333333333333
14013,35.63333333333333
14014,41.06666666666667
14015,39.95
14016,28.1
14017,33.516666666666666
14018,33.86666666666667
14019,40.5
14020,36.96666666666667
14021,39.46666666666667
14022,41.88333333333333
14023,26.816666666666666
14024,34.083333333333336
14025,34.0
14026,36.03333333333333
14027,33.63333333333333
14028,37.38333333333333
14029,37.31666666666667
14030,23.733333333333334
14031,30.066666666666666
14032,34.8
14033,32.28333333333333
14034,36.38333333333333
14035,34.583333333333336
14036,37.25
14037,27.116666666666667
14038,29.766666666666666
14039,32.61666666666667
14040,38.916666666666664
14041,46.1
14042,40.85
14043,44.85
14044,28.416666666666668
14045,39.166666666666664
14046,41.93333333333333
14047,43.583333333333336
14048,40.233333333333334
14049,36.483333333333334
14050,40.18333333333333
14051,28.416666666666668
14052,43.733333333333334
14053,37.95
14054,36.68333333333333
14055,38.8
14056,43.13333333333333
14057,47.31666666666667
14058,28.683333333333334
14059,35.31666666666667
14060,40.266666666666666
14061,39.75
14062,48.95
14063,44.016666666666666
14064,46.9
14065,33.86666666666667
14066,34.483333333333334
14067,43.18333333333333
14068,42.8
14069,41.0
14070,44.13333333333333
14071,47.11666666666667
14072,32.43333333333333
14073,40.166666666666664
14074,49.45
14075,34.96666666666667
14076,49.95
14077,48.266666666666666
14078,53.88333333333333
14079,33.016666666666666
14080,35.61666666666667
14081,45.166666666666664
14082,41.266666666666666
14083,37.25
14084,38.96666666666667
14085,39.483333333333334
14086,27.5
14087,30.216666666666665
14088,29.466666666666665
14089,38.0
14090,45.46666666666667
14091,45.11666666666667
14092,45.733333333333334
14093,29.366666666666667
14094,36.233333333333334
14095,41.4
14096,42.15
14097,42.416666666666664
14098,43.06666666666667
14099,42.766666666666666
14100,31.416666666666668
14101,38.46666666666667
14102,31.333333333333332
14103,41.333333333333336
14104,36.983333333333334
14105,36.8
14106,41.3
14107,23.616666666666667
14108,28.116666666666667
14109,33.65
14110,39.2
14111,45.016666666666666
14112,42.18333333333333
14113,38.71666666666667
14114,29.2
14115,30.333333333333332
14116,33.56666666666667
14117,36.43333333333333
14118,38.93333333333333
14119,40.81666666666667
14120,43.75
14121,24.85
14122,35.21666666666667
14123,39.766666666666666
14124,44.2
14125,36.583333333333336
14126,42.56666666666667
14127,47.63333333333333
14128,30.45
14129,36.71666666666667
14130,37.166666666666664
14131,36.766666666666666
14132,41.25
14133,38.96666666666667
14134,40.983333333333334
14135,29.7
14136,23.416666666666668
14137,34.36666666666667
14138,35.46666666666667
14139,29.483333333333334
14140,32.95
14141,32.8
14142,24.516666666666666
14143,36.266666666666666
14144,32.95
14145,33.3
14146,35.03333333333333
14147,33.9
14148,36.36666666666667
14149,23.15
14150,28.166666666666668
14151,31.8
14152,32.86666666666667
14153,34.266666666666666
14154,36.266666666666666
14155,36.21666666666667
14156,24.266666666666666
14157,28.533333333333335
14158,33.56666666666667
14159,35.416666666666664
14160,36.333333333333336
14161,34.333333333333336
14162,35.68333333333333
14163,24.966666666666665
14164,31.216666666666665
14165,32.233333333333334
14166,33.85
14167,30.766666666666666
14168,35.86666666666667
14169,40.75
14170,23.783333333333335
14171,30.5
14172,32.6
14173,33.53333333333333
14174,36.916666666666664
14175,36.71666666666667
14176,36.583333333333336
14177,24.583333333333332
14178,30.65
14179,30.0
14180,32.05
14181,29.883333333333333
14182,35.483333333333334
14183,36.03333333333333
14184,24.533333333333335
14185,28.816666666666666
14186,30.083333333333332
14187,27.933333333333334
14188,34.35
14189,34.45
14190,35.38333333333333
14191,25.95
14192,28.3
14193,29.8
14194,31.5
14195,34.516666666666666
14196,34.333333333333336
14197,34.2
14198,23.716666666666665
14199,28.733333333333334
14200,31.566666666666666
14201,35.25
14202,29.816666666666666
14203,32.4
14204,34.18333333333333
14205,25.8
14206,26.95
14207,31.85
14208,30.9
14209,35.516666666666666
14210,34.7
14211,35.266666666666666
14212,23.766666666666666
14213,28.666666666666668
14214,28.733333333333334
14215,32.4
14216,25.25
14217,33.13333333333333
14218,34.733333333333334
14219,27.45
14220,30.55
14221,30.95
14222,28.983333333333334
14223,33.56666666666667
14224,26.1
14225,31.2
14226,21.5
14227,22.766666666666666
14228,24.116666666666667
14229,24.95
14230,24.683333333333334
14231,25.766666666666666
14232,25.933333333333334
14233,18.3
14234,20.933333333333334
14235,21.983333333333334
14236,20.733333333333334
14237,24.5
14238,26.383333333333333
14239,24.983333333333334
14240,21.65
14241,21.466666666666665
14242,22.166666666666668
14243,28.466666666666665
14244,24.733333333333334
14245,24.833333333333332
14246,25.233333333333334
14247,17.5
14248,21.533333333333335
14249,20.216666666666665
14250,24.6
14251,25.9
14252,24.516666666666666
14253,25.983333333333334
14254,10.983333333333333
14255,4.916666666666667
14256,4.5
14257,4.85
14258,5.1
14259,6.716666666666667
14260,7.116666666666666
14261,4.533333333333333
14262,4.566666666666666
14263,4.633333333333334
14264,3.95
14265,3.966666666666667
14266,6.366666666666666
14267,6.533333333333333
14268,5.033333333333333
14269,4.333333333333333
14270,4.466666666666667
14271,3.65
14272,3.816666666666667
14273,6.716666666666667
14274,7.016666666666667
14275,5.15
14276,4.916666666666667
14277,5.066666666666666
14278,4.116666666666666
14279,4.783333333333333
14280,7.05
14281,7.066666666666666
14282,5.066666666666666
14283,5.233333333333333
14284,5.4
14285,4.183333333333334
14286,4.583333333333333
14287,6.666666666666667
14288,6.716666666666667
14289,3.65
14290,4.666666666666667
14291,4.833333333333333
14292,4.016666666666667
14293,4.716666666666667
14294,6.783333333333333
14295,6.633333333333334
14296,2.6666666666666665
14297,4.55
14298,4.65
14299,3.7666666666666666
14300,4.1
14301,6.816666666666666
14302,6.616666666666666
14303,3.55
14304,4.733333333333333
14305,4.866666666666666
14306,3.95
14307,4.233333333333333
14308,7.116666666666666
14309,7.166666666666667
14310,5.316666666666666
14311,4.933333333333334
14312,5.45
14313,4.35
14314,4.616666666666666
14315,6.7
14316,6.816666666666666
14317,5.083333333333333
14318,4.6
14319,4.85
14320,4.05
14321,4.466666666666667
14322,6.816666666666666
14323,6.733333333333333
14324,5.05
14325,4.45
14326,4.7
14327,3.7666666666666666
14328,4.066666666666666
14329,6.816666666666666
14330,6.616666666666666
14331,5.1
14332,4.716666666666667
14333,4.916666666666667
14334,3.95
14335,4.233333333333333
14336,7.116666666666666
14337,6.933333333333334
14338,5.316666666666666
14339,4.933333333333334
14340,5.45
14341,4.3
14342,4.583333333333333
14343,7.233333333333333
14344,3.9
14345,25.8
14346,28.633333333333333
14347,21.466666666666665
14348,26.516666666666666
14349,47.583333333333336
14350,29.75
14351,36.38333333333333
14352,36.733333333333334
14353,37.0
14354,40.9
14355,42.45
14356,42.56666666666667
14357,28.0
14358,33.06666666666667
14359,38.88333333333333
14360,45.78333333333333
14361,44.11666666666667
14362,38.93333333333333
14363,42.85
14364,29.433333333333334
14365,34.71666666666667
14366,33.53333333333333
14367,39.03333333333333
14368,40.9
14369,40.35
14370,42.233333333333334
14371,32.86666666666667
14372,33.31666666666667
14373,38.766666666666666
14374,41.766666666666666
14375,44.8
14376,49.86666666666667
14377,57.916666666666664
14378,35.1
14379,45.78333333333333
14380,41.93333333333333
14381,48.81666666666667
14382,49.88333333333333
14383,55.18333333333333
14384,53.083333333333336
14385,31.733333333333334
14386,44.083333333333336
14387,40.983333333333334
14388,41.833333333333336
14389,47.583333333333336
14390,46.11666666666667
14391,47.483333333333334
14392,37.46666666666667
14393,40.15
14394,40.766666666666666
14395,47.083333333333336
14396,46.95
14397,48.61666666666667
14398,51.916666666666664
14399,31.083333333333332
14400,44.45
14401,39.483333333333334
14402,47.31666666666667
14403,44.31666666666667
14404,51.35
14405,53.2
14406,31.75
14407,44.71666666666667
14408,48.666666666666664
14409,48.4
14410,55.15
14411,60.0
14412,58.45
14413,42.11666666666667
14414,51.55
14415,49.95
14416,51.166666666666664
14417,58.38333333333333
14418,60.333333333333336
14419,58.96666666666667
14420,50.21666666666667
14421,47.35
14422,56.25
14423,55.666666666666664
14424,51.416666666666664
14425,56.833333333333336
14426,60.05
14427,40.733333333333334
14428,50.88333333333333
14429,52.81666666666667
14430,56.96666666666667
14431,58.38333333333333
14432,59.666666666666664
14433,63.96666666666667
14434,51.11666666666667
14435,51.266666666666666
14436,58.5
14437,51.96666666666667
14438,62.233333333333334
14439,64.26666666666667
14440,68.93333333333334
14441,48.86666666666667
14442,54.36666666666667
14443,55.5
14444,64.4
14445,65.31666666666666
14446,61.7
14447,63.78333333333333
14448,47.43333333333333
14449,54.166666666666664
14450,54.61666666666667
14451,56.666666666666664
14452,70.01666666666667
14453,74.11666666666666
14454,72.51666666666667
14455,45.15
14456,55.43333333333333
14457,67.0
14458,72.46666666666667
14459,61.25
14460,64.51666666666667
14461,66.16666666666667
14462,48.28333333333333
14463,52.81666666666667
14464,64.55
14465,62.7
14466,69.05
14467,76.55
14468,87.9
14469,49.2
14470,67.96666666666667
14471,66.81666666666666
14472,70.6
14473,80.25
14474,74.26666666666667
14475,80.18333333333334
14476,50.11666666666667
14477,72.16666666666667
14478,68.3
14479,72.0
14480,66.23333333333333
14481,77.88333333333334
14482,78.26666666666667
14483,48.983333333333334
14484,70.61666666666666
14485,57.56666666666667
14486,68.73333333333333
14487,70.96666666666667
14488,75.95
14489,71.18333333333334
14490,53.88333333333333
14491,62.31666666666667
14492,65.41666666666667
14493,64.55
14494,76.11666666666666
14495,80.16666666666667
14496,79.56666666666666
14497,52.766666666666666
14498,68.86666666666666
14499,71.31666666666666
14500,71.78333333333333
14501,75.01666666666667
14502,72.91666666666667
14503,77.8
14504,57.53333333333333
14505,60.983333333333334
14506,68.26666666666667
14507,69.36666666666666
14508,76.98333333333333
14509,74.38333333333334
14510,77.26666666666667
14511,55.96666666666667
14512,66.98333333333333
14513,64.0
14514,72.08333333333333
14515,73.45
14516,75.08333333333333
14517,79.11666666666666
14518,48.81666666666667
14519,65.81666666666666
14520,68.18333333333334
14521,72.13333333333334
14522,79.21666666666667
14523,80.66666666666667
14524,80.03333333333333
14525,58.416666666666664
14526,69.55
14527,72.63333333333334
14528,80.15
14529,77.55
14530,81.16666666666667
14531,87.61666666666666
14532,59.93333333333333
14533,81.53333333333333
14534,77.61666666666666
14535,85.46666666666667
14536,82.41666666666667
14537,86.51666666666667
14538,82.91666666666667
14539,54.166666666666664
14540,62.43333333333333
14541,69.61666666666666
14542,67.8
14543,77.76666666666667
14544,76.3
14545,83.85
14546,55.0
14547,71.03333333333333
14548,73.53333333333333
14549,63.36666666666667
14550,83.73333333333333
14551,82.51666666666667
14552,79.2
14553,58.233333333333334
14554,68.68333333333334
14555,68.9
14556,78.7
14557,79.9
14558,80.91666666666667
14559,84.58333333333333
14560,60.38333333333333
14561,71.31666666666666
14562,64.31666666666666
14563,65.93333333333334
14564,76.0
14565,77.05
14566,77.18333333333334
14567,56.2
14568,73.68333333333334
14569,66.71666666666667
14570,63.35
14571,80.5
14572,83.0
14573,75.55
14574,57.75
14575,68.13333333333334
14576,68.9
14577,68.31666666666666
14578,70.68333333333334
14579,76.6
14580,73.76666666666667
14581,50.28333333333333
14582,65.23333333333333
14583,64.9
14584,65.01666666666667
14585,76.58333333333333
14586,74.53333333333333
14587,71.13333333333334
14588,55.56666666666667
14589,57.03333333333333
14590,58.81666666666667
14591,68.23333333333333
14592,65.23333333333333
14593,73.26666666666667
14594,71.03333333333333
14595,49.18333333333333
14596,58.416666666666664
14597,66.43333333333334
14598,65.9
14599,67.73333333333333
14600,73.18333333333334
14601,70.53333333333333
14602,49.666666666666664
14603,56.86666666666667
14604,59.766666666666666
14605,60.0
14606,68.26666666666667
14607,71.23333333333333
14608,69.21666666666667
14609,50.13333333333333
14610,56.88333333333333
14611,64.05
14612,67.75
14613,66.01666666666667
14614,67.35
14615,67.1
14616,46.6
14617,51.86666666666667
14618,60.1
14619,60.0
14620,65.81666666666666
14621,66.78333333333333
14622,69.28333333333333
14623,50.2
14624,54.55
14625,58.416666666666664
14626,54.96666666666667
14627,65.71666666666667
14628,65.63333333333334
14629,63.9
14630,48.61666666666667
14631,49.88333333333333
14632,57.983333333333334
14633,63.61666666666667
14634,55.86666666666667
14635,68.1
14636,65.9
14637,54.18333333333333
14638,53.333333333333336
14639,54.266666666666666
14640,51.18333333333333
14641,61.11666666666667
14642,60.81666666666667
14643,67.41666666666667
14644,45.8
14645,52.71666666666667
14646,56.15
14647,52.78333333333333
14648,62.03333333333333
14649,67.21666666666667
14650,65.43333333333334
14651,47.46666666666667
14652,58.18333333333333
14653,54.96666666666667
14654,52.88333333333333
14655,66.6
14656,67.33333333333333
14657,70.55
14658,52.43333333333333
14659,57.61666666666667
14660,57.55
14661,77.56666666666666
14662,73.98333333333333
14663,71.11666666666666
14664,68.11666666666666
14665,59.81666666666667
14666,61.166666666666664
14667,58.166666666666664
14668,67.1
14669,67.01666666666667
14670,71.21666666666667
14671,68.05
14672,54.583333333333336
14673,59.13333333333333
14674,57.483333333333334
14675,65.9
14676,60.46666666666667
14677,70.7
14678,66.08333333333333
14679,52.05
14680,52.05
14681,46.35
14682,42.36666666666667
14683,51.53333333333333
14684,52.88333333333333
14685,50.28333333333333
14686,39.166666666666664
14687,44.21666666666667
14688,46.31666666666667
14689,49.983333333333334
14690,54.85
14691,54.516666666666666
14692,54.0
14693,44.95
14694,48.4
14695,47.6
14696,54.55
14697,46.266666666666666
14698,48.96666666666667
14699,46.016666666666666
14700,38.266666666666666
14701,40.96666666666667
14702,49.583333333333336
14703,48.333333333333336
14704,48.31666666666667
14705,52.4
14706,46.916666666666664
14707,39.5
14708,38.833333333333336
14709,43.03333333333333
14710,42.56666666666667
14711,48.8
14712,51.55
14713,61.36666666666667
14714,43.2
14715,41.13333333333333
14716,42.833333333333336
14717,44.31666666666667
14718,44.95
14719,48.7
14720,51.916666666666664
14721,33.46666666666667
14722,40.833333333333336
14723,43.4
14724,45.516666666666666
14725,45.75
14726,49.85
14727,49.05
14728,36.78333333333333
14729,40.03333333333333
14730,44.583333333333336
14731,55.15
14732,39.21666666666667
14733,57.6
14734,51.55
14735,36.95
14736,43.583333333333336
14737,44.71666666666667
14738,48.45
14739,48.06666666666667
14740,60.3
14741,55.86666666666667
14742,38.166666666666664
14743,46.55
14744,49.766666666666666
14745,46.93333333333333
14746,53.71666666666667
14747,62.916666666666664
14748,62.05
14749,39.96666666666667
14750,46.3
14751,53.583333333333336
14752,53.63333333333333
14753,53.7
14754,55.016666666666666
14755,54.666666666666664
14756,38.733333333333334
14757,45.583333333333336
14758,50.38333333333333
14759,57.06666666666667
14760,52.45
14761,58.31666666666667
14762,55.833333333333336
14763,38.31666666666667
14764,47.7
14765,47.916666666666664
14766,51.916666666666664
14767,54.46666666666667
14768,58.516666666666666
14769,66.51666666666667
14770,39.266666666666666
14771,50.1
14772,54.6
14773,73.66666666666667
14774,66.68333333333334
14775,66.6
14776,69.25
14777,47.983333333333334
14778,60.15
14779,57.38333333333333
14780,59.68333333333333
14781,49.666666666666664
14782,62.78333333333333
14783,69.65
14784,44.75
14785,56.68333333333333
14786,54.43333333333333
14787,53.5
14788,66.6
14789,68.2
14790,67.96666666666667
14791,44.233333333333334
14792,57.2
14793,57.416666666666664
14794,59.8
14795,59.18333333333333
14796,72.56666666666666
14797,69.48333333333333
14798,54.016666666666666
14799,62.43333333333333
14800,61.55
14801,69.73333333333333
14802,76.81666666666666
14803,77.0
14804,83.86666666666666
14805,50.583333333333336
14806,64.11666666666666
14807,69.56666666666666
14808,76.96666666666667
14809,69.6
14810,76.88333333333334
14811,82.56666666666666
14812,50.166666666666664
14813,62.03333333333333
14814,66.41666666666667
14815,72.23333333333333
14816,79.81666666666666
14817,77.51666666666667
14818,75.9
14819,48.93333333333333
14820,65.53333333333333
14821,68.68333333333334
14822,78.21666666666667
14823,84.11666666666666
14824,81.3
14825,82.76666666666667
14826,58.016666666666666
14827,82.38333333333334
14828,83.26666666666667
14829,82.78333333333333
14830,84.93333333333334
14831,87.95
14832,77.38333333333334
14833,58.36666666666667
14834,64.98333333333333
14835,71.75
14836,74.41666666666667
14837,87.0
14838,90.66666666666667
14839,86.65
14840,53.4
14841,68.53333333333333
14842,74.05
14843,86.63333333333334
14844,94.0
14845,88.66666666666667
14846,85.83333333333333
14847,60.53333333333333
14848,72.25
14849,74.83333333333333
14850,82.23333333333333
14851,68.98333333333333
14852,88.21666666666667
14853,88.25
14854,56.45
14855,71.13333333333334
14856,75.1
14857,83.51666666666667
14858,87.08333333333333
14859,91.01666666666667
14860,92.06666666666666
14861,64.5
14862,82.15
14863,85.15
14864,82.58333333333333
14865,87.03333333333333
14866,89.21666666666667
14867,77.2
14868,58.6
14869,68.45
14870,80.26666666666667
14871,93.46666666666667
14872,85.45
14873,89.43333333333334
14874,93.4
14875,64.85
14876,78.25
14877,83.93333333333334
14878,79.28333333333333
14879,83.1
14880,98.38333333333334
14881,90.41666666666667
14882,64.78333333333333
14883,80.96666666666667
14884,79.03333333333333
14885,72.75
14886,82.58333333333333
14887,90.88333333333334
14888,105.26666666666667
14889,66.16666666666667
14890,76.18333333333334
14891,84.06666666666666
14892,92.76666666666667
14893,85.66666666666667
14894,90.05
14895,97.28333333333333
14896,63.0
14897,76.16666666666667
14898,79.55
14899,73.41666666666667
14900,90.88333333333334
14901,91.98333333333333
14902,91.26666666666667
14903,59.43333333333333
14904,78.03333333333333
14905,86.81666666666666
14906,98.38333333333334
14907,109.81666666666666
14908,102.93333333333334
14909,93.25
14910,70.5
14911,84.28333333333333
14912,88.75
14913,98.96666666666667
14914,94.95
14915,97.88333333333334
14916,98.8
14917,68.28333333333333
14918,84.06666666666666
14919,82.6
14920,87.1
14921,82.86666666666666
14922,83.7
14923,91.05
14924,58.71666666666667
14925,71.73333333333333
14926,83.98333333333333
14927,77.18333333333334
14928,89.08333333333333
14929,89.58333333333333
14930,90.53333333333333
14931,57.85
14932,75.41666666666667
14933,74.86666666666666
14934,75.88333333333334
14935,90.65
14936,88.61666666666666
14937,79.76666666666667
14938,58.71666666666667
14939,71.56666666666666
14940,81.7
14941,86.23333333333333
14942,92.18333333333334
14943,96.8
14944,90.45
14945,61.28333333333333
14946,74.6
14947,80.33333333333333
14948,74.8
14949,88.03333333333333
14950,92.96666666666667
14951,88.61666666666666
14952,55.53333333333333
14953,75.23333333333333
14954,78.8
14955,73.28333333333333
14956,84.96666666666667
14957,80.1
14958,83.8
14959,56.38333333333333
14960,69.68333333333334
14961,72.3
14962,81.0
14963,80.66666666666667
14964,80.31666666666666
14965,83.38333333333334
14966,56.61666666666667
14967,61.35
14968,71.81666666666666
14969,77.21666666666667
14970,76.91666666666667
14971,78.6
14972,77.55
14973,54.6
14974,61.833333333333336
14975,68.26666666666667
14976,65.75
14977,67.55
14978,75.5
14979,82.56666666666666
14980,48.833333333333336
14981,66.16666666666667
14982,70.75
14983,64.96666666666667
14984,77.68333333333334
14985,71.55
14986,72.9
14987,51.95
14988,76.38333333333334
14989,68.71666666666667
14990,68.4
14991,76.66666666666667
14992,77.58333333333333
14993,85.9
14994,57.75
14995,65.03333333333333
14996,66.36666666666666
14997,77.65
14998,67.18333333333334
14999,72.5
15000,73.18333333333334
15001,50.4
15002,57.21666666666667
15003,61.833333333333336
15004,58.75
15005,68.7
15006,75.31666666666666
15007,79.76666666666667
15008,51.666666666666664
15009,60.56666666666667
15010,64.01666666666667
15011,62.8
15012,77.03333333333333
15013,76.03333333333333
15014,76.45
15015,51.8
15016,67.33333333333333
15017,71.96666666666667
15018,77.06666666666666
15019,77.58333333333333
15020,81.36666666666666
15021,78.66666666666667
15022,58.53333333333333
15023,70.06666666666666
15024,68.7
15025,76.35
15026,77.8
15027,79.03333333333333
15028,77.45
15029,53.38333333333333
15030,64.56666666666666
15031,65.36666666666666
15032,75.63333333333334
15033,64.93333333333334
15034,74.91666666666667
15035,74.16666666666667
15036,53.03333333333333
15037,65.78333333333333
15038,63.8
15039,65.05
15040,69.15
15041,80.96666666666667
15042,80.03333333333333
15043,44.96666666666667
15044,58.4
15045,57.85
15046,55.166666666666664
15047,60.63333333333333
15048,64.8
15049,61.416666666666664
15050,48.06666666666667
15051,53.233333333333334
15052,54.516666666666666
15053,53.166666666666664
15054,58.56666666666667
15055,65.91666666666667
15056,66.83333333333333
15057,41.2
15058,52.78333333333333
15059,54.3
15060,60.61666666666667
15061,61.21666666666667
15062,63.9
15063,60.95
15064,39.46666666666667
15065,52.55
15066,50.483333333333334
15067,57.6
15068,51.53333333333333
15069,56.28333333333333
15070,55.86666666666667
15071,36.983333333333334
15072,46.31666666666667
15073,49.266666666666666
15074,56.483333333333334
15075,59.28333333333333
15076,60.016666666666666
15077,59.733333333333334
15078,40.28333333333333
15079,48.333333333333336
15080,49.666666666666664
15081,56.38333333333333
15082,58.21666666666667
15083,56.13333333333333
15084,55.11666666666667
15085,45.96666666666667
15086,42.833333333333336
15087,49.31666666666667
15088,56.56666666666667
15089,54.833333333333336
15090,57.666666666666664
15091,60.53333333333333
15092,38.38333333333333
15093,43.36666666666667
15094,44.61666666666667
15095,48.516666666666666
15096,51.95
15097,53.1
15098,51.0
15099,29.8
15100,44.233333333333334
15101,49.61666666666667
15102,55.75
15103,54.233333333333334
15104,54.38333333333333
15105,59.9
15106,42.05
15107,53.18333333333333
15108,51.96666666666667
15109,59.166666666666664
15110,61.55
15111,60.21666666666667
15112,61.18333333333333
15113,39.88333333333333
15114,54.6
15115,52.06666666666667
15116,46.56666666666667
15117,54.18333333333333
15118,60.483333333333334
15119,60.233333333333334
15120,42.0
15121,44.666666666666664
15122,49.416666666666664
15123,48.0
15124,75.86666666666666
15125,66.48333333333333
15126,68.0
15127,44.583333333333336
15128,52.166666666666664
15129,62.53333333333333
15130,62.5
15131,58.65
15132,62.733333333333334
15133,66.96666666666667
15134,45.0
15135,58.78333333333333
15136,66.61666666666666
15137,62.516666666666666
15138,73.06666666666666
15139,76.8
15140,85.73333333333333
15141,51.55
15142,55.13333333333333
15143,60.5
15144,69.75
15145,79.71666666666667
15146,71.25
15147,69.85
15148,47.166666666666664
15149,58.4
15150,62.56666666666667
15151,70.58333333333333
15152,72.43333333333334
15153,69.51666666666667
15154,81.4
15155,49.333333333333336
15156,57.266666666666666
15157,66.56666666666666
15158,72.33333333333333
15159,76.93333333333334
15160,77.05
15161,76.7
15162,50.21666666666667
15163,66.21666666666667
15164,69.41666666666667
15165,81.5
15166,72.36666666666666
15167,79.36666666666666
15168,85.63333333333334
15169,57.38333333333333
15170,66.96666666666667
15171,69.95
15172,64.26666666666667
15173,81.33333333333333
15174,87.6
15175,92.16666666666667
15176,55.21666666666667
15177,67.81666666666666
15178,71.38333333333334
15179,81.75
15180,86.48333333333333
15181,85.75
15182,84.18333333333334
15183,58.983333333333334
15184,73.33333333333333
15185,70.46666666666667
15186,78.96666666666667
15187,78.7
15188,79.13333333333334
15189,79.53333333333333
15190,50.63333333333333
15191,67.93333333333334
15192,71.96666666666667
15193,69.33333333333333
15194,80.25
15195,91.48333333333333
15196,96.1
15197,55.93333333333333
15198,74.71666666666667
15199,78.33333333333333
15200,83.9
15201,107.73333333333333
15202,97.38333333333334
15203,90.01666666666667
15204,57.53333333333333
15205,80.31666666666666
15206,81.86666666666666
15207,86.03333333333333
15208,77.38333333333334
15209,88.28333333333333
15210,91.21666666666667
15211,58.46666666666667
15212,72.41666666666667
15213,77.16666666666667
15214,65.51666666666667
15215,74.6
15216,87.28333333333333
15217,88.41666666666667
15218,56.766666666666666
15219,73.23333333333333
15220,79.65
15221,69.96666666666667
15222,85.53333333333333
15223,94.5
15224,89.1
15225,63.43333333333333
15226,72.75
15227,83.3
15228,87.11666666666666
15229,85.71666666666667
15230,95.58333333333333
15231,108.4
15232,65.33333333333333
15233,80.75
15234,85.1
15235,83.06666666666666
15236,82.96666666666667
15237,91.86666666666666
15238,91.4
15239,61.05
15240,79.11666666666666
15241,86.95
15242,83.31666666666666
15243,101.06666666666666
15244,101.76666666666667
15245,99.45
15246,68.91666666666667
15247,81.76666666666667
15248,89.13333333333334
15249,95.95
15250,83.95
15251,91.3
15252,98.86666666666666
15253,66.33333333333333
15254,79.6
15255,88.86666666666666
15256,94.01666666666667
15257,105.9
15258,104.95
15259,102.5
15260,72.18333333333334
15261,82.7
15262,91.45
15263,96.08333333333333
15264,97.0
15265,98.76666666666667
15266,100.18333333333334
15267,67.05
15268,78.21666666666667
15269,88.86666666666666
15270,100.5
15271,109.96666666666667
15272,104.15
15273,104.13333333333334
15274,68.08333333333333
15275,85.88333333333334
15276,93.18333333333334
15277,104.75
15278,107.4
15279,104.4
15280,105.05
15281,74.18333333333334
15282,88.86666666666666
15283,91.88333333333334
15284,101.78333333333333
15285,85.1
15286,94.63333333333334
15287,92.96666666666667
15288,63.733333333333334
15289,74.18333333333334
15290,77.9
15291,69.96666666666667
15292,89.23333333333333
15293,105.0
15294,99.68333333333334
15295,64.9
15296,79.73333333333333
15297,82.95
15298,72.45
15299,88.4
15300,93.25
15301,92.05
15302,60.75
15303,76.56666666666666
15304,77.26666666666667
15305,66.26666666666667
15306,88.05
15307,95.06666666666666
15308,103.4
15309,62.333333333333336
15310,79.05
15311,82.48333333333333
15312,89.36666666666666
15313,87.93333333333334
15314,93.58333333333333
15315,93.6
15316,60.15
15317,75.05
15318,79.75
15319,75.56666666666666
15320,86.83333333333333
15321,88.48333333333333
15322,89.41666666666667
15323,57.266666666666666
15324,73.05
15325,77.63333333333334
15326,76.83333333333333
15327,84.41666666666667
15328,84.7
15329,88.71666666666667
15330,56.333333333333336
15331,74.9
15332,76.83333333333333
15333,79.55
15334,87.21666666666667
15335,89.13333333333334
15336,90.68333333333334
15337,62.71666666666667
15338,80.48333333333333
15339,73.41666666666667
15340,71.91666666666667
15341,82.75
15342,87.73333333333333
15343,91.15
15344,58.516666666666666
15345,59.78333333333333
15346,72.81666666666666
15347,80.9
15348,80.0
15349,76.08333333333333
15350,77.93333333333334
15351,52.43333333333333
15352,64.45
15353,71.61666666666666
15354,81.35
15355,77.03333333333333
15356,87.73333333333333
15357,83.36666666666666
15358,53.95
15359,67.45
15360,67.9
15361,67.61666666666666
15362,71.16666666666667
15363,78.91666666666667
15364,76.91666666666667
15365,49.55
15366,67.95
15367,73.43333333333334
15368,71.68333333333334
15369,87.06666666666666
15370,80.73333333333333
15371,86.85
15372,55.6
15373,76.73333333333333
15374,75.63333333333334
15375,83.38333333333334
15376,85.98333333333333
15377,74.38333333333334
15378,81.2
15379,59.416666666666664
15380,74.7
15381,71.73333333333333
15382,80.8
15383,76.18333333333334
15384,81.98333333333333
15385,84.98333333333333
15386,53.266666666666666
15387,57.916666666666664
15388,64.96666666666667
15389,67.48333333333333
15390,80.81666666666666
15391,95.16666666666667
15392,85.85
15393,57.03333333333333
15394,69.86666666666666
15395,75.43333333333334
15396,82.61666666666666
15397,85.01666666666667
15398,83.96666666666667
15399,86.96666666666667
15400,56.1
15401,71.01666666666667
15402,73.4
15403,79.33333333333333
15404,75.31666666666666
15405,84.25
15406,81.03333333333333
15407,49.63333333333333
15408,58.13333333333333
15409,65.16666666666667
15410,55.93333333333333
15411,59.68333333333333
15412,68.71666666666667
15413,63.71666666666667
15414,42.483333333333334
15415,51.983333333333334
15416,53.45
15417,52.85
15418,64.11666666666666
15419,63.9
15420,63.166666666666664
15421,41.583333333333336
15422,53.95
15423,51.766666666666666
15424,47.4
15425,59.53333333333333
15426,57.766666666666666
15427,61.0
15428,40.38333333333333
15429,49.36666666666667
15430,52.78333333333333
15431,44.46666666666667
15432,61.78333333333333
15433,63.05
15434,66.46666666666667
15435,40.65
15436,53.03333333333333
15437,54.166666666666664
15438,61.63333333333333
15439,61.95
15440,63.516666666666666
15441,59.983333333333334
15442,42.56666666666667
15443,46.8
15444,56.05
15445,60.5
15446,54.516666666666666
15447,57.083333333333336
15448,57.916666666666664
15449,41.45
15450,46.8
15451,51.63333333333333
15452,56.483333333333334
15453,55.53333333333333
15454,57.8
15455,56.45
15456,40.35
15457,49.06666666666667
15458,48.983333333333334
15459,57.03333333333333
15460,54.583333333333336
15461,58.15
15462,60.266666666666666
15463,40.81666666666667
15464,48.166666666666664
15465,52.45
15466,58.56666666666667
15467,56.28333333333333
15468,56.6
15469,59.13333333333333
15470,42.21666666666667
15471,49.38333333333333
15472,53.4
15473,58.416666666666664
15474,55.88333333333333
15475,62.03333333333333
15476,62.38333333333333
15477,40.333333333333336
15478,52.93333333333333
15479,58.4
15480,51.96666666666667
15481,54.516666666666666
15482,67.23333333333333
15483,59.86666666666667
15484,42.5
15485,49.85
15486,55.016666666666666
15487,61.233333333333334
15488,61.166666666666664
15489,60.35
15490,64.93333333333334
15491,42.36666666666667
15492,54.45
15493,54.9
15494,61.93333333333333
15495,54.333333333333336
15496,67.06666666666666
15497,61.78333333333333
15498,40.766666666666666
15499,57.333333333333336
15500,77.41666666666667
15501,74.33333333333333
15502,70.55
15503,80.01666666666667
15504,85.81666666666666
15505,57.45
15506,66.26666666666667
15507,74.86666666666666
15508,78.66666666666667
15509,76.35
15510,76.23333333333333
15511,86.41666666666667
15512,53.3
15513,62.8
15514,69.1
15515,75.11666666666666
15516,79.33333333333333
15517,76.55
15518,76.93333333333334
15519,48.06666666666667
15520,61.8
15521,71.53333333333333
15522,76.08333333333333
15523,72.75
15524,79.65
15525,80.83333333333333
15526,54.5
15527,64.85
15528,70.66666666666667
15529,70.31666666666666
15530,83.88333333333334
15531,84.05
15532,80.25
15533,61.81666666666667
15534,76.56666666666666
15535,74.61666666666666
15536,83.45
15537,84.53333333333333
15538,88.71666666666667
15539,91.96666666666667
15540,62.36666666666667
15541,83.93333333333334
15542,82.18333333333334
15543,93.01666666666667
15544,98.65
15545,86.8
15546,100.51666666666667
15547,61.56666666666667
15548,75.96666666666667
15549,78.81666666666666
15550,91.06666666666666
15551,92.31666666666666
15552,94.05
15553,98.63333333333334
15554,62.25
15555,78.06666666666666
15556,80.9
15557,84.85
15558,88.03333333333333
15559,92.78333333333333
15560,98.83333333333333
15561,65.45
15562,83.31666666666666
15563,87.66666666666667
15564,82.45
15565,92.48333333333333
15566,101.1
15567,100.81666666666666
15568,65.03333333333333
15569,98.25
15570,101.83333333333333
15571,87.06666666666666
15572,96.03333333333333
15573,99.21666666666667
15574,98.43333333333334
15575,70.81666666666666
15576,78.73333333333333
15577,84.1
15578,92.48333333333333
15579,102.36666666666666
15580,97.53333333333333
15581,99.83333333333333
15582,69.65
15583,80.23333333333333
15584,84.05
15585,97.0
15586,92.75
15587,97.8
15588,93.35
15589,66.31666666666666
15590,76.96666666666667
15591,90.83333333333333
15592,94.8
15593,103.8
15594,114.28333333333333
15595,105.86666666666666
15596,74.18333333333334
15597,83.53333333333333
15598,85.01666666666667
15599,100.76666666666667
15600,106.75
15601,104.88333333333334
15602,110.88333333333334
15603,70.06666666666666
15604,85.16666666666667
15605,85.91666666666667
15606,101.16666666666667
15607,101.26666666666667
15608,110.03333333333333
15609,103.83333333333333
15610,70.98333333333333
15611,87.28333333333333
15612,95.8
15613,97.11666666666666
15614,93.68333333333334
15615,101.88333333333334
15616,116.16666666666667
15617,72.83333333333333
15618,91.4
15619,96.26666666666667
15620,106.38333333333334
15621,100.05
15622,112.41666666666667
15623,121.18333333333334
15624,75.68333333333334
15625,97.58333333333333
15626,94.01666666666667
15627,96.76666666666667
15628,106.11666666666666
15629,108.25
15630,102.5
15631,78.71666666666667
15632,90.56666666666666
15633,93.11666666666666
15634,90.35
15635,113.88333333333334
15636,117.1
15637,133.83333333333334
15638,80.01666666666667
15639,98.05
15640,101.26666666666667
15641,115.23333333333333
15642,114.2
15643,119.35
15644,121.83333333333333
15645,81.28333333333333
15646,98.61666666666666
15647,96.95
15648,96.98333333333333
15649,114.03333333333333
15650,105.35
15651,110.45
15652,76.3
15653,85.03333333333333
15654,92.36666666666666
15655,93.2
15656,100.16666666666667
15657,96.53333333333333
15658,98.41666666666667
15659,69.8
15660,80.01666666666667
15661,80.16666666666667
15662,90.26666666666667
15663,97.2
15664,98.35
15665,102.71666666666667
15666,64.55
15667,78.63333333333334
15668,86.58333333333333
15669,85.95
15670,86.06666666666666
15671,95.73333333333333
15672,94.06666666666666
15673,63.75
15674,79.41666666666667
15675,87.93333333333334
15676,91.33333333333333
15677,97.08333333333333
15678,103.78333333333333
15679,106.28333333333333
15680,67.05
15681,91.88333333333334
15682,84.86666666666666
15683,92.55
15684,86.38333333333334
15685,96.8
15686,91.7
15687,55.63333333333333
15688,73.75
15689,79.55
15690,92.71666666666667
15691,89.13333333333334
15692,94.01666666666667
15693,88.33333333333333
15694,60.45
15695,78.15
15696,78.75
15697,83.93333333333334
15698,89.53333333333333
15699,93.18333333333334
15700,95.91666666666667
15701,64.3
15702,79.5
15703,86.93333333333334
15704,88.13333333333334
15705,84.85
15706,86.95
15707,92.9
15708,58.38333333333333
15709,73.25
15710,80.93333333333334
15711,87.48333333333333
15712,89.5
15713,94.78333333333333
15714,94.5
15715,58.916666666666664
15716,75.45
15717,74.73333333333333
15718,84.03333333333333
15719,79.51666666666667
15720,86.3
15721,86.1
15722,58.06666666666667
15723,75.46666666666667
15724,77.33333333333333
15725,80.78333333333333
15726,78.21666666666667
15727,87.3
15728,89.6
15729,56.96666666666667
15730,73.06666666666666
15731,71.31666666666666
15732,78.38333333333334
15733,76.53333333333333
15734,87.33333333333333
15735,85.5
15736,57.8
15737,65.9
15738,70.65
15739,69.98333333333333
15740,77.33333333333333
15741,88.01666666666667
15742,87.86666666666666
15743,58.166666666666664
15744,68.28333333333333
15745,77.28333333333333
15746,81.28333333333333
15747,87.48333333333333
15748,102.25
15749,94.56666666666666
15750,63.05
15751,81.03333333333333
15752,75.81666666666666
15753,79.9
15754,92.53333333333333
15755,86.96666666666667
15756,87.28333333333333
15757,57.416666666666664
15758,74.23333333333333
15759,78.43333333333334
15760,85.46666666666667
15761,85.9
15762,89.53333333333333
15763,91.71666666666667
15764,57.416666666666664
15765,72.93333333333334
15766,81.61666666666666
15767,75.08333333333333
15768,80.5
15769,91.86666666666666
15770,85.16666666666667
15771,60.15
15772,77.11666666666666
15773,73.9
15774,66.46666666666667
15775,67.63333333333334
15776,82.33333333333333
15777,78.63333333333334
15778,49.1
15779,54.483333333333334
15780,56.4
15781,53.61666666666667
15782,59.25
15783,64.53333333333333
15784,65.35
15785,39.31666666666667
15786,53.8
15787,68.16666666666667
15788,64.63333333333334
15789,63.28333333333333
15790,64.26666666666667
15791,63.416666666666664
15792,48.166666666666664
15793,49.43333333333333
15794,50.583333333333336
15795,51.96666666666667
15796,61.15
15797,67.08333333333333
15798,66.06666666666666
15799,44.25
15800,52.28333333333333
15801,52.63333333333333
15802,61.21666666666667
15803,64.01666666666667
15804,69.9
15805,67.81666666666666
15806,45.983333333333334
15807,56.983333333333334
15808,53.38333333333333
15809,64.11666666666666
15810,63.21666666666667
15811,61.43333333333333
15812,64.91666666666667
15813,46.666666666666664
15814,50.75
15815,54.766666666666666
15816,57.8
15817,59.36666666666667
15818,62.93333333333333
15819,63.75
15820,39.46666666666667
15821,52.666666666666664
15822,54.75
15823,52.43333333333333
15824,60.96666666666667
15825,62.88333333333333
15826,58.7
15827,40.45
15828,54.166666666666664
15829,53.28333333333333
15830,56.166666666666664
15831,67.81666666666666
15832,67.61666666666666
15833,66.83333333333333
15834,44.68333333333333
15835,50.85
15836,61.63333333333333
15837,67.9
15838,64.05
15839,67.33333333333333
15840,69.13333333333334
15841,48.31666666666667
15842,63.4
15843,66.13333333333334
15844,67.18333333333334
15845,69.81666666666666
15846,72.05
15847,78.35
15848,49.583333333333336
15849,64.11666666666666
15850,62.63333333333333
15851,60.35
15852,69.18333333333334
15853,74.45
15854,67.46666666666667
15855,48.71666666666667
15856,53.65
15857,59.96666666666667
15858,56.9
15859,61.35
15860,66.25
15861,68.68333333333334
15862,43.36666666666667
15863,54.733333333333334
15864,66.41666666666667
15865,70.26666666666667
15866,76.03333333333333
15867,76.66666666666667
15868,88.31666666666666
15869,53.21666666666667
15870,66.91666666666667
15871,73.18333333333334
15872,72.35
15873,76.85
15874,81.36666666666666
15875,78.21666666666667
15876,57.61666666666667
15877,66.15
15878,65.96666666666667
15879,72.21666666666667
15880,74.71666666666667
15881,79.88333333333334
15882,79.36666666666666
15883,50.31666666666667
15884,67.96666666666667
15885,74.78333333333333
15886,81.65
15887,65.93333333333334
15888,76.71666666666667
15889,85.2
15890,49.85
15891,74.75
15892,70.2
15893,67.71666666666667
15894,81.43333333333334
15895,87.36666666666666
15896,92.18333333333334
15897,56.96666666666667
15898,79.2
15899,74.18333333333334
15900,72.25
15901,92.06666666666666
15902,90.7
15903,89.45
15904,61.55
15905,79.61666666666666
15906,74.7
15907,88.1
15908,106.45
15909,88.93333333333334
15910,105.65
15911,68.98333333333333
15912,85.25
15913,82.16666666666667
15914,77.76666666666667
15915,91.68333333333334
15916,97.0
15917,90.61666666666666
15918,63.416666666666664
15919,76.36666666666666
15920,82.13333333333334
15921,84.75
15922,107.06666666666666
15923,100.53333333333333
15924,103.18333333333334
15925,70.63333333333334
15926,82.15
15927,92.6
15928,91.96666666666667
15929,100.03333333333333
15930,97.51666666666667
15931,102.73333333333333
15932,68.28333333333333
15933,85.55
15934,93.2
15935,101.06666666666666
15936,98.28333333333333
15937,101.55
15938,107.98333333333333
15939,69.2
15940,78.21666666666667
15941,86.1
15942,85.65
15943,89.73333333333333
15944,97.96666666666667
15945,95.93333333333334
15946,68.26666666666667
15947,83.81666666666666
15948,84.46666666666667
15949,82.91666666666667
15950,94.88333333333334
15951,99.33333333333333
15952,98.05
15953,69.41666666666667
15954,84.35
15955,85.91666666666667
15956,91.98333333333333
15957,104.85
15958,104.05
15959,101.7
15960,74.15
15961,97.03333333333333
15962,97.41666666666667
15963,104.61666666666666
15964,108.41666666666667
15965,99.41666666666667
15966,101.85
15967,73.26666666666667
15968,87.5
15969,92.58333333333333
15970,98.3
15971,99.85
15972,111.65
15973,116.11666666666666
15974,76.8
15975,93.45
15976,99.88333333333334
15977,91.25
15978,98.55
15979,103.48333333333333
15980,109.06666666666666
15981,74.66666666666667
15982,91.11666666666666
15983,104.45
15984,99.48333333333333
15985,104.63333333333334
15986,109.21666666666667
15987,110.53333333333333
15988,80.55
15989,90.85
15990,92.56666666666666
15991,100.05
15992,113.91666666666667
15993,109.8
15994,109.85
15995,80.35
15996,92.06666666666666
15997,92.53333333333333
15998,107.23333333333333
15999,97.21666666666667
16000,114.88333333333334
16001,105.65
16002,81.38333333333334
16003,84.25
16004,97.51666666666667
16005,98.45
16006,104.91666666666667
16007,112.1
16008,118.88333333333334
16009,77.88333333333334
16010,91.18333333333334
16011,98.4
16012,111.36666666666666
16013,112.68333333333334
16014,111.03333333333333
16015,118.98333333333333
16016,77.6
16017,85.83333333333333
16018,93.66666666666667
16019,106.5
16020,93.6
16021,107.05
16022,100.4
16023,75.65
16024,97.25
16025,93.18333333333334
16026,92.71666666666667
16027,100.46666666666667
16028,109.46666666666667
16029,116.25
16030,75.86666666666666
16031,85.38333333333334
16032,89.25
16033,86.61666666666666
16034,97.51666666666667
16035,98.88333333333334
16036,96.85
16037,66.01666666666667
16038,80.56666666666666
16039,96.65
16040,96.21666666666667
16041,101.01666666666667
16042,100.91666666666667
16043,103.43333333333334
16044,70.36666666666666
16045,84.18333333333334
16046,87.31666666666666
16047,96.76666666666667
16048,102.53333333333333
16049,100.93333333333334
16050,97.9
16051,71.53333333333333
16052,75.51666666666667
16053,85.2
16054,93.7
16055,92.9
16056,95.05
16057,94.06666666666666
16058,61.75
16059,71.08333333333333
16060,78.88333333333334
16061,93.36666666666666
16062,97.06666666666666
16063,93.21666666666667
16064,97.7
16065,62.9
16066,82.23333333333333
16067,85.55
16068,91.95
16069,92.16666666666667
16070,95.95
16071,105.7
16072,65.6
16073,81.1
16074,88.11666666666666
16075,95.73333333333333
16076,97.1
16077,96.63333333333334
16078,99.45
16079,65.01666666666667
16080,82.36666666666666
16081,80.76666666666667
16082,91.8
16083,91.18333333333334
16084,91.53333333333333
16085,94.68333333333334
16086,55.56666666666667
16087,78.3
16088,77.66666666666667
16089,92.45
16090,85.0
16091,89.38333333333334
16092,85.3
16093,59.583333333333336
16094,74.38333333333334
16095,80.61666666666666
16096,69.33333333333333
16097,91.91666666666667
16098,94.2
16099,89.58333333333333
16100,58.166666666666664
16101,70.6
16102,75.55
16103,72.88333333333334
16104,90.55
16105,95.21666666666667
16106,93.76666666666667
16107,60.583333333333336
16108,75.16666666666667
16109,76.85
16110,89.58333333333333
16111,90.45
16112,95.88333333333334
16113,99.06666666666666
16114,59.78333333333333
16115,79.31666666666666
16116,78.38333333333334
16117,93.25
16118,91.08333333333333
16119,99.18333333333334
16120,98.75
16121,67.56666666666666
16122,77.85
16123,90.78333333333333
16124,88.61666666666666
16125,88.53333333333333
16126,91.18333333333334
16127,95.61666666666666
16128,57.45
16129,76.13333333333334
16130,75.98333333333333
16131,68.31666666666666
16132,89.6
16133,89.96666666666667
16134,87.0
16135,61.03333333333333
16136,74.1
16137,79.48333333333333
16138,87.48333333333333
16139,83.58333333333333
16140,67.81666666666666
16141,72.06666666666666
16142,52.95
16143,60.95
16144,67.38333333333334
16145,74.33333333333333
16146,69.48333333333333
16147,68.15
16148,69.36666666666666
16149,48.86666666666667
16150,64.76666666666667
16151,72.81666666666666
16152,60.2
16153,77.38333333333334
16154,78.65
16155,76.48333333333333
16156,52.88333333333333
16157,62.916666666666664
16158,66.98333333333333
16159,62.266666666666666
16160,63.78333333333333
16161,66.56666666666666
16162,71.66666666666667
16163,45.85
16164,52.88333333333333
16165,58.65
16166,57.2
16167,64.76666666666667
16168,63.083333333333336
16169,67.51666666666667
16170,27.066666666666666
16171,5.183333333333334
16172,5.183333333333334
16173,4.85
16174,5.116666666666666
16175,6.666666666666667
16176,6.716666666666667
16177,5.233333333333333
16178,4.716666666666667
16179,4.666666666666667
16180,3.9833333333333334
16181,3.966666666666667
16182,6.3
16183,6.533333333333333
16184,5.233333333333333
16185,4.55
16186,4.533333333333333
16187,3.65
16188,3.816666666666667
16189,6.566666666666666
16190,7.016666666666667
16191,5.233333333333333
16192,4.983333333333333
16193,5.1
16194,4.116666666666666
16195,4.4
16196,7.05
16197,7.066666666666666
16198,5.383333333333334
16199,5.266666666666667
16200,5.466666666666667
16201,4.35
16202,4.616666666666666
16203,6.666666666666667
16204,6.716666666666667
16205,5.25
16206,4.916666666666667
16207,4.866666666666666
16208,4.05
16209,4.466666666666667
16210,6.783333333333333
16211,6.633333333333334
16212,5.25
16213,4.766666666666667
16214,4.716666666666667
16215,3.7666666666666666
16216,4.1
16217,6.816666666666666
16218,6.616666666666666
16219,5.3
16220,4.8
16221,4.933333333333334
16222,3.95
16223,4.233333333333333
16224,7.116666666666666
16225,6.933333333333334
16226,5.4
16227,5.05
16228,5.483333333333333
16229,4.35
16230,4.616666666666666
16231,6.7
16232,6.816666666666666
16233,5.283333333333333
16234,4.85
16235,4.883333333333334
16236,4.05
16237,4.466666666666667
16238,6.816666666666666
16239,6.733333333333333
16240,5.25
16241,4.7
16242,4.733333333333333
16243,3.7666666666666666
16244,4.1
16245,6.816666666666666
16246,6.616666666666666
16247,5.3
16248,4.816666666666666
16249,4.95
16250,3.95
16251,4.233333333333333
16252,7.116666666666666
16253,6.933333333333334
16254,5.4
16255,5.05
16256,5.483333333333333
16257,4.3
16258,4.583333333333333
16259,7.233333333333333
16260,3.9
16261,25.8
16262,27.833333333333332
16263,26.583333333333332
16264,26.516666666666666
16265,47.03333333333333
16266,32.75
16267,40.03333333333333
16268,42.666666666666664
16269,49.833333333333336
16270,46.416666666666664
16271,52.0
16272,58.583333333333336
16273,37.68333333333333
16274,42.5
16275,40.666666666666664
16276,41.21666666666667
16277,46.2
16278,47.833333333333336
16279,49.9
16280,37.333333333333336
16281,36.13333333333333
16282,46.516666666666666
16283,48.56666666666667
16284,53.083333333333336
16285,47.13333333333333
16286,46.4
16287,33.65
16288,39.233333333333334
16289,47.266666666666666
16290,48.71666666666667
16291,51.86666666666667
16292,57.6
16293,58.516666666666666
16294,39.86666666666667
16295,48.43333333333333
16296,46.63333333333333
16297,48.75
16298,48.733333333333334
16299,57.75
16300,67.43333333333334
16301,43.833333333333336
16302,49.56666666666667
16303,50.666666666666664
16304,49.86666666666667
16305,62.06666666666667
16306,58.81666666666667
16307,56.86666666666667
16308,41.85
16309,47.583333333333336
16310,49.8
16311,56.38333333333333
16312,56.733333333333334
16313,59.88333333333333
16314,58.78333333333333
16315,49.733333333333334
16316,46.61666666666667
16317,52.2
16318,57.95
16319,57.11666666666667
16320,60.13333333333333
16321,69.0
16322,47.2
16323,56.03333333333333
16324,55.61666666666667
16325,65.83333333333333
16326,74.06666666666666
16327,74.7
16328,72.63333333333334
16329,49.733333333333334
16330,60.483333333333334
16331,60.71666666666667
16332,68.48333333333333
16333,60.766666666666666
16334,65.83333333333333
16335,70.51666666666667
16336,46.53333333333333
16337,58.63333333333333
16338,73.85
16339,60.083333333333336
16340,69.43333333333334
16341,70.01666666666667
16342,71.7
16343,58.63333333333333
16344,57.833333333333336
16345,60.45
16346,75.05
16347,74.18333333333334
16348,74.56666666666666
16349,76.4
16350,63.46666666666667
16351,67.65
16352,72.06666666666666
16353,78.66666666666667
16354,71.25
16355,80.8
16356,75.06666666666666
16357,51.95
16358,68.05
16359,72.36666666666666
16360,72.01666666666667
16361,75.45
16362,81.11666666666666
16363,83.03333333333333
16364,61.6
16365,66.98333333333333
16366,70.26666666666667
16367,65.21666666666667
16368,78.2
16369,83.25
16370,82.75
16371,52.5
16372,64.63333333333334
16373,74.18333333333334
16374,76.03333333333333
16375,67.75
16376,81.85
16377,77.73333333333333
16378,59.666666666666664
16379,64.83333333333333
16380,76.58333333333333
16381,79.85
16382,91.0
16383,91.63333333333334
16384,90.76666666666667
16385,60.1
16386,76.5
16387,81.55
16388,94.31666666666666
16389,90.43333333333334
16390,87.61666666666666
16391,89.03333333333333
16392,70.71666666666667
16393,78.25
16394,87.26666666666667
16395,89.88333333333334
16396,90.55
16397,90.63333333333334
16398,89.71666666666667
16399,68.95
16400,76.0
16401,80.55
16402,89.83333333333333
16403,96.8
16404,96.4
16405,97.63333333333334
16406,71.2
16407,77.48333333333333
16408,84.75
16409,93.26666666666667
16410,91.03333333333333
16411,97.11666666666666
16412,96.6
16413,70.7
16414,82.13333333333334
16415,83.15
16416,83.48333333333333
16417,92.03333333333333
16418,95.51666666666667
16419,91.01666666666667
16420,60.21666666666667
16421,75.76666666666667
16422,84.8
16423,83.21666666666667
16424,96.85
16425,100.16666666666667
16426,91.71666666666667
16427,73.53333333333333
16428,83.41666666666667
16429,82.06666666666666
16430,92.5
16431,97.61666666666666
16432,106.16666666666667
16433,98.61666666666666
16434,71.33333333333333
16435,72.21666666666667
16436,84.05
16437,96.15
16438,96.43333333333334
16439,98.33333333333333
16440,96.96666666666667
16441,73.08333333333333
16442,75.03333333333333
16443,82.51666666666667
16444,86.91666666666667
16445,96.8
16446,98.71666666666667
16447,104.05
16448,68.5
16449,84.73333333333333
16450,86.66666666666667
16451,92.36666666666666
16452,94.0
16453,96.88333333333334
16454,95.03333333333333
16455,74.65
16456,80.8
16457,87.1
16458,86.35
16459,91.06666666666666
16460,117.25
16461,108.06666666666666
16462,72.5
16463,83.91666666666667
16464,85.73333333333333
16465,98.91666666666667
16466,105.28333333333333
16467,95.35
16468,103.01666666666667
16469,75.4
16470,82.78333333333333
16471,88.51666666666667
16472,87.73333333333333
16473,94.36666666666666
16474,97.03333333333333
16475,96.96666666666667
16476,57.45
16477,75.88333333333334
16478,78.05
16479,89.5
16480,85.25
16481,88.43333333333334
16482,82.13333333333334
16483,64.16666666666667
16484,66.33333333333333
16485,74.68333333333334
16486,78.4
16487,91.03333333333333
16488,85.16666666666667
16489,91.51666666666667
16490,54.03333333333333
16491,75.85
16492,73.2
16493,64.1
16494,83.35
16495,90.56666666666666
16496,88.18333333333334
16497,59.583333333333336
16498,75.78333333333333
16499,74.06666666666666
16500,91.3
16501,93.78333333333333
16502,89.58333333333333
16503,95.05
16504,64.41666666666667
16505,74.85
16506,80.4
16507,80.06666666666666
16508,71.2
16509,79.5
16510,92.78333333333333
16511,59.016666666666666
16512,70.93333333333334
16513,80.98333333333333
16514,78.08333333333333
16515,85.83333333333333
16516,77.98333333333333
16517,81.93333333333334
16518,55.666666666666664
16519,66.76666666666667
16520,69.03333333333333
16521,81.58333333333333
16522,82.55
16523,84.0
16524,79.81666666666666
16525,58.46666666666667
16526,71.26666666666667
16527,70.13333333333334
16528,74.1
16529,70.83333333333333
16530,78.7
16531,75.7
16532,52.65
16533,66.13333333333334
16534,65.58333333333333
16535,61.666666666666664
16536,75.36666666666666
16537,72.96666666666667
16538,72.31666666666666
16539,49.083333333333336
16540,69.8
16541,71.46666666666667
16542,67.81666666666666
16543,77.73333333333333
16544,83.88333333333334
16545,85.51666666666667
16546,54.7
16547,68.38333333333334
16548,73.51666666666667
16549,87.31666666666666
16550,82.45
16551,79.01666666666667
16552,79.1
16553,57.61666666666667
16554,72.35
16555,70.03333333333333
16556,73.98333333333333
16557,68.73333333333333
16558,75.3
16559,66.61666666666666
16560,47.016666666666666
16561,62.46666666666667
16562,70.01666666666667
16563,66.35
16564,78.31666666666666
16565,77.91666666666667
16566,72.35
16567,52.266666666666666
16568,72.15
16569,69.3
16570,81.63333333333334
16571,80.55
16572,90.75
16573,79.36666666666666
16574,59.11666666666667
16575,67.43333333333334
16576,77.35
16577,71.3
16578,80.76666666666667
16579,85.3
16580,78.5
16581,60.86666666666667
16582,69.58333333333333
16583,69.9
16584,85.0
16585,84.4
16586,84.98333333333333
16587,82.9
16588,59.583333333333336
16589,74.13333333333334
16590,80.83333333333333
16591,81.65
16592,74.56666666666666
16593,86.5
16594,75.61666666666666
16595,62.28333333333333
16596,58.55
16597,58.333333333333336
16598,66.45
16599,59.86666666666667
16600,65.0
16601,62.516666666666666
16602,48.75
16603,50.333333333333336
16604,54.88333333333333
16605,60.18333333333333
16606,51.55
16607,55.583333333333336
16608,56.78333333333333
16609,44.36666666666667
16610,48.8
16611,47.85
16612,51.833333333333336
16613,57.45
16614,56.93333333333333
16615,60.916666666666664
16616,38.233333333333334
16617,54.13333333333333
16618,56.85
16619,58.4
16620,56.36666666666667
16621,58.31666666666667
16622,62.233333333333334
16623,40.55
16624,48.18333333333333
16625,53.4
16626,52.56666666666667
16627,56.93333333333333
16628,58.78333333333333
16629,57.36666666666667
16630,39.5
16631,47.983333333333334
16632,49.43333333333333
16633,54.5
16634,58.13333333333333
16635,55.93333333333333
16636,59.6
16637,42.983333333333334
16638,51.55
16639,52.95
16640,57.3
16641,57.38333333333333
16642,58.78333333333333
16643,63.25
16644,40.733333333333334
16645,55.25
16646,53.3
16647,50.13333333333333
16648,62.93333333333333
16649,59.166666666666664
16650,60.65
16651,39.88333333333333
16652,50.916666666666664
16653,53.666666666666664
16654,57.9
16655,55.233333333333334
16656,63.28333333333333
16657,72.33333333333333
16658,44.96666666666667
16659,57.75
16660,56.3
16661,60.75
16662,70.63333333333334
16663,67.91666666666667
16664,71.08333333333333
16665,44.516666666666666
16666,60.28333333333333
16667,62.166666666666664
16668,65.91666666666667
16669,62.4
16670,71.23333333333333
16671,69.95
16672,47.85
16673,59.25
16674,60.833333333333336
16675,58.03333333333333
16676,59.81666666666667
16677,67.66666666666667
16678,69.26666666666667
16679,45.31666666666667
16680,58.96666666666667
16681,57.61666666666667
16682,51.53333333333333
16683,62.05
16684,82.6
16685,80.41666666666667
16686,57.28333333333333
16687,71.0
16688,69.05
16689,79.63333333333334
16690,72.3
16691,90.05
16692,82.5
16693,57.4
16694,70.31666666666666
16695,70.31666666666666
16696,69.06666666666666
16697,73.58333333333333
16698,94.65
16699,90.1
16700,59.15
16701,72.18333333333334
16702,73.08333333333333
16703,69.83333333333333
16704,80.76666666666667
16705,79.68333333333334
16706,84.61666666666666
16707,50.78333333333333
16708,63.483333333333334
16709,68.63333333333334
16710,70.16666666666667
16711,69.66666666666667
16712,80.43333333333334
16713,77.38333333333334
16714,52.31666666666667
16715,66.96666666666667
16716,69.93333333333334
16717,72.43333333333334
16718,86.1
16719,87.91666666666667
16720,93.91666666666667
16721,60.266666666666666
16722,76.95
16723,80.93333333333334
16724,77.55
16725,89.41666666666667
16726,96.06666666666666
16727,93.5
16728,61.93333333333333
16729,77.11666666666666
16730,83.6
16731,94.71666666666667
16732,96.5
16733,99.38333333333334
16734,98.51666666666667
16735,65.48333333333333
16736,82.53333333333333
16737,82.53333333333333
16738,89.6
16739,84.51666666666667
16740,100.51666666666667
16741,103.46666666666667
16742,62.916666666666664
16743,84.11666666666666
16744,83.6
16745,93.1
16746,98.11666666666666
16747,106.06666666666666
16748,107.3
16749,70.18333333333334
16750,88.38333333333334
16751,88.96666666666667
16752,92.61666666666666
16753,95.03333333333333
16754,107.26666666666667
16755,105.13333333333334
16756,69.43333333333334
16757,82.95
16758,88.2
16759,91.13333333333334
16760,98.33333333333333
16761,104.71666666666667
16762,98.81666666666666
16763,74.38333333333334
16764,77.13333333333334
16765,88.85
16766,99.01666666666667
16767,94.15
16768,104.66666666666667
16769,107.81666666666666
16770,68.53333333333333
16771,91.31666666666666
16772,91.03333333333333
16773,91.1
16774,103.03333333333333
16775,102.63333333333334
16776,108.2
16777,70.21666666666667
16778,83.7
16779,89.66666666666667
16780,91.0
16781,95.71666666666667
16782,108.36666666666666
16783,108.11666666666666
16784,70.51666666666667
16785,90.78333333333333
16786,94.56666666666666
16787,99.88333333333334
16788,114.71666666666667
16789,121.0
16790,108.73333333333333
16791,76.55
16792,102.3
16793,101.61666666666666
16794,114.56666666666666
16795,108.03333333333333
16796,104.38333333333334
16797,111.68333333333334
16798,74.53333333333333
16799,88.31666666666666
16800,92.11666666666666
16801,105.56666666666666
16802,111.6
16803,112.66666666666667
16804,106.43333333333334
16805,78.9
16806,91.68333333333334
16807,97.85
16808,105.35
16809,116.2
16810,127.98333333333333
16811,122.88333333333334
16812,79.98333333333333
16813,101.03333333333333
16814,99.93333333333334
16815,100.3
16816,112.41666666666667
16817,119.0
16818,115.55
16819,85.01666666666667
16820,90.2
16821,97.53333333333333
16822,102.23333333333333
16823,116.88333333333334
16824,109.36666666666666
16825,114.33333333333333
16826,80.91666666666667
16827,93.05
16828,103.11666666666666
16829,97.43333333333334
16830,111.75
16831,117.1
16832,113.28333333333333
16833,78.33333333333333
16834,95.26666666666667
16835,95.7
16836,99.4
16837,118.36666666666666
16838,109.3
16839,113.71666666666667
16840,74.08333333333333
16841,94.28333333333333
16842,89.48333333333333
16843,96.03333333333333
16844,96.66666666666667
16845,97.7
16846,98.46666666666667
16847,64.88333333333334
16848,91.78333333333333
16849,94.38333333333334
16850,86.1
16851,100.08333333333333
16852,110.78333333333333
16853,106.05
16854,72.13333333333334
16855,82.13333333333334
16856,93.6
16857,89.03333333333333
16858,100.73333333333333
16859,105.98333333333333
16860,100.51666666666667
16861,69.35
16862,90.03333333333333
16863,91.85
16864,94.21666666666667
16865,86.4
16866,97.63333333333334
16867,99.81666666666666
16868,63.21666666666667
16869,78.9
16870,82.06666666666666
16871,80.0
16872,92.53333333333333
16873,90.6
16874,90.35
16875,57.81666666666667
16876,74.86666666666666
16877,74.48333333333333
16878,87.58333333333333
16879,94.53333333333333
16880,96.63333333333334
16881,95.0
16882,65.53333333333333
16883,74.41666666666667
16884,79.66666666666667
16885,90.95
16886,85.81666666666666
16887,84.95
16888,87.31666666666666
16889,55.85
16890,74.16666666666667
16891,84.18333333333334
16892,93.16666666666667
16893,95.48333333333333
16894,94.66666666666667
16895,104.06666666666666
16896,61.016666666666666
16897,87.86666666666666
16898,84.03333333333333
16899,93.76666666666667
16900,80.08333333333333
16901,93.86666666666666
16902,91.88333333333334
16903,60.25
16904,76.3
16905,77.11666666666666
16906,83.58333333333333
16907,80.66666666666667
16908,87.61666666666666
16909,95.16666666666667
16910,57.86666666666667
16911,71.33333333333333
16912,80.05
16913,89.78333333333333
16914,71.46666666666667
16915,91.03333333333333
16916,87.43333333333334
16917,59.46666666666667
16918,75.1
16919,79.51666666666667
16920,91.71666666666667
16921,77.98333333333333
16922,89.78333333333333
16923,82.23333333333333
16924,66.86666666666666
16925,64.15
16926,64.81666666666666
16927,77.71666666666667
16928,89.63333333333334
16929,84.03333333333333
16930,89.45
16931,60.833333333333336
16932,84.78333333333333
16933,84.96666666666667
16934,91.76666666666667
16935,91.65
16936,87.43333333333334
16937,90.85
16938,65.0
16939,73.7
16940,81.41666666666667
16941,83.45
16942,91.83333333333333
16943,97.01666666666667
16944,96.21666666666667
16945,62.03333333333333
16946,75.83333333333333
16947,78.98333333333333
16948,85.43333333333334
16949,85.16666666666667
16950,91.41666666666667
16951,103.53333333333333
16952,65.33333333333333
16953,79.5
16954,83.13333333333334
16955,82.3
16956,92.41666666666667
16957,98.26666666666667
16958,98.35
16959,60.18333333333333
16960,74.73333333333333
16961,82.98333333333333
16962,68.18333333333334
16963,75.9
16964,70.71666666666667
16965,69.8
16966,47.68333333333333
16967,52.016666666666666
16968,54.0
16969,53.416666666666664
16970,65.11666666666666
16971,70.48333333333333
16972,73.6
16973,46.9
16974,58.1
16975,67.53333333333333
16976,68.16666666666667
16977,72.75
16978,73.91666666666667
16979,78.6
16980,49.13333333333333
16981,61.03333333333333
16982,61.28333333333333
16983,68.25
16984,67.46666666666667
16985,70.63333333333334
16986,68.4
16987,44.43333333333333
16988,54.15
16989,60.583333333333336
16990,51.71666666666667
16991,69.28333333333333
16992,72.38333333333334
16993,67.65
16994,43.86666666666667
16995,56.583333333333336
16996,61.05
16997,64.71666666666667
16998,57.18333333333333
16999,63.38333333333333
17000,68.68333333333334
17001,45.583333333333336
17002,56.7
17003,54.8
17004,49.36666666666667
17005,65.0
17006,66.28333333333333
17007,67.96666666666667
17008,41.016666666666666
17009,50.983333333333334
17010,53.31666666666667
17011,58.11666666666667
17012,57.13333333333333
17013,61.916666666666664
17014,59.9
17015,44.81666666666667
17016,50.1
17017,50.96666666666667
17018,50.61666666666667
17019,52.233333333333334
17020,60.833333333333336
17021,67.41666666666667
17022,39.88333333333333
17023,50.2
17024,55.65
17025,58.53333333333333
17026,73.31666666666666
17027,73.6
17028,72.58333333333333
17029,54.1
17030,58.9
17031,58.333333333333336
17032,69.11666666666666
17033,60.55
17034,62.18333333333333
17035,68.61666666666666
17036,40.78333333333333
17037,57.583333333333336
17038,65.85
17039,63.0
17040,67.38333333333334
17041,64.98333333333333
17042,71.36666666666666
17043,47.516666666666666
17044,57.03333333333333
17045,62.38333333333333
17046,69.93333333333334
17047,70.51666666666667
17048,70.86666666666666
17049,69.51666666666667
17050,52.31666666666667
17051,67.53333333333333
17052,69.65
17053,73.31666666666666
17054,80.78333333333333
17055,85.56666666666666
17056,83.13333333333334
17057,57.75
17058,66.73333333333333
17059,71.63333333333334
17060,72.45
17061,87.38333333333334
17062,77.2
17063,89.16666666666667
17064,56.85
17065,70.26666666666667
17066,72.46666666666667
17067,86.85
17068,89.93333333333334
17069,79.76666666666667
17070,85.3
17071,57.96666666666667
17072,72.7
17073,74.75
17074,87.36666666666666
17075,81.33333333333333
17076,87.11666666666666
17077,86.78333333333333
17078,54.483333333333334
17079,70.48333333333333
17080,74.53333333333333
17081,78.25
17082,87.31666666666666
17083,95.46666666666667
17084,90.7
17085,57.583333333333336
17086,88.35
17087,82.11666666666666
17088,86.05
17089,99.4
17090,105.78333333333333
17091,100.85
17092,66.76666666666667
17093,83.76666666666667
17094,84.66666666666667
17095,96.55
17096,94.0
17097,95.01666666666667
17098,93.25
17099,66.15
17100,81.45
17101,80.0
17102,91.23333333333333
17103,95.16666666666667
17104,117.26666666666667
17105,100.23333333333333
17106,68.51666666666667
17107,81.91666666666667
17108,87.76666666666667
17109,85.7
17110,97.48333333333333
17111,108.68333333333334
17112,103.25
17113,72.88333333333334
17114,88.51666666666667
17115,88.45
17116,91.01666666666667
17117,100.81666666666666
17118,104.81666666666666
17119,104.75
17120,71.3
17121,92.73333333333333
17122,89.81666666666666
17123,101.15
17124,106.25
17125,100.35
17126,100.55
17127,73.15
17128,93.11666666666666
17129,84.18333333333334
17130,91.43333333333334
17131,101.53333333333333
17132,111.65
17133,106.03333333333333
17134,70.43333333333334
17135,95.68333333333334
17136,87.61666666666666
17137,90.01666666666667
17138,102.36666666666666
17139,113.81666666666666
17140,113.98333333333333
17141,77.15
17142,87.13333333333334
17143,88.61666666666666
17144,97.15
17145,114.51666666666667
17146,110.75
17147,114.93333333333334
17148,78.75
17149,89.28333333333333
17150,103.03333333333333
17151,113.45
17152,107.85
17153,110.63333333333334
17154,111.03333333333333
17155,82.38333333333334
17156,89.91666666666667
17157,99.46666666666667
17158,108.13333333333334
17159,118.15
17160,111.78333333333333
17161,122.03333333333333
17162,82.18333333333334
17163,97.55
17164,104.3
17165,109.93333333333334
17166,112.96666666666667
17167,122.78333333333333
17168,116.65
17169,76.93333333333334
17170,90.4
17171,99.38333333333334
17172,108.6
17173,117.5
17174,117.18333333333334
17175,119.0
17176,80.93333333333334
17177,103.86666666666666
17178,103.7
17179,115.35
17180,119.93333333333334
17181,120.58333333333333
17182,121.18333333333334
17183,87.75
17184,94.38333333333334
17185,101.91666666666667
17186,98.85
17187,115.11666666666666
17188,120.9
17189,118.85
17190,74.8
17191,100.1
17192,96.45
17193,111.4
17194,110.3
17195,110.58333333333333
17196,105.88333333333334
17197,74.55
17198,91.13333333333334
17199,94.0
17200,92.8
17201,109.51666666666667
17202,111.55
17203,108.71666666666667
17204,77.16666666666667
17205,89.3
17206,91.88333333333334
17207,90.68333333333334
17208,105.11666666666666
17209,105.11666666666666
17210,115.33333333333333
17211,74.71666666666667
17212,87.1
17213,93.08333333333333
17214,103.43333333333334
17215,107.93333333333334
17216,118.15
17217,104.93333333333334
17218,76.61666666666666
17219,92.3
17220,91.23333333333333
17221,94.76666666666667
17222,111.68333333333334
17223,106.53333333333333
17224,113.31666666666666
17225,76.0
17226,91.11666666666666
17227,89.25
17228,100.76666666666667
17229,99.6
17230,110.71666666666667
17231,106.2
17232,74.8
17233,87.75
17234,94.86666666666666
17235,90.55
17236,95.73333333333333
17237,102.18333333333334
17238,104.41666666666667
17239,67.28333333333333
17240,79.65
17241,88.03333333333333
17242,87.81666666666666
17243,105.53333333333333
17244,98.88333333333334
17245,101.2
17246,71.25
17247,87.21666666666667
17248,92.96666666666667
17249,98.41666666666667
17250,95.7
17251,103.61666666666666
17252,94.31666666666666
17253,72.96666666666667
17254,90.08333333333333
17255,83.26666666666667
17256,92.08333333333333
17257,96.76666666666667
17258,100.16666666666667
17259,98.2
17260,65.56666666666666
17261,76.98333333333333
17262,85.21666666666667
17263,91.65
17264,93.21666666666667
17265,89.16666666666667
17266,93.9
17267,62.88333333333333
17268,78.9
17269,82.76666666666667
17270,89.76666666666667
17271,86.93333333333334
17272,98.78333333333333
17273,93.0
17274,65.1
17275,82.11666666666666
17276,84.45
17277,87.43333333333334
17278,101.13333333333334
17279,100.41666666666667
17280,93.95
17281,64.11666666666666
17282,76.1
17283,82.8
17284,93.56666666666666
17285,89.61666666666666
17286,89.3
17287,103.9
17288,63.81666666666667
17289,82.78333333333333
17290,86.9
17291,89.81666666666666
17292,94.23333333333333
17293,97.78333333333333
17294,98.43333333333334
17295,66.6
17296,82.31666666666666
17297,85.66666666666667
17298,94.53333333333333
17299,91.58333333333333
17300,97.65
17301,102.66666666666667
17302,68.93333333333334
17303,87.83333333333333
17304,85.68333333333334
17305,92.25
17306,90.5
17307,103.55
17308,99.66666666666667
17309,66.73333333333333
17310,82.35
17311,90.23333333333333
17312,86.95
17313,94.43333333333334
17314,95.73333333333333
17315,100.83333333333333
17316,64.35
17317,79.41666666666667
17318,86.25
17319,91.38333333333334
17320,97.01666666666667
17321,104.35
17322,98.65
17323,66.95
17324,65.81666666666666
17325,77.11666666666666
17326,77.08333333333333
17327,79.1
17328,78.25
17329,72.48333333333333
17330,48.06666666666667
17331,64.83333333333333
17332,63.6
17333,68.81666666666666
17334,70.5
17335,73.8
17336,72.73333333333333
17337,50.36666666666667
17338,58.81666666666667
17339,64.21666666666667
17340,80.13333333333334
17341,76.58333333333333
17342,75.88333333333334
17343,78.85
17344,55.21666666666667
17345,62.166666666666664
17346,63.43333333333333
17347,62.0
17348,66.75
17349,73.36666666666666
17350,67.51666666666667
17351,52.43333333333333
17352,67.45
17353,67.16666666666667
17354,67.43333333333334
17355,67.21666666666667
17356,74.05
17357,70.41666666666667
17358,53.63333333333333
17359,60.483333333333334
17360,61.21666666666667
17361,63.4
17362,70.25
17363,72.55
17364,72.2
17365,48.53333333333333
17366,61.13333333333333
17367,64.46666666666667
17368,63.25
17369,77.48333333333333
17370,74.51666666666667
17371,83.98333333333333
17372,57.85
17373,60.86666666666667
17374,71.48333333333333
17375,74.85
17376,69.21666666666667
17377,66.9
17378,68.73333333333333
17379,47.65
17380,59.55
17381,59.36666666666667
17382,59.916666666666664
17383,66.03333333333333
17384,72.23333333333333
17385,75.4
17386,53.1
17387,61.0
17388,66.16666666666667
17389,75.05
17390,71.58333333333333
17391,69.68333333333334
17392,72.88333333333334
17393,49.266666666666666
17394,67.21666666666667
17395,64.7
17396,72.06666666666666
17397,80.66666666666667
17398,79.41666666666667
17399,77.66666666666667
17400,50.36666666666667
17401,67.88333333333334
17402,65.66666666666667
17403,76.35
17404,72.2
17405,74.63333333333334
17406,72.93333333333334
17407,52.28333333333333
17408,60.86666666666667
17409,67.48333333333333
17410,69.98333333333333
17411,72.26666666666667
17412,76.45
17413,76.5
17414,51.35
17415,71.03333333333333
17416,77.28333333333333
17417,76.51666666666667
17418,92.13333333333334
17419,84.15
17420,92.56666666666666
17421,62.56666666666667
17422,74.76666666666667
17423,73.96666666666667
17424,89.01666666666667
17425,74.63333333333334
17426,87.85
17427,95.4
17428,59.4
17429,70.6
17430,77.38333333333334
17431,69.78333333333333
17432,90.18333333333334
17433,91.88333333333334
17434,91.4
17435,59.88333333333333
17436,78.66666666666667
17437,78.71666666666667
17438,87.9
17439,79.55
17440,94.81666666666666
17441,97.78333333333333
17442,65.33333333333333
17443,80.98333333333333
17444,88.61666666666666
17445,104.95
17446,90.55
17447,98.01666666666667
17448,105.21666666666667
17449,66.68333333333334
17450,85.05
17451,84.96666666666667
17452,91.03333333333333
17453,111.01666666666667
17454,100.85
17455,115.38333333333334
17456,67.38333333333334
17457,87.38333333333334
17458,90.48333333333333
17459,106.98333333333333
17460,103.33333333333333
17461,103.16666666666667
17462,109.83333333333333
17463,69.28333333333333
17464,93.4
17465,91.11666666666666
17466,106.43333333333334
17467,104.7
17468,103.71666666666667
17469,116.73333333333333
17470,72.38333333333334
17471,91.58333333333333
17472,89.56666666666666
17473,95.0
17474,110.26666666666667
17475,117.45
17476,114.11666666666666
17477,82.1
17478,96.55
17479,102.71666666666667
17480,101.86666666666666
17481,116.45
17482,113.06666666666666
17483,125.53333333333333
17484,78.91666666666667
17485,97.55
17486,97.7
17487,113.55
17488,113.25
17489,117.31666666666666
17490,116.23333333333333
17491,81.73333333333333
17492,91.81666666666666
17493,100.7
17494,100.96666666666667
17495,110.3
17496,124.33333333333333
17497,124.41666666666667
17498,82.51666666666667
17499,100.38333333333334
17500,106.56666666666666
17501,113.96666666666667
17502,119.9
17503,121.06666666666666
17504,116.96666666666667
17505,84.3
17506,94.21666666666667
17507,102.9
17508,117.75
17509,113.15
17510,119.36666666666666
17511,114.33333333333333
17512,76.1
17513,97.88333333333334
17514,100.9
17515,113.13333333333334
17516,115.4
17517,126.78333333333333
17518,120.46666666666667
17519,78.68333333333334
17520,100.81666666666666
17521,98.96666666666667
17522,114.66666666666667
17523,122.58333333333333
17524,117.21666666666667
17525,122.75
17526,80.3
17527,93.5
17528,99.93333333333334
17529,114.11666666666666
17530,121.63333333333334
17531,111.75
17532,123.58333333333333
17533,80.63333333333334
17534,103.25
17535,99.08333333333333
17536,115.23333333333333
17537,117.21666666666667
17538,129.93333333333334
17539,138.15
17540,84.96666666666667
17541,104.51666666666667
17542,104.6
17543,120.76666666666667
17544,125.63333333333334
17545,124.91666666666667
17546,123.96666666666667
17547,82.75
17548,96.38333333333334
17549,106.46666666666667
17550,124.96666666666667
17551,120.7
17552,138.83333333333334
17553,136.05
17554,87.35
17555,111.65
17556,120.53333333333333
17557,124.56666666666666
17558,124.0
17559,133.21666666666667
17560,125.61666666666666
17561,91.1
17562,106.76666666666667
17563,110.81666666666666
17564,127.25
17565,115.93333333333334
17566,129.95
17567,128.25
17568,82.1
17569,100.66666666666667
17570,110.08333333333333
17571,102.6
17572,115.16666666666667
17573,121.9
17574,129.55
17575,80.03333333333333
17576,95.68333333333334
17577,101.11666666666666
17578,96.8
17579,110.41666666666667
17580,109.96666666666667
17581,109.38333333333334
17582,71.36666666666666
17583,91.26666666666667
17584,97.9
17585,97.8
17586,113.23333333333333
17587,117.76666666666667
17588,118.46666666666667
17589,79.76666666666667
17590,98.55
17591,97.23333333333333
17592,97.08333333333333
17593,104.76666666666667
17594,114.06666666666666
17595,126.91666666666667
17596,73.1
17597,93.6
17598,102.45
17599,122.36666666666666
17600,115.6
17601,117.65
17602,114.61666666666666
17603,81.91666666666667
17604,94.6
17605,97.4
17606,105.88333333333334
17607,100.61666666666666
17608,108.76666666666667
17609,103.03333333333333
17610,71.55
17611,84.15
17612,90.33333333333333
17613,99.6
17614,108.61666666666666
17615,108.01666666666667
17616,106.65
17617,73.25
17618,92.05
17619,95.85
17620,102.65
17621,98.11666666666666
17622,110.05
17623,109.11666666666666
17624,73.46666666666667
17625,93.51666666666667
17626,99.01666666666667
17627,105.53333333333333
17628,96.01666666666667
17629,108.35
17630,104.58333333333333
17631,73.2
17632,81.01666666666667
17633,87.58333333333333
17634,88.75
17635,99.71666666666667
17636,104.31666666666666
17637,98.85
17638,75.46666666666667
17639,83.71666666666667
17640,86.35
17641,88.91666666666667
17642,101.73333333333333
17643,106.38333333333334
17644,106.6
17645,75.16666666666667
17646,85.68333333333334
17647,88.45
17648,96.86666666666666
17649,97.26666666666667
17650,94.81666666666666
17651,107.4
17652,69.38333333333334
17653,80.6
17654,81.01666666666667
17655,91.63333333333334
17656,97.93333333333334
17657,105.58333333333333
17658,102.31666666666666
17659,67.31666666666666
17660,77.81666666666666
17661,91.8
17662,94.75
17663,89.05
17664,103.38333333333334
17665,100.35
17666,67.93333333333334
17667,89.11666666666666
17668,89.98333333333333
17669,93.71666666666667
17670,109.68333333333334
17671,109.15
17672,110.71666666666667
17673,72.5
17674,88.0
17675,92.05
17676,99.23333333333333
17677,106.56666666666666
17678,112.2
17679,116.23333333333333
17680,76.18333333333334
17681,91.61666666666666
17682,93.51666666666667
17683,92.33333333333333
17684,104.35
17685,108.8
17686,108.16666666666667
17687,72.86666666666666
17688,85.61666666666666
17689,84.2
17690,93.71666666666667
17691,80.15
17692,87.81666666666666
17693,87.0
17694,57.95
17695,68.6
17696,71.58333333333333
17697,75.76666666666667
17698,83.1
17699,84.15
17700,80.5
17701,57.05
17702,65.1
17703,67.41666666666667
17704,70.3
17705,73.06666666666666
17706,73.36666666666666
17707,82.11666666666666
17708,50.55
17709,72.76666666666667
17710,70.33333333333333
17711,76.78333333333333
17712,72.98333333333333
17713,72.31666666666666
17714,69.03333333333333
17715,47.68333333333333
17716,57.333333333333336
17717,64.28333333333333
17718,61.0
17719,69.85
17720,71.81666666666666
17721,72.28333333333333
17722,52.75
17723,61.28333333333333
17724,60.483333333333334
17725,58.416666666666664
17726,66.21666666666667
17727,73.2
17728,79.83333333333333
17729,50.583333333333336
17730,61.36666666666667
17731,60.4
17732,70.05
17733,72.16666666666667
17734,72.65
17735,74.81666666666666
17736,54.43333333333333
17737,64.26666666666667
17738,60.43333333333333
17739,73.0
17740,65.68333333333334
17741,75.05
17742,74.85
17743,49.266666666666666
17744,62.18333333333333
17745,61.016666666666666
17746,61.46666666666667
17747,72.56666666666666
17748,73.08333333333333
17749,70.76666666666667
17750,49.35
17751,56.65
17752,69.95
17753,75.61666666666666
17754,65.33333333333333
17755,78.6
17756,82.28333333333333
17757,57.61666666666667
17758,66.75
17759,68.2
17760,72.03333333333333
17761,87.81666666666666
17762,80.56666666666666
17763,81.2
17764,63.766666666666666
17765,65.81666666666666
17766,73.15
17767,78.65
17768,75.63333333333334
17769,76.2
17770,77.48333333333333
17771,51.05
17772,71.15
17773,75.93333333333334
17774,70.25
17775,68.81666666666666
17776,90.53333333333333
17777,83.48333333333333
17778,53.9
17779,73.16666666666667
17780,80.03333333333333
17781,80.23333333333333
17782,87.88333333333334
17783,84.76666666666667
17784,92.65
17785,61.86666666666667
17786,74.08333333333333
17787,75.73333333333333
17788,89.11666666666666
17789,90.15
17790,94.73333333333333
17791,92.95
17792,61.483333333333334
17793,73.03333333333333
17794,78.11666666666666
17795,84.41666666666667
17796,90.46666666666667
17797,92.68333333333334
17798,100.35
17799,67.15
17800,85.8
17801,84.75
17802,83.43333333333334
17803,86.11666666666666
17804,93.23333333333333
17805,95.31666666666666
17806,64.58333333333333
17807,86.65
17808,83.0
17809,77.58333333333333
17810,85.73333333333333
17811,102.45
17812,103.48333333333333
17813,68.6
17814,93.66666666666667
17815,89.43333333333334
17816,106.85
17817,111.5
17818,112.5
17819,124.16666666666667
17820,74.26666666666667
17821,93.38333333333334
17822,95.68333333333334
17823,106.88333333333334
17824,109.08333333333333
17825,109.8
17826,111.51666666666667
17827,72.85
17828,90.2
17829,87.48333333333333
17830,93.11666666666666
17831,103.31666666666666
17832,110.85
17833,102.46666666666667
17834,79.63333333333334
17835,91.25
17836,93.88333333333334
17837,101.2
17838,107.8
17839,112.78333333333333
17840,119.33333333333333
17841,85.35
17842,100.75
17843,98.4
17844,97.26666666666667
17845,107.36666666666666
17846,121.33333333333333
17847,128.55
17848,79.6
17849,94.4
17850,98.18333333333334
17851,97.21666666666667
17852,104.15
17853,110.61666666666666
17854,114.85
17855,79.65
17856,92.98333333333333
17857,95.43333333333334
17858,97.16666666666667
17859,111.41666666666667
17860,129.01666666666668
17861,135.86666666666667
17862,79.66666666666667
17863,100.35
17864,105.63333333333334
17865,108.23333333333333
17866,118.71666666666667
17867,118.53333333333333
17868,115.86666666666666
17869,83.48333333333333
17870,94.58333333333333
17871,98.15
17872,111.35
17873,121.6
17874,124.46666666666667
17875,136.38333333333333
17876,86.63333333333334
17877,99.73333333333333
17878,107.01666666666667
17879,116.31666666666666
17880,120.36666666666666
17881,122.28333333333333
17882,119.95
17883,82.4
17884,96.75
17885,108.15
17886,117.1
17887,115.83333333333333
17888,124.98333333333333
17889,127.88333333333334
17890,87.66666666666667
17891,99.46666666666667
17892,108.4
17893,119.0
17894,113.13333333333334
17895,120.61666666666666
17896,140.36666666666667
17897,81.25
17898,101.28333333333333
17899,99.18333333333334
17900,113.35
17901,111.85
17902,122.18333333333334
17903,121.08333333333333
17904,79.35
17905,103.91666666666667
17906,108.28333333333333
17907,130.78333333333333
17908,137.98333333333332
17909,142.3
17910,152.7
17911,96.48333333333333
17912,112.33333333333333
17913,122.33333333333333
17914,134.51666666666668
17915,136.33333333333334
17916,135.21666666666667
17917,140.1
17918,92.0
17919,113.4
17920,116.0
17921,120.65
17922,126.6
17923,134.13333333333333
17924,145.25
17925,85.03333333333333
17926,101.6
17927,118.05
17928,119.4
17929,122.7
17930,126.36666666666666
17931,127.85
17932,91.78333333333333
17933,112.95
17934,118.83333333333333
17935,131.5
17936,118.05
17937,127.43333333333334
17938,125.93333333333334
17939,82.31666666666666
17940,95.11666666666666
17941,103.15
17942,96.86666666666666
17943,113.66666666666667
17944,128.7
17945,117.63333333333334
17946,84.06666666666666
17947,99.65
17948,110.3
17949,121.41666666666667
17950,124.88333333333334
17951,122.46666666666667
17952,126.88333333333334
17953,78.28333333333333
17954,100.3
17955,108.65
17956,118.9
17957,117.75
17958,120.13333333333334
17959,113.2
17960,81.23333333333333
17961,96.05
17962,98.48333333333333
17963,103.41666666666667
17964,120.16666666666667
17965,114.4
17966,116.66666666666667
17967,82.5
17968,93.23333333333333
17969,99.68333333333334
17970,109.41666666666667
17971,110.0
17972,112.76666666666667
17973,110.58333333333333
17974,76.85
17975,92.23333333333333
17976,98.2
17977,98.71666666666667
17978,107.35
17979,115.85
17980,113.33333333333333
17981,77.63333333333334
17982,90.4
17983,89.93333333333334
17984,101.45
17985,103.86666666666666
17986,102.05
17987,104.46666666666667
17988,71.5
17989,81.46666666666667
17990,93.0
17991,114.03333333333333
17992,106.46666666666667
17993,108.53333333333333
17994,109.88333333333334
17995,75.4
17996,91.95
17997,93.86666666666666
17998,92.96666666666667
17999,103.53333333333333
18000,113.55
18001,104.53333333333333
18002,74.73333333333333
18003,86.35
18004,86.61666666666666
18005,106.08333333333333
18006,100.08333333333333
18007,107.05
18008,113.68333333333334
18009,74.85
18010,91.15
18011,92.83333333333333
18012,105.03333333333333
18013,95.2
18014,99.25
18015,111.83333333333333
18016,71.96666666666667
18017,85.35
18018,90.75
18019,89.06666666666666
18020,99.96666666666667
18021,105.25
18022,102.3
18023,69.61666666666666
18024,87.21666666666667
18025,91.5
18026,105.96666666666667
18027,106.83333333333333
18028,109.9
18029,109.61666666666666
18030,76.68333333333334
18031,83.13333333333334
18032,91.08333333333333
18033,94.98333333333333
18034,107.31666666666666
18035,103.1
18036,111.43333333333334
18037,74.6
18038,89.03333333333333
18039,97.93333333333334
18040,102.45
18041,103.21666666666667
18042,114.13333333333334
18043,117.33333333333333
18044,74.05
18045,90.46666666666667
18046,91.3
18047,97.03333333333333
18048,106.38333333333334
18049,115.73333333333333
18050,118.46666666666667
18051,77.1
18052,90.43333333333334
18053,98.63333333333334
18054,94.9
18055,102.03333333333333
18056,86.11666666666666
18057,93.71666666666667
18058,72.28333333333333
18059,67.1
18060,72.73333333333333
18061,80.01666666666667
18062,79.81666666666666
18063,76.11666666666666
18064,76.93333333333334
18065,52.7
18066,63.35
18067,70.18333333333334
18068,76.73333333333333
18069,80.35
18070,83.11666666666666
18071,78.98333333333333
18072,53.38333333333333
18073,64.21666666666667
18074,70.86666666666666
18075,63.95
18076,75.4
18077,76.76666666666667
18078,77.73333333333333
18079,53.166666666666664
18080,64.5
18081,65.61666666666666
18082,69.0
18083,83.03333333333333
18084,81.41666666666667
18085,81.55
18086,26.783333333333335
18087,5.183333333333334
18088,5.183333333333334
18089,4.85
18090,5.116666666666666
18091,6.666666666666667
18092,6.716666666666667
18093,5.233333333333333
18094,4.716666666666667
18095,4.666666666666667
18096,3.9833333333333334
18097,3.966666666666667
18098,6.3
18099,6.533333333333333
18100,5.233333333333333
18101,4.55
18102,4.533333333333333
18103,3.65
18104,3.816666666666667
18105,6.566666666666666
18106,7.016666666666667
18107,5.233333333333333
18108,4.983333333333333
18109,5.1
18110,4.116666666666666
18111,4.4
18112,7.05
18113,7.066666666666666
18114,5.383333333333334
18115,5.266666666666667
18116,5.466666666666667
18117,4.35
18118,4.616666666666666
18119,6.666666666666667
18120,6.716666666666667
18121,5.25
18122,4.916666666666667
18123,4.866666666666666
18124,4.05
18125,4.466666666666667
18126,6.783333333333333
18127,6.633333333333334
18128,5.25
18129,4.766666666666667
18130,4.716666666666667
18131,3.7666666666666666
18132,4.1
18133,6.816666666666666
18134,6.616666666666666
18135,5.3
18136,4.8
18137,4.933333333333334
18138,3.95
18139,4.233333333333333
18140,7.116666666666666
18141,6.933333333333334
18142,5.4
18143,5.05
18144,5.483333333333333
18145,4.35
18146,4.616666666666666
18147,6.7
18148,6.816666666666666
18149,5.283333333333333
18150,4.85
18151,4.883333333333334
18152,4.05
18153,4.466666666666667
18154,6.816666666666666
18155,6.733333333333333
18156,5.25
18157,4.7
18158,4.733333333333333
18159,3.7666666666666666
18160,4.1
18161,6.816666666666666
18162,6.616666666666666
18163,5.3
18164,4.816666666666666
18165,4.95
18166,3.95
18167,4.233333333333333
18168,7.116666666666666
18169,6.933333333333334
18170,5.4
18171,5.05
18172,5.483333333333333
18173,4.3
18174,4.583333333333333
18175,7.233333333333333
18176,3.9
18177,16.5
18178,5.5
18179,12.033333333333333
18180,12.116666666666667
18181,14.616666666666667
18182,17.583333333333332
18183,16.1
18184,16.0
18185,22.216666666666665
18186,20.85
18187,15.583333333333334
18188,16.35
18189,13.433333333333334
18190,14.316666666666666
18191,13.25
18192,18.7
18193,21.566666666666666
18194,21.05
18195,19.966666666666665
18196,15.066666666666666
18197,16.666666666666668
18198,14.433333333333334
18199,15.116666666666667
18200,19.783333333333335
18201,16.0
18202,18.9
18203,16.416666666666668
18204,14.133333333333333
18205,18.266666666666666
18206,20.216666666666665
18207,19.483333333333334
18208,21.05
18209,25.583333333333332
18210,19.2
18211,21.766666666666666
18212,21.983333333333334
18213,22.416666666666668
18214,21.666666666666668
18215,23.316666666666666
18216,22.35
18217,17.666666666666668
18218,17.7
18219,21.916666666666668
18220,22.55
18221,20.7
18222,20.983333333333334
18223,20.283333333333335
18224,11.0
18225,17.516666666666666
18226,14.816666666666666
18227,19.166666666666668
18228,20.666666666666668
18229,21.433333333333334
18230,23.5
18231,14.8
18232,19.516666666666666
18233,20.166666666666668
18234,24.1
18235,25.2
18236,22.966666666666665
18237,23.366666666666667
18238,19.866666666666667
18239,20.95
18240,23.45
18241,29.216666666666665
18242,32.96666666666667
18243,29.15
18244,30.466666666666665
18245,20.183333333333334
18246,23.55
18247,24.266666666666666
18248,29.516666666666666
18249,23.616666666666667
18250,25.9
18251,23.533333333333335
18252,23.25
18253,21.233333333333334
18254,21.466666666666665
18255,23.65
18256,24.8
18257,21.35
18258,26.716666666666665
18259,17.783333333333335
18260,25.183333333333334
18261,25.65
18262,24.616666666666667
18263,27.283333333333335
18264,26.783333333333335
18265,26.333333333333332
18266,21.116666666666667
18267,20.633333333333333
18268,22.35
18269,27.266666666666666
18270,25.866666666666667
18271,26.466666666666665
18272,29.15
18273,24.4
18274,23.783333333333335
18275,24.4
18276,27.066666666666666
18277,25.416666666666668
18278,27.433333333333334
18279,27.716666666666665
18280,23.533333333333335
18281,24.733333333333334
18282,25.216666666666665
18283,29.716666666666665
18284,29.866666666666667
18285,27.216666666666665
18286,31.083333333333332
18287,22.366666666666667
18288,26.033333333333335
18289,24.183333333333334
18290,29.95
18291,34.05
18292,30.583333333333332
18293,31.983333333333334
18294,23.866666666666667
18295,26.466666666666665
18296,27.816666666666666
18297,31.55
18298,29.9
18299,32.1
18300,32.38333333333333
18301,22.066666666666666
18302,28.2
18303,29.233333333333334
18304,31.633333333333333
18305,33.61666666666667
18306,34.233333333333334
18307,33.45
18308,26.366666666666667
18309,27.766666666666666
18310,30.15
18311,35.03333333333333
18312,31.066666666666666
18313,33.88333333333333
18314,32.71666666666667
18315,26.683333333333334
18316,27.7
18317,25.266666666666666
18318,25.783333333333335
18319,32.333333333333336
18320,29.116666666666667
18321,30.2
18322,25.366666666666667
18323,29.916666666666668
18324,30.133333333333333
18325,32.71666666666667
18326,36.266666666666666
18327,36.56666666666667
18328,32.166666666666664
18329,29.966666666666665
18330,28.45
18331,30.2
18332,32.4
18333,29.883333333333333
18334,36.56666666666667
18335,34.233333333333334
18336,26.35
18337,26.316666666666666
18338,29.583333333333332
18339,31.166666666666668
18340,33.05
18341,35.05
18342,30.783333333333335
18343,27.033333333333335
18344,31.783333333333335
18345,30.3
18346,32.11666666666667
18347,31.95
18348,34.25
18349,35.31666666666667
18350,31.433333333333334
18351,32.2
18352,29.533333333333335
18353,33.766666666666666
18354,33.2
18355,35.38333333333333
18356,37.68333333333333
18357,30.816666666666666
18358,30.8
18359,32.45
18360,34.333333333333336
18361,35.05
18362,35.03333333333333
18363,37.56666666666667
18364,27.766666666666666
18365,33.7
18366,35.25
18367,40.65
18368,38.28333333333333
18369,43.666666666666664
18370,44.53333333333333
18371,28.416666666666668
18372,31.25
18373,34.36666666666667
18374,40.28333333333333
18375,34.95
18376,37.7
18377,41.93333333333333
18378,26.466666666666665
18379,32.13333333333333
18380,36.28333333333333
18381,39.483333333333334
18382,44.21666666666667
18383,44.35
18384,42.45
18385,28.6
18386,32.85
18387,32.7
18388,34.15
18389,29.766666666666666
18390,37.0
18391,31.633333333333333
18392,25.216666666666665
18393,27.066666666666666
18394,31.883333333333333
18395,35.85
18396,37.78333333333333
18397,38.916666666666664
18398,31.816666666666666
18399,23.0
18400,26.866666666666667
18401,29.35
18402,32.78333333333333
18403,32.96666666666667
18404,32.88333333333333
18405,39.25
18406,30.716666666666665
18407,30.833333333333332
18408,35.71666666666667
18409,35.25
18410,33.28333333333333
18411,34.0
18412,31.333333333333332
18413,22.933333333333334
18414,24.75
18415,26.3
18416,28.833333333333332
18417,29.35
18418,33.8
18419,31.166666666666668
18420,25.216666666666665
18421,28.066666666666666
18422,25.85
18423,27.933333333333334
18424,28.033333333333335
18425,26.45
18426,31.85
18427,21.983333333333334
18428,24.5
18429,27.783333333333335
18430,29.583333333333332
18431,29.55
18432,31.15
18433,30.633333333333333
18434,25.566666666666666
18435,24.6
18436,22.566666666666666
18437,27.533333333333335
18438,23.866666666666667
18439,25.233333333333334
18440,29.166666666666668
18441,21.183333333333334
18442,25.833333333333332
18443,24.666666666666668
18444,29.4
18445,31.316666666666666
18446,34.833333333333336
18447,33.5
18448,27.9
18449,26.8
18450,27.633333333333333
18451,26.1
18452,28.166666666666668
18453,25.783333333333335
18454,28.183333333333334
18455,23.416666666666668
18456,22.783333333333335
18457,26.366666666666667
18458,26.183333333333334
18459,31.066666666666666
18460,30.116666666666667
18461,28.75
18462,25.133333333333333
18463,26.483333333333334
18464,26.566666666666666
18465,28.283333333333335
18466,24.683333333333334
18467,28.183333333333334
18468,32.2
18469,23.766666666666666
18470,25.633333333333333
18471,24.366666666666667
18472,29.666666666666668
18473,28.566666666666666
18474,29.966666666666665
18475,26.433333333333334
18476,23.1
18477,25.166666666666668
18478,22.016666666666666
18479,24.016666666666666
18480,28.65
18481,26.4
18482,29.383333333333333
18483,20.983333333333334
18484,27.6
18485,26.083333333333332
18486,30.933333333333334
18487,27.7
18488,34.85
18489,32.86666666666667
18490,26.15
18491,26.983333333333334
18492,27.45
18493,33.21666666666667
18494,32.2
18495,31.3
18496,33.0
18497,27.816666666666666
18498,27.416666666666668
18499,28.516666666666666
18500,33.25
18501,31.1
18502,33.78333333333333
18503,43.06666666666667
18504,25.5
18505,26.45
18506,31.466666666666665
18507,34.266666666666666
18508,34.75
18509,29.766666666666666
18510,28.866666666666667
18511,20.483333333333334
18512,24.35
18513,22.866666666666667
18514,26.35
18515,23.783333333333335
18516,25.85
18517,23.016666666666666
18518,18.65
18519,16.933333333333334
18520,18.183333333333334
18521,19.633333333333333
18522,21.2
18523,21.25
18524,22.983333333333334
18525,19.1
18526,19.283333333333335
18527,18.533333333333335
18528,18.816666666666666
18529,21.133333333333333
18530,24.6
18531,20.85
18532,16.266666666666666
18533,19.366666666666667
18534,18.65
18535,19.333333333333332
18536,21.75
18537,19.116666666666667
18538,20.716666666666665
18539,20.683333333333334
18540,19.033333333333335
18541,19.75
18542,24.916666666666668
18543,24.216666666666665
18544,22.316666666666666
18545,23.3
18546,18.916666666666668
18547,18.983333333333334
18548,17.883333333333333
18549,20.133333333333333
18550,22.2
18551,24.6
18552,23.5
18553,17.216666666666665
18554,22.416666666666668
18555,21.116666666666667
18556,22.783333333333335
18557,20.133333333333333
18558,23.15
18559,23.316666666666666
18560,20.95
18561,18.183333333333334
18562,18.183333333333334
18563,20.083333333333332
18564,27.416666666666668
18565,23.766666666666666
18566,23.5
18567,21.316666666666666
18568,25.05
18569,19.733333333333334
18570,23.633333333333333
18571,22.883333333333333
18572,26.75
18573,26.333333333333332
18574,22.45
18575,20.966666666666665
18576,22.733333333333334
18577,23.55
18578,24.183333333333334
18579,28.05
18580,27.55
18581,18.416666666666668
18582,21.7
18583,22.483333333333334
18584,26.816666666666666
18585,24.3
18586,23.883333333333333
18587,23.583333333333332
18588,17.216666666666665
18589,22.183333333333334
18590,24.916666666666668
18591,28.083333333333332
18592,31.116666666666667
18593,32.05
18594,25.916666666666668
18595,24.066666666666666
18596,24.716666666666665
18597,21.65
18598,25.866666666666667
18599,22.083333333333332
18600,26.383333333333333
18601,25.7
18602,17.266666666666666
18603,23.65
18604,31.183333333333334
18605,28.966666666666665
18606,31.733333333333334
18607,33.45
18608,32.61666666666667
18609,23.583333333333332
18610,23.883333333333333
18611,31.0
18612,32.166666666666664
18613,28.283333333333335
18614,29.233333333333334
18615,30.483333333333334
18616,21.266666666666666
18617,24.783333333333335
18618,29.966666666666665
18619,30.566666666666666
18620,32.13333333333333
18621,29.216666666666665
18622,34.13333333333333
18623,22.633333333333333
18624,26.15
18625,26.4
18626,29.0
18627,31.966666666666665
18628,28.866666666666667
18629,30.483333333333334
18630,22.866666666666667
18631,27.1
18632,25.966666666666665
18633,30.683333333333334
18634,31.083333333333332
18635,32.516666666666666
18636,29.7
18637,22.366666666666667
18638,28.733333333333334
18639,30.966666666666665
18640,35.53333333333333
18641,30.633333333333333
18642,38.68333333333333
18643,34.2
18644,27.566666666666666
18645,28.1
18646,30.183333333333334
18647,34.36666666666667
18648,30.1
18649,30.866666666666667
18650,33.38333333333333
18651,21.966666666666665
18652,26.916666666666668
18653,25.733333333333334
18654,29.833333333333332
18655,34.65
18656,29.25
18657,31.75
18658,23.866666666666667
18659,28.5
18660,31.533333333333335
18661,34.7
18662,34.583333333333336
18663,37.21666666666667
18664,34.983333333333334
18665,21.383333333333333
18666,28.716666666666665
18667,32.88333333333333
18668,37.03333333333333
18669,32.333333333333336
18670,42.483333333333334
18671,39.733333333333334
18672,27.433333333333334
18673,31.016666666666666
18674,32.56666666666667
18675,34.016666666666666
18676,41.583333333333336
18677,39.983333333333334
18678,42.13333333333333
18679,27.816666666666666
18680,30.733333333333334
18681,34.233333333333334
18682,40.016666666666666
18683,36.81666666666667
18684,39.85
18685,40.083333333333336
18686,25.0
18687,32.166666666666664
18688,33.63333333333333
18689,35.68333333333333
18690,32.56666666666667
18691,33.583333333333336
18692,31.05
18693,21.966666666666665
18694,27.766666666666666
18695,34.11666666666667
18696,42.983333333333334
18697,40.88333333333333
18698,41.75
18699,51.45
18700,28.183333333333334
18701,35.86666666666667
18702,38.583333333333336
18703,37.88333333333333
18704,45.35
18705,43.53333333333333
18706,42.38333333333333
18707,28.766666666666666
18708,33.35
18709,35.2
18710,39.416666666666664
18711,38.81666666666667
18712,38.36666666666667
18713,37.81666666666667
18714,23.25
18715,30.266666666666666
18716,34.8
18717,38.6
18718,38.4
18719,37.88333333333333
18720,39.016666666666666
18721,28.583333333333332
18722,35.36666666666667
18723,41.75
18724,31.8
18725,35.483333333333334
18726,37.666666666666664
18727,37.483333333333334
18728,29.166666666666668
18729,39.05
18730,34.86666666666667
18731,32.65
18732,47.666666666666664
18733,47.18333333333333
18734,54.28333333333333
18735,30.183333333333334
18736,37.266666666666666
18737,36.983333333333334
18738,43.016666666666666
18739,43.983333333333334
18740,43.81666666666667
18741,55.03333333333333
18742,30.466666666666665
18743,35.483333333333334
18744,40.266666666666666
18745,40.916666666666664
18746,40.86666666666667
18747,44.416666666666664
18748,42.61666666666667
18749,30.85
18750,32.266666666666666
18751,34.11666666666667
18752,32.75
18753,37.083333333333336
18754,39.4
18755,39.63333333333333
18756,26.483333333333334
18757,31.466666666666665
18758,35.28333333333333
18759,38.56666666666667
18760,37.016666666666666
18761,38.86666666666667
18762,42.416666666666664
18763,25.816666666666666
18764,34.9
18765,36.65
18766,38.53333333333333
18767,34.6
18768,43.483333333333334
18769,44.38333333333333
18770,27.816666666666666
18771,30.566666666666666
18772,34.15
18773,31.0
18774,33.016666666666666
18775,37.55
18776,38.21666666666667
18777,29.916666666666668
18778,31.983333333333334
18779,34.46666666666667
18780,31.3
18781,38.733333333333334
18782,39.25
18783,44.68333333333333
18784,25.35
18785,32.56666666666667
18786,35.0
18787,36.13333333333333
18788,34.81666666666667
18789,35.5
18790,37.65
18791,21.016666666666666
18792,28.1
18793,35.95
18794,38.78333333333333
18795,42.55
18796,36.916666666666664
18797,39.166666666666664
18798,27.4
18799,32.46666666666667
18800,32.516666666666666
18801,37.63333333333333
18802,38.333333333333336
18803,35.65
18804,38.71666666666667
18805,26.1
18806,31.7
18807,39.0
18808,30.733333333333334
18809,39.333333333333336
18810,38.15
18811,37.56666666666667
18812,26.6
18813,26.55
18814,31.033333333333335
18815,27.7
18816,31.966666666666665
18817,36.21666666666667
18818,37.85
18819,22.633333333333333
18820,27.283333333333335
18821,30.3
18822,19.85
18823,32.85
18824,32.333333333333336
18825,30.583333333333332
18826,22.833333333333332
18827,24.633333333333333
18828,25.566666666666666
18829,26.4
18830,30.0
18831,32.36666666666667
18832,31.616666666666667
18833,23.183333333333334
18834,29.4
18835,29.25
18836,26.033333333333335
18837,29.616666666666667
18838,31.083333333333332
18839,30.5
18840,23.15
18841,25.966666666666665
18842,25.8
18843,29.5
18844,32.983333333333334
18845,35.75
18846,39.05
18847,23.733333333333334
18848,26.583333333333332
18849,26.616666666666667
18850,31.116666666666667
18851,36.63333333333333
18852,33.18333333333333
18853,34.233333333333334
18854,24.766666666666666
18855,29.983333333333334
18856,32.766666666666666
18857,34.36666666666667
18858,35.06666666666667
18859,32.483333333333334
18860,36.95
18861,24.6
18862,25.783333333333335
18863,31.133333333333333
18864,35.05
18865,35.95
18866,33.8
18867,37.2
18868,22.233333333333334
18869,29.6
18870,27.516666666666666
18871,34.1
18872,32.06666666666667
18873,32.81666666666667
18874,32.68333333333333
18875,20.416666666666668
18876,19.883333333333333
18877,27.566666666666666
18878,23.5
18879,28.466666666666665
18880,26.533333333333335
18881,25.85
18882,19.4
18883,20.033333333333335
18884,19.9
18885,23.416666666666668
18886,24.266666666666666
18887,25.866666666666667
18888,24.366666666666667
18889,19.05
18890,23.283333333333335
18891,22.166666666666668
18892,17.55
18893,24.5
18894,23.066666666666666
18895,24.95
18896,19.733333333333334
18897,19.766666666666666
18898,20.433333333333334
18899,24.7
18900,23.15
18901,26.533333333333335
18902,26.15
18903,22.166666666666668
18904,24.633333333333333
18905,25.316666666666666
18906,24.916666666666668
18907,25.183333333333334
18908,25.733333333333334
18909,24.633333333333333
18910,17.083333333333332
18911,19.333333333333332
18912,18.95
18913,22.0
18914,20.533333333333335
18915,23.25
18916,24.583333333333332
18917,15.316666666666666
18918,23.5
18919,22.75
18920,24.483333333333334
18921,21.866666666666667
18922,27.716666666666665
18923,23.366666666666667
18924,20.383333333333333
18925,20.25
18926,19.883333333333333
18927,21.383333333333333
18928,20.5
18929,19.3
18930,23.783333333333335
18931,21.066666666666666
18932,19.4
18933,19.2
18934,21.3
18935,24.4
18936,24.966666666666665
18937,23.616666666666667
18938,20.666666666666668
18939,21.5
18940,20.433333333333334
18941,21.6
18942,28.916666666666668
18943,23.7
18944,27.866666666666667
18945,17.9
18946,21.016666666666666
18947,24.216666666666665
18948,26.966666666666665
18949,27.566666666666666
18950,26.133333333333333
18951,29.85
18952,17.133333333333333
18953,24.0
18954,25.116666666666667
18955,24.733333333333334
18956,28.75
18957,25.083333333333332
18958,27.833333333333332
18959,21.75
18960,21.466666666666665
18961,21.9
18962,23.583333333333332
18963,27.583333333333332
18964,26.6
18965,29.7
18966,18.233333333333334
18967,29.816666666666666
18968,29.533333333333335
18969,27.4
18970,35.333333333333336
18971,27.683333333333334
18972,33.28333333333333
18973,24.916666666666668
18974,24.516666666666666
18975,27.066666666666666
18976,30.983333333333334
18977,30.216666666666665
18978,28.966666666666665
18979,30.733333333333334
18980,21.7
18981,26.266666666666666
18982,29.533333333333335
18983,24.433333333333334
18984,30.766666666666666
18985,31.633333333333333
18986,31.4
18987,24.066666666666666
18988,31.666666666666668
18989,29.05
18990,26.35
18991,26.833333333333332
18992,30.85
18993,30.533333333333335
18994,19.516666666666666
18995,26.083333333333332
18996,29.666666666666668
18997,33.28333333333333
18998,36.45
18999,32.43333333333333
19000,35.833333333333336
19001,25.116666666666667
19002,29.983333333333334
19003,34.46666666666667
19004,34.516666666666666
19005,36.85
19006,34.63333333333333
19007,35.516666666666666
19008,26.016666666666666
19009,30.683333333333334
19010,31.516666666666666
19011,29.716666666666665
19012,37.25
19013,39.68333333333333
19014,35.55
19015,26.766666666666666
19016,31.15
19017,32.233333333333334
19018,34.2
19019,31.166666666666668
19020,33.15
19021,39.56666666666667
19022,25.116666666666667
19023,29.166666666666668
19024,30.95
19025,23.633333333333333
19026,37.05
19027,36.95
19028,38.65
19029,26.016666666666666
19030,30.15
19031,33.13333333333333
19032,32.06666666666667
19033,40.21666666666667
19034,42.766666666666666
19035,48.31666666666667
19036,27.383333333333333
19037,33.95
19038,33.916666666666664
19039,37.416666666666664
19040,41.333333333333336
19041,40.95
19042,41.05
19043,27.783333333333335
19044,35.05
19045,38.983333333333334
19046,43.733333333333334
19047,39.25
19048,42.3
19049,53.733333333333334
19050,29.65
19051,37.916666666666664
19052,35.4
19053,36.63333333333333
19054,36.733333333333334
19055,37.733333333333334
19056,40.333333333333336
19057,28.166666666666668
19058,47.88333333333333
19059,38.18333333333333
19060,41.05
19061,44.93333333333333
19062,48.53333333333333
19063,47.05
19064,28.016666666666666
19065,32.016666666666666
19066,34.233333333333334
19067,39.483333333333334
19068,41.36666666666667
19069,39.416666666666664
19070,38.25
19071,27.5
19072,36.516666666666666
19073,36.81666666666667
19074,40.25
19075,38.4
19076,47.43333333333333
19077,43.65
19078,29.05
19079,36.233333333333334
19080,40.733333333333334
19081,49.71666666666667
19082,42.1
19083,45.06666666666667
19084,43.6
19085,32.85
19086,40.266666666666666
19087,39.1
19088,40.766666666666666
19089,42.516666666666666
19090,38.333333333333336
19091,47.833333333333336
19092,31.916666666666668
19093,36.6
19094,38.88333333333333
19095,38.95
19096,40.85
19097,47.9
19098,43.25
19099,28.866666666666667
19100,32.38333333333333
19101,34.38333333333333
19102,37.2
19103,44.03333333333333
19104,42.35
19105,41.88333333333333
19106,30.65
19107,36.35
19108,39.13333333333333
19109,42.416666666666664
19110,43.9
19111,38.93333333333333
19112,42.733333333333334
19113,30.8
19114,34.516666666666666
19115,35.016666666666666
19116,44.983333333333334
19117,45.86666666666667
19118,43.86666666666667
19119,45.86666666666667
19120,30.55
19121,33.43333333333333
19122,33.25
19123,37.38333333333333
19124,31.233333333333334
19125,36.96666666666667
19126,37.03333333333333
19127,22.933333333333334
19128,34.53333333333333
19129,34.516666666666666
19130,32.0
19131,41.63333333333333
19132,38.416666666666664
19133,40.3
19134,28.55
19135,39.983333333333334
19136,35.583333333333336
19137,39.18333333333333
19138,40.68333333333333
19139,43.8
19140,42.65
19141,28.416666666666668
19142,34.03333333333333
19143,41.93333333333333
19144,45.75
19145,42.1
19146,41.56666666666667
19147,38.35
19148,31.533333333333335
19149,38.8
19150,42.13333333333333
19151,40.56666666666667
19152,38.86666666666667
19153,39.55
19154,42.88333333333333
19155,29.55
19156,27.95
19157,31.833333333333332
19158,39.55
19159,37.733333333333334
19160,39.3
19161,35.1
19162,27.6
19163,30.266666666666666
19164,28.516666666666666
19165,32.65
19166,33.266666666666666
19167,40.2
19168,39.38333333333333
19169,25.633333333333333
19170,30.916666666666668
19171,33.96666666666667
19172,31.016666666666666
19173,33.0
19174,37.516666666666666
19175,39.0
19176,28.183333333333334
19177,30.316666666666666
19178,34.31666666666667
19179,28.7
19180,35.1
19181,37.483333333333334
19182,41.18333333333333
19183,22.316666666666666
19184,27.916666666666668
19185,36.38333333333333
19186,30.65
19187,33.8
19188,37.65
19189,34.43333333333333
19190,25.183333333333334
19191,24.183333333333334
19192,27.533333333333335
19193,24.9
19194,31.133333333333333
19195,31.35
19196,32.61666666666667
19197,20.516666666666666
19198,27.583333333333332
19199,31.883333333333333
19200,33.28333333333333
19201,31.95
19202,36.13333333333333
19203,37.13333333333333
19204,24.266666666666666
19205,30.566666666666666
19206,32.36666666666667
19207,30.05
19208,34.71666666666667
19209,33.68333333333333
19210,33.53333333333333
19211,25.466666666666665
19212,29.683333333333334
19213,32.93333333333333
19214,33.75
19215,35.333333333333336
19216,41.266666666666666
19217,38.18333333333333
19218,25.833333333333332
19219,30.55
19220,31.233333333333334
19221,33.28333333333333
19222,34.583333333333336
19223,31.75
19224,37.85
19225,23.316666666666666
19226,32.766666666666666
19227,32.86666666666667
19228,37.63333333333333
19229,41.55
19230,39.766666666666666
19231,41.68333333333333
19232,30.15
19233,31.916666666666668
19234,32.266666666666666
19235,36.483333333333334
19236,33.416666666666664
19237,39.85
19238,41.21666666666667
19239,23.7
19240,30.466666666666665
19241,30.283333333333335
19242,28.15
19243,28.833333333333332
19244,31.666666666666668
19245,28.533333333333335
19246,18.316666666666666
19247,23.183333333333334
19248,22.283333333333335
19249,25.066666666666666
19250,29.233333333333334
19251,29.766666666666666
19252,31.35
19253,16.6
19254,22.166666666666668
19255,23.866666666666667
19256,25.433333333333334
19257,25.383333333333333
19258,27.383333333333333
19259,24.633333333333333
19260,16.966666666666665
19261,22.916666666666668
19262,32.3
19263,25.15
19264,31.716666666666665
19265,31.4
19266,31.283333333333335
19267,22.9
19268,26.883333333333333
19269,25.7
19270,26.45
19271,26.95
19272,21.883333333333333
19273,27.583333333333332
19274,19.583333333333332
19275,18.666666666666668
19276,21.383333333333333
19277,22.25
19278,22.85
19279,25.116666666666667
19280,24.483333333333334
19281,17.016666666666666
19282,21.516666666666666
19283,23.083333333333332
19284,19.45
19285,26.666666666666668
19286,25.416666666666668
19287,21.95
19288,21.066666666666666
19289,20.683333333333334
19290,21.55
19291,22.6
19292,22.716666666666665
19293,24.583333333333332
19294,34.5
19295,21.916666666666668
19296,23.066666666666666
19297,21.966666666666665
19298,27.15
19299,27.483333333333334
19300,24.533333333333335
19301,27.783333333333335
19302,23.95
19303,24.85
19304,23.75
19305,27.45
19306,26.683333333333334
19307,28.8
19308,33.35
19309,20.9
19310,23.483333333333334
19311,25.366666666666667
19312,23.866666666666667
19313,30.116666666666667
19314,30.016666666666666
19315,28.183333333333334
19316,21.6
19317,24.483333333333334
19318,27.733333333333334
19319,29.433333333333334
19320,31.466666666666665
19321,31.116666666666667
19322,27.1
19323,22.883333333333333
19324,25.933333333333334
19325,27.583333333333332
19326,28.65
19327,26.583333333333332
19328,29.566666666666666
19329,36.78333333333333
19330,20.866666666666667
19331,27.15
19332,30.283333333333335
19333,29.6
19334,34.916666666666664
19335,31.733333333333334
19336,37.583333333333336
19337,25.466666666666665
19338,29.05
19339,28.433333333333334
19340,33.06666666666667
19341,35.86666666666667
19342,33.53333333333333
19343,33.15
19344,25.05
19345,30.783333333333335
19346,29.716666666666665
19347,31.7
19348,39.666666666666664
19349,40.583333333333336
19350,38.766666666666666
19351,26.833333333333332
19352,31.716666666666665
19353,34.38333333333333
19354,37.516666666666666
19355,37.083333333333336
19356,37.8
19357,37.083333333333336
19358,29.133333333333333
19359,30.683333333333334
19360,31.35
19361,32.083333333333336
19362,42.0
19363,44.6
19364,47.55
19365,27.1
19366,37.03333333333333
19367,35.666666666666664
19368,41.7
19369,39.88333333333333
19370,39.95
19371,41.03333333333333
19372,29.866666666666667
19373,30.316666666666666
19374,33.4
19375,36.03333333333333
19376,35.96666666666667
19377,40.266666666666666
19378,42.78333333333333
19379,28.0
19380,29.4
19381,36.916666666666664
19382,37.56666666666667
19383,35.266666666666666
19384,40.733333333333334
19385,43.38333333333333
19386,27.616666666666667
19387,35.63333333333333
19388,34.666666666666664
19389,34.13333333333333
19390,40.43333333333333
19391,42.3
19392,42.96666666666667
19393,33.733333333333334
19394,38.983333333333334
19395,40.7
19396,44.8
19397,47.63333333333333
19398,46.18333333333333
19399,48.083333333333336
19400,30.933333333333334
19401,37.95
19402,36.71666666666667
19403,45.7
19404,48.18333333333333
19405,48.68333333333333
19406,45.45
19407,32.75
19408,38.31666666666667
19409,37.56666666666667
19410,45.166666666666664
19411,41.8
19412,40.733333333333334
19413,44.86666666666667
19414,31.116666666666667
19415,35.28333333333333
19416,36.45
19417,43.21666666666667
19418,42.28333333333333
19419,42.516666666666666
19420,45.1
19421,31.433333333333334
19422,35.45
19423,38.31666666666667
19424,40.35
19425,46.5
19426,47.0
19427,52.61666666666667
19428,32.05
19429,39.416666666666664
19430,41.516666666666666
19431,45.86666666666667
19432,50.583333333333336
19433,47.266666666666666
19434,51.4
19435,33.46666666666667
19436,42.03333333333333
19437,41.833333333333336
19438,45.5
19439,45.45
19440,48.7
19441,54.333333333333336
19442,31.183333333333334
19443,36.766666666666666
19444,41.31666666666667
19445,42.81666666666667
19446,44.61666666666667
19447,49.7
19448,56.03333333333333
19449,35.85
19450,39.61666666666667
19451,42.05
19452,44.6
19453,45.38333333333333
19454,47.4
19455,50.516666666666666
19456,31.733333333333334
19457,43.166666666666664
19458,48.71666666666667
19459,46.4
19460,42.88333333333333
19461,52.43333333333333
19462,53.86666666666667
19463,34.46666666666667
19464,41.93333333333333
19465,45.833333333333336
19466,48.13333333333333
19467,43.03333333333333
19468,48.56666666666667
19469,45.28333333333333
19470,31.366666666666667
19471,41.68333333333333
19472,43.75
19473,41.56666666666667
19474,55.65
19475,55.266666666666666
19476,51.833333333333336
19477,35.4
19478,45.733333333333334
19479,44.8
19480,48.93333333333333
19481,51.36666666666667
19482,50.88333333333333
19483,53.03333333333333
19484,30.75
19485,38.81666666666667
19486,45.03333333333333
19487,50.05
19488,50.483333333333334
19489,53.11666666666667
19490,44.21666666666667
19491,34.583333333333336
19492,40.1
19493,37.916666666666664
19494,42.06666666666667
19495,36.21666666666667
19496,44.416666666666664
19497,44.916666666666664
19498,31.483333333333334
19499,36.7
19500,41.11666666666667
19501,36.0
19502,41.5
19503,42.68333333333333
19504,44.016666666666666
19505,33.03333333333333
19506,39.5
19507,36.28333333333333
19508,27.533333333333335
19509,39.86666666666667
19510,44.31666666666667
19511,44.483333333333334
19512,30.016666666666666
19513,36.81666666666667
19514,38.31666666666667
19515,37.95
19516,40.666666666666664
19517,48.516666666666666
19518,49.81666666666667
19519,33.13333333333333
19520,35.75
19521,36.833333333333336
19522,33.6
19523,37.333333333333336
19524,43.96666666666667
19525,52.15
19526,29.133333333333333
19527,37.65
19528,37.1
19529,36.0
19530,41.016666666666666
19531,39.11666666666667
19532,41.333333333333336
19533,26.716666666666665
19534,29.733333333333334
19535,32.333333333333336
19536,34.81666666666667
19537,35.45
19538,43.65
19539,43.35
19540,27.783333333333335
19541,31.733333333333334
19542,34.25
19543,35.7
19544,39.016666666666666
19545,40.583333333333336
19546,40.35
19547,27.966666666666665
19548,31.85
19549,33.86666666666667
19550,37.36666666666667
19551,32.71666666666667
19552,33.75
19553,37.9
19554,25.75
19555,30.016666666666666
19556,32.78333333333333
19557,33.03333333333333
19558,39.516666666666666
19559,49.31666666666667
19560,34.55
19561,25.416666666666668
19562,28.4
19563,31.433333333333334
19564,34.75
19565,36.083333333333336
19566,37.9
19567,39.46666666666667
19568,25.366666666666667
19569,33.666666666666664
19570,32.28333333333333
19571,25.283333333333335
19572,38.46666666666667
19573,37.8
19574,38.35
19575,24.366666666666667
19576,34.25
19577,34.333333333333336
19578,36.86666666666667
19579,32.55
19580,40.81666666666667
19581,40.9
19582,28.116666666666667
19583,30.75
19584,34.53333333333333
19585,33.88333333333333
19586,38.18333333333333
19587,42.0
19588,40.75
19589,27.133333333333333
19590,35.35
19591,38.2
19592,41.78333333333333
19593,35.43333333333333
19594,45.11666666666667
19595,42.71666666666667
19596,29.95
19597,32.88333333333333
19598,34.06666666666667
19599,28.25
19600,40.36666666666667
19601,45.0
19602,43.75
19603,31.3
19604,33.68333333333333
19605,33.81666666666667
19606,36.4
19607,28.716666666666665
19608,26.933333333333334
19609,31.85
19610,14.85
19611,26.766666666666666
19612,25.033333333333335
19613,23.483333333333334
19614,31.45
19615,34.75
19616,29.45
19617,25.133333333333333
19618,26.5
19619,32.733333333333334
19620,33.96666666666667
19621,32.38333333333333
19622,30.783333333333335
19623,28.683333333333334
19624,22.583333333333332
19625,25.116666666666667
19626,25.533333333333335
19627,23.95
19628,27.55
19629,28.983333333333334
19630,31.65
19631,20.4
19632,27.583333333333332
19633,30.333333333333332
19634,30.1
19635,31.966666666666665
19636,30.116666666666667
19637,30.716666666666665
19638,24.8
19639,25.333333333333332
19640,27.4
19641,31.716666666666665
19642,31.466666666666665
19643,31.15
19644,31.433333333333334
19645,21.066666666666666
19646,24.316666666666666
19647,26.416666666666668
19648,24.033333333333335
19649,30.483333333333334
19650,31.15
19651,30.116666666666667
19652,21.416666666666668
19653,23.3
19654,27.916666666666668
19655,29.6
19656,20.283333333333335
19657,26.7
19658,26.6
19659,17.333333333333332
19660,21.116666666666667
19661,24.366666666666667
19662,26.833333333333332
19663,28.683333333333334
19664,28.6
19665,27.416666666666668
19666,21.066666666666666
19667,24.016666666666666
19668,27.35
19669,29.683333333333334
19670,30.933333333333334
19671,32.6
19672,29.616666666666667
19673,21.7
19674,22.883333333333333
19675,28.983333333333334
19676,31.883333333333333
19677,31.283333333333335
19678,32.31666666666667
19679,31.95
19680,23.433333333333334
19681,26.416666666666668
19682,28.283333333333335
19683,31.966666666666665
19684,27.466666666666665
19685,28.083333333333332
19686,32.666666666666664
19687,24.933333333333334
19688,24.583333333333332
19689,24.666666666666668
19690,21.1
19691,24.483333333333334
19692,28.966666666666665
19693,30.866666666666667
19694,18.533333333333335
19695,22.833333333333332
19696,28.516666666666666
19697,36.65
19698,35.68333333333333
19699,35.2
19700,35.416666666666664
19701,25.116666666666667
19702,28.983333333333334
19703,29.25
19704,32.6
19705,31.216666666666665
19706,36.15
19707,32.63333333333333
19708,23.266666666666666
19709,29.016666666666666
19710,30.25
19711,35.1
19712,33.8
19713,36.25
19714,31.966666666666665
19715,25.116666666666667
19716,33.5
19717,33.016666666666666
19718,32.5
19719,32.6
19720,40.833333333333336
19721,44.5
19722,27.116666666666667
19723,32.733333333333334
19724,32.96666666666667
19725,31.033333333333335
19726,31.066666666666666
19727,44.483333333333334
19728,43.13333333333333
19729,28.0
19730,32.733333333333334
19731,35.18333333333333
19732,38.06666666666667
19733,44.81666666666667
19734,42.11666666666667
19735,43.11666666666667
19736,32.8
19737,35.63333333333333
19738,35.61666666666667
19739,40.03333333333333
19740,32.86666666666667
19741,36.166666666666664
19742,34.766666666666666
19743,26.366666666666667
19744,32.483333333333334
19745,38.38333333333333
19746,30.05
19747,34.55
19748,40.86666666666667
19749,42.85
19750,28.833333333333332
19751,34.2
19752,34.46666666666667
19753,27.6
19754,40.56666666666667
19755,45.11666666666667
19756,41.78333333333333
19757,29.033333333333335
19758,32.43333333333333
19759,36.55
19760,44.88333333333333
19761,41.9
19762,41.36666666666667
19763,42.45
19764,29.466666666666665
19765,35.166666666666664
19766,39.416666666666664
19767,42.06666666666667
19768,39.666666666666664
19769,41.55
19770,41.28333333333333
19771,29.916666666666668
19772,37.21666666666667
19773,40.86666666666667
19774,36.78333333333333
19775,35.766666666666666
19776,43.483333333333334
19777,47.45
19778,29.633333333333333
19779,34.96666666666667
19780,36.71666666666667
19781,34.25
19782,41.166666666666664
19783,42.81666666666667
19784,40.7
19785,29.55
19786,35.56666666666667
19787,35.85
19788,41.2
19789,49.233333333333334
19790,39.983333333333334
19791,55.93333333333333
19792,36.61666666666667
19793,38.21666666666667
19794,42.61666666666667
19795,46.43333333333333
19796,49.28333333333333
19797,51.416666666666664
19798,59.583333333333336
19799,33.71666666666667
19800,43.083333333333336
19801,41.85
19802,40.083333333333336
19803,43.166666666666664
19804,44.7
19805,49.333333333333336
19806,30.966666666666665
19807,40.25
19808,41.86666666666667
19809,46.7
19810,42.483333333333334
19811,52.233333333333334
19812,53.71666666666667
19813,34.88333333333333
19814,39.63333333333333
19815,41.93333333333333
19816,42.2
19817,42.78333333333333
19818,51.61666666666667
19819,51.78333333333333
19820,31.45
19821,41.85
19822,44.233333333333334
19823,55.6
19824,49.833333333333336
19825,49.53333333333333
19826,48.8
19827,31.366666666666667
19828,44.35
19829,41.3
19830,46.4
19831,41.016666666666666
19832,59.63333333333333
19833,53.516666666666666
19834,33.95
19835,40.733333333333334
19836,43.0
19837,44.03333333333333
19838,44.95
19839,47.1
19840,45.15
19841,32.61666666666667
19842,41.766666666666666
19843,46.266666666666666
19844,43.166666666666664
19845,54.75
19846,53.53333333333333
19847,53.36666666666667
19848,37.13333333333333
19849,42.75
19850,43.6
19851,48.1
19852,43.61666666666667
19853,45.75
19854,46.733333333333334
19855,33.21666666666667
19856,37.21666666666667
19857,41.46666666666667
19858,39.6
19859,45.68333333333333
19860,47.53333333333333
19861,46.2
19862,31.1
19863,34.31666666666667
19864,39.833333333333336
19865,45.4
19866,42.95
19867,45.7
19868,51.36666666666667
19869,30.433333333333334
19870,39.766666666666666
19871,42.333333333333336
19872,41.7
19873,43.55
19874,43.483333333333334
19875,52.516666666666666
19876,34.983333333333334
19877,39.15
19878,40.36666666666667
19879,39.55
19880,41.833333333333336
19881,41.93333333333333
19882,43.483333333333334
19883,29.0
19884,34.13333333333333
19885,37.61666666666667
19886,37.233333333333334
19887,43.766666666666666
19888,45.083333333333336
19889,44.53333333333333
19890,30.983333333333334
19891,35.21666666666667
19892,43.3
19893,46.666666666666664
19894,41.11666666666667
19895,39.266666666666666
19896,45.5
19897,35.21666666666667
19898,39.7
19899,37.05
19900,40.38333333333333
19901,45.38333333333333
19902,40.7
19903,43.583333333333336
19904,31.266666666666666
19905,37.8
19906,33.4
19907,45.38333333333333
19908,46.56666666666667
19909,44.95
19910,36.166666666666664
19911,28.833333333333332
19912,31.75
19913,34.21666666666667
19914,42.416666666666664
19915,38.483333333333334
19916,42.3
19917,40.733333333333334
19918,28.3
19919,35.5
19920,35.9
19921,40.833333333333336
19922,40.3
19923,38.2
19924,39.35
19925,28.083333333333332
19926,29.583333333333332
19927,29.333333333333332
19928,32.28333333333333
19929,36.416666666666664
19930,35.13333333333333
19931,41.35
19932,26.75
19933,31.216666666666665
19934,32.81666666666667
19935,32.95
19936,33.15
19937,40.55
19938,38.56666666666667
19939,27.316666666666666
19940,35.166666666666664
19941,37.35
19942,33.983333333333334
19943,41.38333333333333
19944,44.916666666666664
19945,41.18333333333333
19946,29.666666666666668
19947,36.36666666666667
19948,36.45
19949,36.333333333333336
19950,36.016666666666666
19951,40.916666666666664
19952,49.8
19953,28.683333333333334
19954,35.75
19955,35.083333333333336
19956,33.93333333333333
19957,36.21666666666667
19958,43.5
19959,36.083333333333336
19960,27.266666666666666
19961,33.733333333333334
19962,37.63333333333333
19963,32.43333333333333
19964,38.3
19965,41.95
19966,41.9
19967,30.266666666666666
19968,33.15
19969,35.266666666666666
19970,36.333333333333336
19971,36.45
19972,39.6
19973,35.266666666666666
19974,28.266666666666666
19975,28.916666666666668
19976,29.466666666666665
19977,33.68333333333333
19978,31.883333333333333
19979,29.25
19980,30.416666666666668
19981,18.616666666666667
19982,24.15
19983,27.083333333333332
19984,31.25
19985,30.066666666666666
19986,32.2
19987,35.36666666666667
19988,21.0
19989,25.883333333333333
19990,29.9
19991,31.35
19992,29.266666666666666
19993,31.716666666666665
19994,32.46666666666667
19995,23.083333333333332
19996,26.25
19997,29.133333333333333
19998,29.783333333333335
19999,30.333333333333332
20000,31.35
20001,30.666666666666668
20002,7.683333333333334
20003,5.166666666666667
20004,5.166666666666667
20005,4.85
20006,5.116666666666666
20007,6.666666666666667
20008,6.716666666666667
20009,5.233333333333333
20010,4.716666666666667
20011,4.633333333333334
20012,3.95
20013,3.966666666666667
20014,6.3
20015,6.533333333333333
20016,5.233333333333333
20017,4.433333333333334
20018,4.5
20019,3.6166666666666667
20020,3.783333333333333
20021,6.566666666666666
20022,7.016666666666667
20023,5.233333333333333
20024,5.016666666666667
20025,5.1
20026,4.116666666666666
20027,4.366666666666666
20028,7.05
20029,7.066666666666666
20030,5.266666666666667
20031,5.35
20032,5.466666666666667
20033,4.35
20034,4.616666666666666
20035,6.666666666666667
20036,6.716666666666667
20037,5.25
20038,4.8
20039,4.866666666666666
20040,4.05
20041,4.466666666666667
20042,6.783333333333333
20043,6.633333333333334
20044,3.75
20045,4.616666666666666
20046,4.716666666666667
20047,3.7666666666666666
20048,4.1
20049,6.816666666666666
20050,6.616666666666666
20051,5.183333333333334
20052,4.833333333333333
20053,4.933333333333334
20054,3.9166666666666665
20055,4.2
20056,7.116666666666666
20057,6.933333333333334
20058,5.4
20059,5.05
20060,5.483333333333333
20061,4.35
20062,4.616666666666666
20063,6.7
20064,6.816666666666666
20065,5.283333333333333
20066,4.85
20067,4.883333333333334
20068,4.05
20069,4.466666666666667
20070,6.816666666666666
20071,6.733333333333333
20072,5.25
20073,4.583333333333333
20074,4.733333333333333
20075,3.7666666666666666
20076,4.1
20077,6.816666666666666
20078,6.616666666666666
20079,5.3
20080,4.816666666666666
20081,4.95
20082,3.95
20083,4.233333333333333
20084,7.116666666666666
20085,6.933333333333334
20086,5.4
20087,5.083333333333333
20088,5.483333333333333
20089,4.3
20090,4.583333333333333
20091,7.233333333333333
20092,3.9
20093,25.8
20094,28.15
20095,26.583333333333332
20096,26.516666666666666
20097,26.516666666666666
20098,40.85
20099,44.11666666666667
20100,44.733333333333334
20101,49.05
20102,44.166666666666664
20103,52.13333333333333
20104,59.983333333333334
20105,36.15
20106,45.3
20107,49.9
20108,53.75
20109,54.05
20110,55.4
20111,56.21666666666667
20112,34.25
20113,41.9
20114,45.083333333333336
20115,50.916666666666664
20116,48.266666666666666
20117,53.18333333333333
20118,60.166666666666664
20119,36.36666666666667
20120,41.96666666666667
20121,47.18333333333333
20122,42.18333333333333
20123,58.55
20124,55.4
20125,62.63333333333333
20126,41.88333333333333
20127,47.983333333333334
20128,51.416666666666664
20129,46.1
20130,56.03333333333333
20131,56.93333333333333
20132,58.63333333333333
20133,41.03333333333333
20134,50.516666666666666
20135,50.583333333333336
20136,55.68333333333333
20137,63.81666666666667
20138,63.4
20139,59.63333333333333
20140,39.96666666666667
20141,50.016666666666666
20142,58.583333333333336
20143,66.8
20144,64.16666666666667
20145,66.93333333333334
20146,65.56666666666666
20147,43.083333333333336
20148,60.9
20149,55.85
20150,65.48333333333333
20151,74.16666666666667
20152,74.65
20153,67.75
20154,50.28333333333333
20155,55.56666666666667
20156,60.083333333333336
20157,70.28333333333333
20158,66.8
20159,76.81666666666666
20160,73.3
20161,57.63333333333333
20162,66.55
20163,68.18333333333334
20164,71.45
20165,73.68333333333334
20166,73.55
20167,79.9
20168,50.36666666666667
20169,61.71666666666667
20170,58.65
20171,71.91666666666667
20172,71.9
20173,78.2
20174,77.7
20175,58.78333333333333
20176,62.81666666666667
20177,67.73333333333333
20178,62.93333333333333
20179,71.53333333333333
20180,77.86666666666666
20181,78.36666666666666
20182,54.55
20183,58.833333333333336
20184,75.85
20185,77.83333333333333
20186,78.0
20187,84.06666666666666
20188,89.65
20189,58.71666666666667
20190,77.05
20191,70.8
20192,85.06666666666666
20193,85.46666666666667
20194,84.78333333333333
20195,88.51666666666667
20196,57.833333333333336
20197,71.68333333333334
20198,75.05
20199,80.58333333333333
20200,84.55
20201,83.55
20202,82.31666666666666
20203,53.46666666666667
20204,68.46666666666667
20205,74.53333333333333
20206,80.43333333333334
20207,83.31666666666666
20208,85.4
20209,91.18333333333334
20210,59.016666666666666
20211,72.2
20212,83.75
20213,89.61666666666666
20214,100.68333333333334
20215,104.73333333333333
20216,104.16666666666667
20217,70.01666666666667
20218,82.75
20219,96.71666666666667
20220,98.1
20221,90.38333333333334
20222,91.18333333333334
20223,92.51666666666667
20224,59.45
20225,79.26666666666667
20226,80.48333333333333
20227,78.91666666666667
20228,86.81666666666666
20229,86.03333333333333
20230,86.68333333333334
20231,58.916666666666664
20232,75.58333333333333
20233,77.4
20234,83.38333333333334
20235,82.7
20236,85.93333333333334
20237,85.35
20238,64.58333333333333
20239,78.21666666666667
20240,80.56666666666666
20241,91.46666666666667
20242,91.53333333333333
20243,96.53333333333333
20244,104.5
20245,64.88333333333334
20246,87.38333333333334
20247,96.2
20248,97.01666666666667
20249,106.23333333333333
20250,98.56666666666666
20251,103.66666666666667
20252,72.18333333333334
20253,82.68333333333334
20254,86.08333333333333
20255,101.45
20256,101.2
20257,102.85
20258,102.6
20259,68.65
20260,89.78333333333333
20261,90.83333333333333
20262,94.46666666666667
20263,96.0
20264,98.61666666666666
20265,91.68333333333334
20266,65.5
20267,81.01666666666667
20268,77.63333333333334
20269,76.16666666666667
20270,96.93333333333334
20271,90.83333333333333
20272,97.18333333333334
20273,70.25
20274,79.21666666666667
20275,86.13333333333334
20276,100.25
20277,102.06666666666666
20278,101.01666666666667
20279,104.3
20280,65.45
20281,83.0
20282,88.51666666666667
20283,92.58333333333333
20284,104.8
20285,108.31666666666666
20286,104.0
20287,73.95
20288,86.63333333333334
20289,86.63333333333334
20290,95.78333333333333
20291,96.46666666666667
20292,99.21666666666667
20293,101.73333333333333
20294,71.43333333333334
20295,84.3
20296,88.9
20297,95.83333333333333
20298,100.73333333333333
20299,107.13333333333334
20300,94.83333333333333
20301,72.65
20302,87.6
20303,85.21666666666667
20304,100.25
20305,98.85
20306,102.28333333333333
20307,97.13333333333334
20308,70.08333333333333
20309,78.11666666666666
20310,81.65
20311,85.65
20312,95.08333333333333
20313,89.83333333333333
20314,92.35
20315,59.016666666666666
20316,76.18333333333334
20317,85.96666666666667
20318,95.06666666666666
20319,90.15
20320,102.16666666666667
20321,96.93333333333334
20322,69.38333333333334
20323,75.11666666666666
20324,86.71666666666667
20325,92.55
20326,94.05
20327,97.93333333333334
20328,90.83333333333333
20329,67.11666666666666
20330,76.01666666666667
20331,79.98333333333333
20332,88.35
20333,93.11666666666666
20334,95.46666666666667
20335,89.73333333333333
20336,73.43333333333334
20337,77.45
20338,76.16666666666667
20339,87.4
20340,84.48333333333333
20341,87.6
20342,92.88333333333334
20343,67.76666666666667
20344,72.41666666666667
20345,76.2
20346,78.78333333333333
20347,83.9
20348,76.33333333333333
20349,83.63333333333334
20350,54.4
20351,66.73333333333333
20352,72.13333333333334
20353,83.68333333333334
20354,81.81666666666666
20355,85.65
20356,82.1
20357,60.0
20358,71.15
20359,71.55
20360,80.96666666666667
20361,77.55
20362,81.13333333333334
20363,82.3
20364,56.266666666666666
20365,71.95
20366,72.55
20367,80.81666666666666
20368,73.15
20369,85.18333333333334
20370,78.65
20371,51.45
20372,64.05
20373,65.05
20374,70.78333333333333
20375,73.66666666666667
20376,78.98333333333333
20377,80.73333333333333
20378,54.93333333333333
20379,72.6
20380,67.95
20381,66.03333333333333
20382,74.83333333333333
20383,83.16666666666667
20384,82.23333333333333
20385,59.416666666666664
20386,72.43333333333334
20387,71.43333333333334
20388,66.2
20389,75.1
20390,69.78333333333333
20391,74.76666666666667
20392,51.63333333333333
20393,68.9
20394,74.25
20395,75.0
20396,77.58333333333333
20397,73.76666666666667
20398,82.75
20399,63.45
20400,70.06666666666666
20401,65.8
20402,80.45
20403,76.25
20404,82.96666666666667
20405,79.0
20406,55.5
20407,78.91666666666667
20408,76.56666666666666
20409,83.85
20410,82.78333333333333
20411,89.93333333333334
20412,88.8
20413,62.233333333333334
20414,73.41666666666667
20415,75.08333333333333
20416,81.51666666666667
20417,84.05
20418,88.03333333333333
20419,87.96666666666667
20420,65.46666666666667
20421,67.41666666666667
20422,75.93333333333334
20423,79.6
20424,75.55
20425,76.58333333333333
20426,73.35
20427,60.93333333333333
20428,66.98333333333333
20429,68.5
20430,59.016666666666666
20431,62.166666666666664
20432,63.75
20433,63.36666666666667
20434,45.35
20435,51.266666666666666
20436,54.11666666666667
20437,54.11666666666667
20438,69.26666666666667
20439,65.78333333333333
20440,60.666666666666664
20441,38.983333333333334
20442,50.71666666666667
20443,56.56666666666667
20444,58.36666666666667
20445,60.36666666666667
20446,63.88333333333333
20447,64.86666666666666
20448,45.8
20449,53.21666666666667
20450,54.8
20451,63.7
20452,65.95
20453,63.56666666666667
20454,62.03333333333333
20455,49.25
20456,47.38333333333333
20457,60.95
20458,65.78333333333333
20459,53.1
20460,63.483333333333334
20461,66.06666666666666
20462,40.75
20463,56.18333333333333
20464,48.75
20465,51.05
20466,61.6
20467,62.85
20468,57.583333333333336
20469,46.733333333333334
20470,51.63333333333333
20471,53.03333333333333
20472,55.38333333333333
20473,63.11666666666667
20474,65.51666666666667
20475,64.7
20476,38.8
20477,51.166666666666664
20478,56.78333333333333
20479,61.38333333333333
20480,64.2
20481,67.93333333333334
20482,68.53333333333333
20483,41.38333333333333
20484,56.3
20485,56.9
20486,66.16666666666667
20487,64.11666666666666
20488,69.38333333333334
20489,73.75
20490,48.4
20491,58.4
20492,60.65
20493,74.15
20494,73.21666666666667
20495,70.16666666666667
20496,69.15
20497,49.4
20498,59.36666666666667
20499,61.25
20500,68.53333333333333
20501,64.93333333333334
20502,72.98333333333333
20503,70.38333333333334
20504,49.55
20505,57.233333333333334
20506,60.666666666666664
20507,61.666666666666664
20508,70.46666666666667
20509,80.71666666666667
20510,75.43333333333334
20511,50.38333333333333
20512,58.36666666666667
20513,65.35
20514,72.43333333333334
20515,73.1
20516,79.66666666666667
20517,82.11666666666666
20518,55.43333333333333
20519,67.85
20520,70.83333333333333
20521,70.48333333333333
20522,65.65
20523,77.45
20524,83.3
20525,56.65
20526,76.3
20527,68.48333333333333
20528,70.23333333333333
20529,69.0
20530,80.96666666666667
20531,87.25
20532,64.1
20533,67.75
20534,72.66666666666667
20535,80.76666666666667
20536,77.85
20537,80.28333333333333
20538,86.98333333333333
20539,56.68333333333333
20540,70.36666666666666
20541,72.6
20542,73.6
20543,75.06666666666666
20544,86.68333333333334
20545,85.66666666666667
20546,60.833333333333336
20547,73.8
20548,88.3
20549,93.76666666666667
20550,88.2
20551,96.01666666666667
20552,99.41666666666667
20553,66.1
20554,83.46666666666667
20555,80.1
20556,91.71666666666667
20557,93.7
20558,89.76666666666667
20559,102.51666666666667
20560,67.03333333333333
20561,77.58333333333333
20562,86.51666666666667
20563,88.18333333333334
20564,93.98333333333333
20565,95.08333333333333
20566,92.8
20567,66.95
20568,82.33333333333333
20569,86.83333333333333
20570,83.83333333333333
20571,90.05
20572,98.81666666666666
20573,109.68333333333334
20574,69.86666666666666
20575,82.71666666666667
20576,84.45
20577,80.41666666666667
20578,99.31666666666666
20579,105.26666666666667
20580,106.43333333333334
20581,70.63333333333334
20582,94.93333333333334
20583,97.45
20584,91.55
20585,101.88333333333334
20586,102.65
20587,105.33333333333333
20588,72.28333333333333
20589,89.15
20590,89.93333333333334
20591,96.18333333333334
20592,107.31666666666666
20593,107.13333333333334
20594,105.5
20595,71.25
20596,86.41666666666667
20597,88.76666666666667
20598,91.35
20599,89.1
20600,96.48333333333333
20601,110.35
20602,68.78333333333333
20603,82.76666666666667
20604,97.81666666666666
20605,87.31666666666666
20606,101.18333333333334
20607,105.51666666666667
20608,103.13333333333334
20609,70.66666666666667
20610,83.88333333333334
20611,88.05
20612,96.0
20613,116.21666666666667
20614,108.96666666666667
20615,116.31666666666666
20616,79.26666666666667
20617,92.58333333333333
20618,89.98333333333333
20619,110.25
20620,114.06666666666666
20621,113.93333333333334
20622,124.4
20623,82.6
20624,94.91666666666667
20625,107.0
20626,106.6
20627,108.6
20628,108.76666666666667
20629,112.03333333333333
20630,79.06666666666666
20631,91.53333333333333
20632,99.16666666666667
20633,105.56666666666666
20634,98.73333333333333
20635,108.38333333333334
20636,109.96666666666667
20637,79.03333333333333
20638,96.4
20639,99.55
20640,105.9
20641,117.25
20642,120.05
20643,131.88333333333333
20644,82.78333333333333
20645,104.88333333333334
20646,101.43333333333334
20647,117.18333333333334
20648,116.21666666666667
20649,118.76666666666667
20650,125.68333333333334
20651,85.61666666666666
20652,98.41666666666667
20653,97.2
20654,113.51666666666667
20655,126.43333333333334
20656,122.23333333333333
20657,121.11666666666666
20658,81.65
20659,105.9
20660,112.28333333333333
20661,115.36666666666666
20662,108.3
20663,128.36666666666667
20664,121.18333333333334
20665,89.78333333333333
20666,98.85
20667,110.65
20668,118.98333333333333
20669,118.28333333333333
20670,112.28333333333333
20671,112.75
20672,72.55
20673,89.91666666666667
20674,90.88333333333334
20675,97.41666666666667
20676,92.61666666666666
20677,102.4
20678,102.48333333333333
20679,74.31666666666666
20680,86.7
20681,97.86666666666666
20682,106.28333333333333
20683,101.71666666666667
20684,108.88333333333334
20685,105.9
20686,77.33333333333333
20687,92.61666666666666
20688,99.58333333333333
20689,96.03333333333333
20690,110.93333333333334
20691,109.51666666666667
20692,107.96666666666667
20693,75.43333333333334
20694,84.96666666666667
20695,90.21666666666667
20696,104.76666666666667
20697,95.9
20698,106.88333333333334
20699,127.93333333333334
20700,71.38333333333334
20701,82.93333333333334
20702,90.2
20703,89.26666666666667
20704,104.58333333333333
20705,99.85
20706,99.93333333333334
20707,63.583333333333336
20708,88.15
20709,87.9
20710,98.13333333333334
20711,102.13333333333334
20712,100.43333333333334
20713,98.25
20714,74.88333333333334
20715,84.25
20716,85.45
20717,92.95
20718,84.18333333333334
20719,104.18333333333334
20720,106.86666666666666
20721,72.13333333333334
20722,84.86666666666666
20723,88.15
20724,87.01666666666667
20725,96.85
20726,99.58333333333333
20727,105.81666666666666
20728,72.71666666666667
20729,82.53333333333333
20730,82.73333333333333
20731,90.43333333333334
20732,85.45
20733,94.08333333333333
20734,90.91666666666667
20735,65.06666666666666
20736,79.23333333333333
20737,84.73333333333333
20738,75.83333333333333
20739,90.35
20740,90.55
20741,99.1
20742,63.88333333333333
20743,75.8
20744,82.53333333333333
20745,91.05
20746,86.4
20747,95.86666666666666
20748,94.08333333333333
20749,64.58333333333333
20750,79.86666666666666
20751,82.93333333333334
20752,80.03333333333333
20753,81.63333333333334
20754,100.05
20755,91.91666666666667
20756,61.45
20757,77.95
20758,80.18333333333334
20759,80.48333333333333
20760,85.65
20761,101.4
20762,107.03333333333333
20763,67.75
20764,88.66666666666667
20765,93.1
20766,91.61666666666666
20767,98.45
20768,96.25
20769,94.76666666666667
20770,61.96666666666667
20771,75.1
20772,82.41666666666667
20773,85.93333333333334
20774,86.3
20775,94.83333333333333
20776,93.16666666666667
20777,66.1
20778,83.41666666666667
20779,84.6
20780,82.33333333333333
20781,89.1
20782,93.55
20783,99.25
20784,66.06666666666666
20785,77.55
20786,81.76666666666667
20787,91.1
20788,99.4
20789,96.55
20790,97.36666666666666
20791,62.666666666666664
20792,72.06666666666666
20793,76.95
20794,79.78333333333333
20795,68.76666666666667
20796,71.55
20797,75.01666666666667
20798,50.3
20799,55.85
20800,55.38333333333333
20801,59.083333333333336
20802,70.1
20803,70.15
20804,69.65
20805,42.75
20806,54.7
20807,59.86666666666667
20808,59.016666666666666
20809,65.28333333333333
20810,72.8
20811,66.81666666666666
20812,49.06666666666667
20813,66.16666666666667
20814,65.16666666666667
20815,65.73333333333333
20816,71.21666666666667
20817,74.0
20818,70.08333333333333
20819,53.766666666666666
20820,58.233333333333334
20821,62.266666666666666
20822,72.18333333333334
20823,74.41666666666667
20824,75.7
20825,76.56666666666666
20826,49.15
20827,60.65
20828,60.2
20829,56.4
20830,64.58333333333333
20831,58.65
20832,63.21666666666667
20833,41.15
20834,51.983333333333334
20835,58.65
20836,57.71666666666667
20837,61.71666666666667
20838,69.85
20839,68.61666666666666
20840,49.65
20841,57.03333333333333
20842,60.983333333333334
20843,67.45
20844,62.21666666666667
20845,73.01666666666667
20846,69.76666666666667
20847,46.7
20848,57.38333333333333
20849,58.85
20850,55.28333333333333
20851,56.666666666666664
20852,60.833333333333336
20853,60.78333333333333
20854,44.1
20855,53.36666666666667
20856,56.916666666666664
20857,62.18333333333333
20858,72.9
20859,76.5
20860,72.18333333333334
20861,56.56666666666667
20862,59.583333333333336
20863,61.766666666666666
20864,70.9
20865,59.916666666666664
20866,71.81666666666666
20867,71.43333333333334
20868,49.21666666666667
20869,56.916666666666664
20870,60.71666666666667
20871,60.03333333333333
20872,62.1
20873,77.08333333333333
20874,71.63333333333334
20875,51.233333333333334
20876,59.68333333333333
20877,60.983333333333334
20878,62.38333333333333
20879,67.33333333333333
20880,75.1
20881,77.1
20882,56.06666666666667
20883,65.86666666666666
20884,70.21666666666667
20885,69.1
20886,87.15
20887,81.3
20888,85.83333333333333
20889,59.166666666666664
20890,68.95
20891,74.81666666666666
20892,84.88333333333334
20893,82.55
20894,86.93333333333334
20895,92.91666666666667
20896,59.03333333333333
20897,76.98333333333333
20898,78.78333333333333
20899,85.46666666666667
20900,90.16666666666667
20901,91.78333333333333
20902,93.85
20903,62.86666666666667
20904,77.6
20905,84.95
20906,81.33333333333333
20907,75.75
20908,88.4
20909,85.95
20910,59.28333333333333
20911,76.25
20912,77.23333333333333
20913,76.76666666666667
20914,93.83333333333333
20915,125.15
20916,118.4
20917,67.21666666666667
20918,88.9
20919,96.0
20920,98.03333333333333
20921,108.73333333333333
20922,106.16666666666667
20923,98.65
20924,71.78333333333333
20925,83.1
20926,89.91666666666667
20927,88.81666666666666
20928,105.01666666666667
20929,95.18333333333334
20930,106.03333333333333
20931,70.61666666666666
20932,86.98333333333333
20933,86.38333333333334
20934,103.86666666666666
20935,99.53333333333333
20936,95.93333333333334
20937,98.55
20938,68.25
20939,84.9
20940,82.31666666666666
20941,88.33333333333333
20942,100.08333333333333
20943,99.01666666666667
20944,109.8
20945,67.83333333333333
20946,86.06666666666666
20947,86.1
20948,91.3
20949,107.3
20950,112.26666666666667
20951,111.08333333333333
20952,77.38333333333334
20953,95.05
20954,101.26666666666667
20955,92.85
20956,103.06666666666666
20957,107.83333333333333
20958,103.73333333333333
20959,71.25
20960,82.86666666666666
20961,88.63333333333334
20962,93.41666666666667
20963,113.26666666666667
20964,106.08333333333333
20965,114.26666666666667
20966,76.23333333333333
20967,91.76666666666667
20968,100.65
20969,111.28333333333333
20970,114.15
20971,108.36666666666666
20972,108.9
20973,83.25
20974,91.23333333333333
20975,100.88333333333334
20976,109.18333333333334
20977,109.86666666666666
20978,113.78333333333333
20979,124.1
20980,79.7
20981,96.53333333333333
20982,101.88333333333334
20983,106.86666666666666
20984,112.98333333333333
20985,121.46666666666667
20986,120.91666666666667
20987,80.68333333333334
20988,100.68333333333334
20989,105.95
20990,101.18333333333334
20991,111.51666666666667
20992,123.16666666666667
20993,125.66666666666667
20994,82.85
20995,105.8
20996,107.35
20997,115.41666666666667
20998,120.16666666666667
20999,123.88333333333334
21000,116.66666666666667
21001,84.36666666666666
21002,103.35
21003,109.56666666666666
21004,115.31666666666666
21005,116.41666666666667
21006,139.7
21007,155.11666666666667
21008,96.75
21009,114.36666666666666
21010,112.95
21011,118.7
21012,125.16666666666667
21013,125.06666666666666
21014,131.98333333333332
21015,83.0
21016,109.78333333333333
21017,112.0
21018,121.76666666666667
21019,130.55
21020,132.6
21021,125.15
21022,83.76666666666667
21023,106.66666666666667
21024,114.31666666666666
21025,119.98333333333333
21026,116.9
21027,120.5
21028,125.18333333333334
21029,83.5
21030,96.46666666666667
21031,102.96666666666667
21032,97.46666666666667
21033,113.05
21034,119.36666666666666
21035,112.6
21036,73.75
21037,84.93333333333334
21038,93.68333333333334
21039,91.76666666666667
21040,101.7
21041,108.7
21042,108.96666666666667
21043,73.71666666666667
21044,88.06666666666666
21045,93.46666666666667
21046,90.85
21047,100.23333333333333
21048,107.41666666666667
21049,111.86666666666666
21050,75.88333333333334
21051,89.2
21052,92.03333333333333
21053,106.28333333333333
21054,103.66666666666667
21055,109.31666666666666
21056,108.36666666666666
21057,76.81666666666666
21058,90.88333333333334
21059,93.95
21060,93.45
21061,99.05
21062,111.41666666666667
21063,111.46666666666667
21064,72.65
21065,91.35
21066,93.1
21067,91.05
21068,101.81666666666666
21069,107.93333333333334
21070,107.25
21071,76.23333333333333
21072,89.83333333333333
21073,102.73333333333333
21074,86.98333333333333
21075,108.98333333333333
21076,102.73333333333333
21077,106.65
21078,69.61666666666666
21079,84.83333333333333
21080,95.76666666666667
21081,99.56666666666666
21082,93.33333333333333
21083,101.65
21084,102.46666666666667
21085,65.85
21086,80.66666666666667
21087,89.85
21088,91.48333333333333
21089,108.65
21090,107.83333333333333
21091,106.33333333333333
21092,71.93333333333334
21093,86.83333333333333
21094,95.48333333333333
21095,93.18333333333334
21096,93.11666666666666
21097,97.68333333333334
21098,100.55
21099,62.4
21100,82.01666666666667
21101,84.48333333333333
21102,91.11666666666666
21103,104.9
21104,101.91666666666667
21105,100.83333333333333
21106,69.86666666666666
21107,80.85
21108,85.1
21109,92.9
21110,89.03333333333333
21111,95.18333333333334
21112,89.91666666666667
21113,62.56666666666667
21114,66.78333333333333
21115,73.38333333333334
21116,78.18333333333334
21117,96.03333333333333
21118,85.9
21119,96.16666666666667
21120,60.75
21121,78.03333333333333
21122,88.6
21123,94.56666666666666
21124,94.81666666666666
21125,106.28333333333333
21126,112.6
21127,72.36666666666666
21128,82.85
21129,90.26666666666667
21130,105.88333333333334
21131,101.68333333333334
21132,97.25
21133,97.93333333333334
21134,69.43333333333334
21135,85.45
21136,89.81666666666666
21137,89.81666666666666
21138,93.21666666666667
21139,102.3
21140,108.46666666666667
21141,65.13333333333334
21142,83.53333333333333
21143,87.91666666666667
21144,85.73333333333333
21145,97.26666666666667
21146,101.43333333333334
21147,99.41666666666667
21148,62.71666666666667
21149,85.91666666666667
21150,94.31666666666666
21151,104.18333333333334
21152,101.2
21153,105.85
21154,104.71666666666667
21155,70.21666666666667
21156,74.56666666666666
21157,84.4
21158,91.85
21159,87.65
21160,81.15
21161,84.35
21162,53.43333333333333
21163,59.983333333333334
21164,63.43333333333333
21165,70.95
21166,75.25
21167,79.36666666666666
21168,74.28333333333333
21169,53.1
21170,63.25
21171,70.28333333333333
21172,68.5
21173,67.61666666666666
21174,73.68333333333334
21175,71.03333333333333
21176,54.81666666666667
21177,60.65
21178,68.25
21179,69.36666666666666
21180,74.18333333333334
21181,72.96666666666667
21182,77.7
21183,51.0
21184,61.25
21185,66.75
21186,71.6
21187,62.766666666666666
21188,62.93333333333333
21189,64.86666666666666
21190,44.166666666666664
21191,57.38333333333333
21192,68.85
21193,63.583333333333336
21194,67.8
21195,75.15
21196,75.75
21197,51.63333333333333
21198,57.06666666666667
21199,63.9
21200,72.9
21201,71.05
21202,74.38333333333334
21203,82.08333333333333
21204,52.05
21205,64.55
21206,68.65
21207,74.58333333333333
21208,70.9
21209,72.58333333333333
21210,74.53333333333333
21211,53.38333333333333
21212,59.2
21213,62.35
21214,64.65
21215,70.91666666666667
21216,72.23333333333333
21217,75.16666666666667
21218,51.93333333333333
21219,71.61666666666666
21220,68.81666666666666
21221,75.73333333333333
21222,83.06666666666666
21223,88.08333333333333
21224,78.78333333333333
21225,55.68333333333333
21226,72.45
21227,75.41666666666667
21228,82.36666666666666
21229,91.61666666666666
21230,89.4
21231,78.23333333333333
21232,56.733333333333334
21233,69.41666666666667
21234,69.7
21235,79.91666666666667
21236,75.2
21237,77.8
21238,73.6
21239,51.95
21240,62.1
21241,64.63333333333334
21242,65.46666666666667
21243,72.85
21244,78.6
21245,86.05
21246,55.21666666666667
21247,72.9
21248,79.55
21249,91.43333333333334
21250,92.25
21251,92.01666666666667
21252,95.65
21253,64.75
21254,82.41666666666667
21255,82.71666666666667
21256,83.55
21257,94.13333333333334
21258,93.25
21259,92.91666666666667
21260,63.03333333333333
21261,76.11666666666666
21262,84.0
21263,86.91666666666667
21264,90.98333333333333
21265,97.75
21266,107.16666666666667
21267,63.56666666666667
21268,83.33333333333333
21269,83.48333333333333
21270,85.76666666666667
21271,97.53333333333333
21272,95.81666666666666
21273,96.15
21274,64.13333333333334
21275,77.21666666666667
21276,78.66666666666667
21277,87.15
21278,104.5
21279,113.6
21280,103.85
21281,69.0
21282,86.78333333333333
21283,93.13333333333334
21284,95.25
21285,105.58333333333333
21286,133.48333333333332
21287,103.05
21288,71.01666666666667
21289,93.55
21290,97.9
21291,100.06666666666666
21292,111.6
21293,113.06666666666666
21294,110.8
21295,74.0
21296,88.31666666666666
21297,94.21666666666667
21298,109.68333333333334
21299,113.71666666666667
21300,105.55
21301,121.91666666666667
21302,75.75
21303,104.38333333333334
21304,97.96666666666667
21305,98.95
21306,108.68333333333334
21307,108.35
21308,119.13333333333334
21309,78.93333333333334
21310,95.61666666666666
21311,99.08333333333333
21312,97.81666666666666
21313,120.75
21314,118.95
21315,123.2
21316,78.2
21317,94.66666666666667
21318,106.18333333333334
21319,118.68333333333334
21320,112.13333333333334
21321,128.28333333333333
21322,123.16666666666667
21323,87.73333333333333
21324,100.76666666666667
21325,115.56666666666666
21326,115.91666666666667
21327,120.86666666666666
21328,116.48333333333333
21329,118.43333333333334
21330,79.7
21331,97.88333333333334
21332,102.25
21333,120.3
21334,119.03333333333333
21335,121.8
21336,122.8
21337,90.0
21338,100.28333333333333
21339,102.83333333333333
21340,119.6
21341,112.66666666666667
21342,125.05
21343,145.81666666666666
21344,83.96666666666667
21345,107.28333333333333
21346,107.2
21347,117.53333333333333
21348,130.68333333333334
21349,127.38333333333334
21350,123.33333333333333
21351,85.08333333333333
21352,103.76666666666667
21353,110.76666666666667
21354,119.61666666666666
21355,122.51666666666667
21356,133.8
21357,128.98333333333332
21358,86.15
21359,108.18333333333334
21360,111.58333333333333
21361,112.23333333333333
21362,126.33333333333333
21363,128.86666666666667
21364,129.55
21365,83.78333333333333
21366,104.4
21367,117.76666666666667
21368,115.9
21369,112.9
21370,133.03333333333333
21371,120.15
21372,85.7
21373,102.83333333333333
21374,105.28333333333333
21375,114.76666666666667
21376,123.01666666666667
21377,122.05
21378,123.98333333333333
21379,88.31666666666666
21380,108.56666666666666
21381,115.0
21382,115.53333333333333
21383,126.2
21384,132.76666666666668
21385,137.45
21386,89.3
21387,114.35
21388,110.8
21389,132.55
21390,142.41666666666666
21391,144.48333333333332
21392,142.63333333333333
21393,98.16666666666667
21394,116.61666666666666
21395,120.41666666666667
21396,132.53333333333333
21397,134.28333333333333
21398,148.15
21399,156.83333333333334
21400,90.78333333333333
21401,106.68333333333334
21402,110.53333333333333
21403,121.4
21404,127.08333333333333
21405,119.7
21406,125.05
21407,79.75
21408,91.11666666666666
21409,107.36666666666666
21410,118.05
21411,115.25
21412,123.15
21413,109.06666666666666
21414,77.98333333333333
21415,93.21666666666667
21416,97.43333333333334
21417,100.6
21418,121.45
21419,125.06666666666666
21420,125.68333333333334
21421,84.76666666666667
21422,98.45
21423,114.46666666666667
21424,118.81666666666666
21425,113.83333333333333
21426,120.71666666666667
21427,120.0
21428,77.96666666666667
21429,102.2
21430,99.8
21431,117.43333333333334
21432,111.08333333333333
21433,115.5
21434,107.05
21435,76.66666666666667
21436,88.1
21437,92.38333333333334
21438,99.81666666666666
21439,99.91666666666667
21440,100.05
21441,114.11666666666666
21442,72.21666666666667
21443,94.06666666666666
21444,94.11666666666666
21445,93.23333333333333
21446,103.9
21447,109.6
21448,112.7
21449,71.61666666666666
21450,88.63333333333334
21451,96.03333333333333
21452,94.98333333333333
21453,100.63333333333334
21454,107.56666666666666
21455,112.8
21456,74.05
21457,88.75
21458,93.93333333333334
21459,106.71666666666667
21460,108.35
21461,108.96666666666667
21462,111.11666666666666
21463,76.6
21464,93.75
21465,98.56666666666666
21466,103.6
21467,96.91666666666667
21468,104.88333333333334
21469,108.98333333333333
21470,72.53333333333333
21471,83.73333333333333
21472,89.51666666666667
21473,84.01666666666667
21474,94.08333333333333
21475,104.15
21476,96.13333333333334
21477,69.43333333333334
21478,87.51666666666667
21479,91.86666666666666
21480,90.03333333333333
21481,106.31666666666666
21482,111.05
21483,101.4
21484,75.38333333333334
21485,90.58333333333333
21486,92.8
21487,88.38333333333334
21488,95.68333333333334
21489,105.2
21490,103.78333333333333
21491,71.4
21492,86.35
21493,93.51666666666667
21494,99.28333333333333
21495,105.13333333333334
21496,106.98333333333333
21497,111.48333333333333
21498,74.46666666666667
21499,92.8
21500,95.71666666666667
21501,96.93333333333334
21502,109.18333333333334
21503,115.98333333333333
21504,120.01666666666667
21505,76.98333333333333
21506,95.85
21507,103.35
21508,116.33333333333333
21509,118.86666666666666
21510,116.36666666666666
21511,113.78333333333333
21512,77.73333333333333
21513,95.93333333333334
21514,96.01666666666667
21515,108.78333333333333
21516,103.78333333333333
21517,117.76666666666667
21518,118.21666666666667
21519,77.1
21520,98.71666666666667
21521,101.85
21522,90.63333333333334
21523,80.8
21524,88.88333333333334
21525,83.71666666666667
21526,53.15
21527,62.88333333333333
21528,64.48333333333333
21529,64.58333333333333
21530,79.3
21531,75.66666666666667
21532,80.36666666666666
21533,52.88333333333333
21534,65.65
21535,67.38333333333334
21536,72.85
21537,83.05
21538,84.48333333333333
21539,84.73333333333333
21540,58.416666666666664
21541,70.1
21542,66.18333333333334
21543,66.01666666666667
21544,78.41666666666667
21545,82.08333333333333
21546,81.7
21547,54.06666666666667
21548,65.33333333333333
21549,67.48333333333333
21550,67.96666666666667
21551,71.26666666666667
21552,74.56666666666666
21553,79.18333333333334
21554,55.53333333333333
21555,66.51666666666667
21556,69.55
21557,73.53333333333333
21558,70.21666666666667
21559,81.61666666666666
21560,80.05
21561,48.85
21562,62.71666666666667
21563,67.76666666666667
21564,71.71666666666667
21565,59.5
21566,69.86666666666666
21567,71.9
21568,50.583333333333336
21569,57.3
21570,61.833333333333336
21571,74.08333333333333
21572,77.81666666666666
21573,81.48333333333333
21574,82.98333333333333
21575,56.483333333333334
21576,67.76666666666667
21577,66.48333333333333
21578,77.25
21579,73.9
21580,74.03333333333333
21581,78.23333333333333
21582,50.46666666666667
21583,65.93333333333334
21584,72.31666666666666
21585,71.78333333333333
21586,99.78333333333333
21587,80.65
21588,88.08333333333333
21589,60.733333333333334
21590,71.93333333333334
21591,76.51666666666667
21592,84.43333333333334
21593,77.46666666666667
21594,84.88333333333334
21595,84.06666666666666
21596,57.766666666666666
21597,66.1
21598,73.28333333333333
21599,82.16666666666667
21600,81.8
21601,88.66666666666667
21602,89.28333333333333
21603,65.76666666666667
21604,68.55
21605,72.45
21606,69.8
21607,79.83333333333333
21608,83.36666666666666
21609,87.85
21610,54.516666666666666
21611,66.08333333333333
21612,77.4
21613,85.15
21614,89.9
21615,90.93333333333334
21616,99.81666666666666
21617,65.9
21618,81.55
21619,86.31666666666666
21620,92.46666666666667
21621,92.88333333333334
21622,98.4
21623,100.23333333333333
21624,65.26666666666667
21625,78.93333333333334
21626,88.71666666666667
21627,84.9
21628,82.66666666666667
21629,89.5
21630,97.5
21631,67.41666666666667
21632,84.5
21633,83.1
21634,85.26666666666667
21635,94.6
21636,94.46666666666667
21637,91.3
21638,66.96666666666667
21639,78.83333333333333
21640,82.63333333333334
21641,85.56666666666666
21642,96.55
21643,100.65
21644,106.18333333333334
21645,73.56666666666666
21646,88.45
21647,91.15
21648,107.53333333333333
21649,103.03333333333333
21650,109.65
21651,108.95
21652,73.65
21653,91.1
21654,97.21666666666667
21655,111.11666666666666
21656,104.31666666666666
21657,102.13333333333334
21658,121.28333333333333
21659,80.15
21660,91.38333333333334
21661,103.75
21662,111.43333333333334
21663,106.88333333333334
21664,112.46666666666667
21665,114.46666666666667
21666,79.6
21667,90.76666666666667
21668,101.46666666666667
21669,104.36666666666666
21670,120.15
21671,130.7
21672,123.11666666666666
21673,89.86666666666666
21674,103.93333333333334
21675,106.41666666666667
21676,123.65
21677,127.4
21678,115.26666666666667
21679,129.88333333333333
21680,88.9
21681,106.5
21682,105.31666666666666
21683,119.23333333333333
21684,123.15
21685,123.13333333333334
21686,122.75
21687,85.13333333333334
21688,101.16666666666667
21689,105.71666666666667
21690,118.45
21691,128.8
21692,146.9
21693,132.01666666666668
21694,85.58333333333333
21695,107.61666666666666
21696,108.51666666666667
21697,117.6
21698,123.01666666666667
21699,122.83333333333333
21700,125.15
21701,80.28333333333333
21702,100.55
21703,112.43333333333334
21704,123.78333333333333
21705,123.73333333333333
21706,124.98333333333333
21707,130.38333333333333
21708,86.88333333333334
21709,117.76666666666667
21710,112.96666666666667
21711,112.93333333333334
21712,114.95
21713,129.78333333333333
21714,125.96666666666667
21715,83.23333333333333
21716,99.31666666666666
21717,104.66666666666667
21718,114.1
21719,121.88333333333334
21720,126.73333333333333
21721,124.33333333333333
21722,83.65
21723,101.2
21724,104.83333333333333
21725,104.55
21726,115.45
21727,125.53333333333333
21728,122.91666666666667
21729,80.65
21730,102.15
21731,103.13333333333334
21732,118.81666666666666
21733,141.66666666666666
21734,132.68333333333334
21735,138.01666666666668
21736,94.03333333333333
21737,108.65
21738,116.98333333333333
21739,126.41666666666667
21740,119.36666666666666
21741,130.45
21742,133.08333333333334
21743,84.78333333333333
21744,105.73333333333333
21745,114.4
21746,120.01666666666667
21747,128.85
21748,153.81666666666666
21749,140.3
21750,91.68333333333334
21751,119.0
21752,123.03333333333333
21753,132.88333333333333
21754,137.26666666666668
21755,139.51666666666668
21756,158.03333333333333
21757,99.61666666666666
21758,115.1
21759,119.13333333333334
21760,134.81666666666666
21761,136.13333333333333
21762,139.81666666666666
21763,145.91666666666666
21764,93.75
21765,108.43333333333334
21766,111.55
21767,126.2
21768,127.2
21769,125.8
21770,126.63333333333334
21771,86.4
21772,105.48333333333333
21773,109.18333333333334
21774,110.85
21775,122.66666666666667
21776,125.16666666666667
21777,122.15
21778,86.93333333333334
21779,99.11666666666666
21780,107.2
21781,123.31666666666666
21782,114.18333333333334
21783,131.16666666666666
21784,143.73333333333332
21785,84.73333333333333
21786,100.2
21787,104.86666666666666
21788,119.1
21789,121.26666666666667
21790,129.05
21791,117.98333333333333
21792,83.15
21793,98.65
21794,112.63333333333334
21795,134.5
21796,114.15
21797,128.31666666666666
21798,129.01666666666668
21799,83.66666666666667
21800,107.51666666666667
21801,103.23333333333333
21802,105.03333333333333
21803,121.55
21804,124.13333333333334
21805,119.28333333333333
21806,80.28333333333333
21807,97.58333333333333
21808,113.1
21809,108.25
21810,115.65
21811,120.43333333333334
21812,121.1
21813,79.18333333333334
21814,99.03333333333333
21815,105.65
21816,103.25
21817,110.6
21818,122.6
21819,123.05
21820,80.85
21821,92.7
21822,106.8
21823,123.5
21824,121.01666666666667
21825,115.6
21826,118.23333333333333
21827,78.55
21828,89.18333333333334
21829,85.13333333333334
21830,87.51666666666667
21831,107.58333333333333
21832,105.6
21833,112.6
21834,76.55
21835,98.06666666666666
21836,98.53333333333333
21837,112.23333333333333
21838,108.41666666666667
21839,111.36666666666666
21840,111.51666666666667
21841,76.3
21842,94.65
21843,95.8
21844,89.35
21845,97.11666666666666
21846,107.36666666666666
21847,112.16666666666667
21848,69.5
21849,90.05
21850,98.26666666666667
21851,95.96666666666667
21852,106.08333333333333
21853,102.75
21854,106.61666666666666
21855,71.9
21856,91.06666666666666
21857,95.58333333333333
21858,101.96666666666667
21859,108.35
21860,107.56666666666666
21861,109.5
21862,73.81666666666666
21863,99.65
21864,93.36666666666666
21865,112.38333333333334
21866,107.76666666666667
21867,119.56666666666666
21868,118.9
21869,83.68333333333334
21870,102.53333333333333
21871,115.75
21872,102.73333333333333
21873,107.1
21874,122.48333333333333
21875,115.48333333333333
21876,75.43333333333334
21877,95.95
21878,88.15
21879,99.38333333333334
21880,108.23333333333333
21881,118.11666666666666
21882,111.1
21883,77.66666666666667
21884,96.05
21885,94.36666666666666
21886,99.03333333333333
21887,101.76666666666667
21888,95.1
21889,97.35
21890,69.31666666666666
21891,79.58333333333333
21892,80.76666666666667
21893,92.28333333333333
21894,86.91666666666667
21895,87.7
21896,82.9
21897,57.766666666666666
21898,70.61666666666666
21899,76.7
21900,81.18333333333334
21901,87.46666666666667
21902,90.2
21903,90.15
21904,59.4
21905,73.25
21906,82.58333333333333
21907,79.9
21908,78.55
21909,87.46666666666667
21910,85.28333333333333
21911,60.55
21912,70.7
21913,72.23333333333333
21914,65.13333333333334
21915,83.38333333333334
21916,86.9
21917,89.55
21918,44.25
21919,5.183333333333334
21920,5.183333333333334
21921,4.85
21922,5.116666666666666
21923,6.666666666666667
21924,6.716666666666667
21925,5.233333333333333
21926,4.716666666666667
21927,4.666666666666667
21928,3.9833333333333334
21929,3.966666666666667
21930,6.3
21931,6.533333333333333
21932,5.233333333333333
21933,4.55
21934,4.533333333333333
21935,3.65
21936,3.816666666666667
21937,6.566666666666666
21938,7.016666666666667
21939,5.233333333333333
21940,4.983333333333333
21941,5.1
21942,4.116666666666666
21943,4.4
21944,7.05
21945,7.066666666666666
21946,5.383333333333334
21947,5.266666666666667
21948,5.466666666666667
21949,4.35
21950,4.616666666666666
21951,6.666666666666667
21952,6.716666666666667
21953,5.25
21954,4.916666666666667
21955,4.866666666666666
21956,4.05
21957,4.466666666666667
21958,6.783333333333333
21959,6.633333333333334
21960,5.25
21961,4.766666666666667
21962,4.716666666666667
21963,3.7666666666666666
21964,4.1
21965,6.816666666666666
21966,6.616666666666666
21967,5.3
21968,4.8
21969,4.933333333333334
21970,3.95
21971,4.233333333333333
21972,7.116666666666666
21973,6.933333333333334
21974,5.4
21975,5.05
21976,5.483333333333333
21977,4.35
21978,4.616666666666666
21979,6.7
21980,6.816666666666666
21981,5.283333333333333
21982,4.85
21983,4.883333333333334
21984,4.05
21985,4.466666666666667
21986,6.816666666666666
21987,6.733333333333333
21988,5.25
21989,4.7
21990,4.733333333333333
21991,3.7666666666666666
21992,4.1
21993,6.816666666666666
21994,6.616666666666666
21995,5.3
21996,4.816666666666666
21997,4.95
21998,3.95
21999,4.233333333333333
22000,7.116666666666666
22001,6.933333333333334
22002,5.4
22003,5.05
22004,5.483333333333333
22005,4.3
22006,4.583333333333333
22007,7.233333333333333
22008,3.9
22009,21.8
22010,21.0
22011,15.783333333333333
22012,20.283333333333335
22013,26.516666666666666
22014,24.483333333333334
22015,23.75
22016,27.333333333333332
22017,32.36666666666667
22018,31.033333333333335
22019,30.333333333333332
22020,30.0
22021,19.7
22022,24.2
22023,22.416666666666668
22024,26.233333333333334
22025,22.7
22026,26.35
22027,23.183333333333334
22028,18.966666666666665
22029,22.95
22030,20.283333333333335
22031,27.066666666666666
22032,26.433333333333334
22033,26.533333333333335
22034,25.45
22035,19.45
22036,26.4
22037,26.983333333333334
22038,30.783333333333335
22039,31.783333333333335
22040,35.03333333333333
22041,31.95
22042,26.916666666666668
22043,27.533333333333335
22044,25.5
22045,30.133333333333333
22046,28.9
22047,30.216666666666665
22048,29.733333333333334
22049,21.383333333333333
22050,28.533333333333335
22051,26.95
22052,34.93333333333333
22053,33.53333333333333
22054,35.35
22055,34.25
22056,26.583333333333332
22057,25.95
22058,28.816666666666666
22059,31.15
22060,27.8
22061,30.816666666666666
22062,30.983333333333334
22063,24.933333333333334
22064,27.0
22065,24.616666666666667
22066,28.066666666666666
22067,32.28333333333333
22068,33.85
22069,35.15
22070,28.783333333333335
22071,29.916666666666668
22072,34.75
22073,41.1
22074,32.95
22075,43.61666666666667
22076,45.53333333333333
22077,27.2
22078,35.483333333333334
22079,37.0
22080,35.86666666666667
22081,41.63333333333333
22082,40.833333333333336
22083,41.13333333333333
22084,34.9
22085,35.95
22086,32.4
22087,38.85
22088,35.483333333333334
22089,40.11666666666667
22090,43.416666666666664
22091,30.966666666666665
22092,31.133333333333333
22093,35.38333333333333
22094,32.766666666666666
22095,39.483333333333334
22096,40.3
22097,38.55
22098,26.5
22099,36.7
22100,41.78333333333333
22101,49.766666666666666
22102,42.11666666666667
22103,44.43333333333333
22104,50.95
22105,34.5
22106,39.53333333333333
22107,38.93333333333333
22108,43.2
22109,42.81666666666667
22110,42.28333333333333
22111,44.56666666666667
22112,31.816666666666666
22113,36.61666666666667
22114,41.516666666666666
22115,44.233333333333334
22116,44.11666666666667
22117,48.75
22118,52.85
22119,36.71666666666667
22120,38.36666666666667
22121,42.11666666666667
22122,46.9
22123,46.516666666666666
22124,45.416666666666664
22125,45.916666666666664
22126,33.583333333333336
22127,38.583333333333336
22128,47.61666666666667
22129,47.68333333333333
22130,48.71666666666667
22131,54.3
22132,56.416666666666664
22133,35.416666666666664
22134,42.78333333333333
22135,49.56666666666667
22136,53.2
22137,60.166666666666664
22138,50.65
22139,54.083333333333336
22140,42.583333333333336
22141,47.0
22142,46.63333333333333
22143,49.35
22144,45.766666666666666
22145,51.25
22146,47.35
22147,40.483333333333334
22148,43.333333333333336
22149,43.43333333333333
22150,40.68333333333333
22151,49.983333333333334
22152,51.75
22153,54.15
22154,32.36666666666667
22155,40.53333333333333
22156,42.333333333333336
22157,40.483333333333334
22158,51.5
22159,51.46666666666667
22160,57.21666666666667
22161,39.9
22162,53.666666666666664
22163,53.78333333333333
22164,52.7
22165,48.25
22166,48.38333333333333
22167,56.833333333333336
22168,35.56666666666667
22169,44.583333333333336
22170,47.9
22171,54.4
22172,55.4
22173,54.13333333333333
22174,57.31666666666667
22175,42.45
22176,45.56666666666667
22177,45.5
22178,40.28333333333333
22179,45.95
22180,51.78333333333333
22181,56.03333333333333
22182,33.75
22183,44.15
22184,48.36666666666667
22185,47.05
22186,53.733333333333334
22187,56.983333333333334
22188,53.55
22189,36.416666666666664
22190,44.85
22191,49.583333333333336
22192,49.15
22193,48.266666666666666
22194,58.78333333333333
22195,58.18333333333333
22196,38.6
22197,45.766666666666666
22198,48.85
22199,44.65
22200,54.85
22201,56.28333333333333
22202,55.06666666666667
22203,41.35
22204,45.15
22205,54.45
22206,60.083333333333336
22207,61.18333333333333
22208,55.71666666666667
22209,62.45
22210,37.71666666666667
22211,51.93333333333333
22212,53.78333333333333
22213,61.71666666666667
22214,63.233333333333334
22215,63.03333333333333
22216,64.48333333333333
22217,45.583333333333336
22218,54.31666666666667
22219,52.6
22220,57.583333333333336
22221,53.166666666666664
22222,50.766666666666666
22223,51.05
22224,43.05
22225,46.733333333333334
22226,49.233333333333334
22227,55.96666666666667
22228,49.7
22229,56.85
22230,52.6
22231,37.1
22232,44.61666666666667
22233,44.88333333333333
22234,52.56666666666667
22235,54.983333333333334
22236,54.25
22237,55.55
22238,34.96666666666667
22239,44.2
22240,49.9
22241,49.61666666666667
22242,52.11666666666667
22243,56.666666666666664
22244,55.95
22245,41.983333333333334
22246,44.9
22247,46.4
22248,48.86666666666667
22249,48.55
22250,50.31666666666667
22251,50.55
22252,37.733333333333334
22253,34.55
22254,39.13333333333333
22255,44.8
22256,45.766666666666666
22257,48.4
22258,48.11666666666667
22259,31.9
22260,41.75
22261,39.06666666666667
22262,45.916666666666664
22263,49.15
22264,48.8
22265,49.2
22266,30.616666666666667
22267,36.916666666666664
22268,40.7
22269,47.25
22270,47.81666666666667
22271,50.31666666666667
22272,48.333333333333336
22273,30.266666666666666
22274,38.46666666666667
22275,38.75
22276,45.6
22277,47.21666666666667
22278,41.6
22279,49.916666666666664
22280,38.0
22281,40.5
22282,43.016666666666666
22283,40.53333333333333
22284,45.016666666666666
22285,43.166666666666664
22286,42.483333333333334
22287,29.983333333333334
22288,36.983333333333334
22289,38.65
22290,36.083333333333336
22291,44.483333333333334
22292,45.38333333333333
22293,41.86666666666667
22294,25.8
22295,34.63333333333333
22296,34.88333333333333
22297,39.45
22298,41.78333333333333
22299,39.68333333333333
22300,44.7
22301,29.166666666666668
22302,34.916666666666664
22303,40.583333333333336
22304,42.5
22305,42.0
22306,40.03333333333333
22307,40.18333333333333
22308,31.166666666666668
22309,35.95
22310,38.86666666666667
22311,40.016666666666666
22312,43.88333333333333
22313,48.56666666666667
22314,47.95
22315,38.38333333333333
22316,37.86666666666667
22317,44.81666666666667
22318,41.38333333333333
22319,47.61666666666667
22320,49.483333333333334
22321,48.833333333333336
22322,38.166666666666664
22323,41.2
22324,45.11666666666667
22325,46.8
22326,43.9
22327,46.5
22328,48.15
22329,31.016666666666666
22330,40.2
22331,40.233333333333334
22332,41.916666666666664
22333,44.266666666666666
22334,49.78333333333333
22335,50.666666666666664
22336,30.566666666666666
22337,40.9
22338,45.75
22339,45.5
22340,45.15
22341,47.6
22342,41.03333333333333
22343,31.85
22344,31.916666666666668
22345,31.0
22346,35.46666666666667
22347,33.5
22348,34.6
22349,39.18333333333333
22350,26.616666666666667
22351,28.7
22352,36.1
22353,31.716666666666665
22354,36.983333333333334
22355,33.75
22356,33.2
22357,29.016666666666666
22358,25.616666666666667
22359,32.516666666666666
22360,32.53333333333333
22361,30.7
22362,31.533333333333335
22363,34.95
22364,20.983333333333334
22365,25.383333333333333
22366,28.116666666666667
22367,31.55
22368,34.3
22369,32.03333333333333
22370,34.11666666666667
22371,24.783333333333335
22372,30.116666666666667
22373,33.46666666666667
22374,32.28333333333333
22375,27.433333333333334
22376,29.033333333333335
22377,27.833333333333332
22378,23.866666666666667
22379,26.3
22380,27.9
22381,35.53333333333333
22382,33.766666666666666
22383,31.183333333333334
22384,32.03333333333333
22385,28.916666666666668
22386,29.233333333333334
22387,33.333333333333336
22388,35.733333333333334
22389,34.083333333333336
22390,37.1
22391,33.86666666666667
22392,26.883333333333333
22393,28.05
22394,25.783333333333335
22395,31.55
22396,32.25
22397,40.416666666666664
22398,33.3
22399,25.1
22400,28.516666666666666
22401,29.316666666666666
22402,36.416666666666664
22403,34.833333333333336
22404,42.333333333333336
22405,43.4
22406,30.4
22407,36.3
22408,37.86666666666667
22409,33.766666666666666
22410,36.96666666666667
22411,41.31666666666667
22412,40.333333333333336
22413,31.483333333333334
22414,33.4
22415,35.85
22416,37.18333333333333
22417,33.85
22418,39.31666666666667
22419,43.083333333333336
22420,26.733333333333334
22421,30.45
22422,31.983333333333334
22423,34.81666666666667
22424,40.43333333333333
22425,44.5
22426,40.35
22427,28.066666666666666
22428,35.266666666666666
22429,35.233333333333334
22430,37.266666666666666
22431,36.03333333333333
22432,42.916666666666664
22433,44.983333333333334
22434,29.75
22435,37.25
22436,38.15
22437,40.43333333333333
22438,47.983333333333334
22439,41.18333333333333
22440,48.65
22441,31.25
22442,36.75
22443,41.266666666666666
22444,42.18333333333333
22445,42.75
22446,52.21666666666667
22447,48.4
22448,31.216666666666665
22449,36.45
22450,41.05
22451,42.9
22452,42.833333333333336
22453,41.36666666666667
22454,44.75
22455,29.333333333333332
22456,38.46666666666667
22457,40.75
22458,45.416666666666664
22459,50.266666666666666
22460,47.03333333333333
22461,47.766666666666666
22462,36.63333333333333
22463,44.06666666666667
22464,45.25
22465,48.983333333333334
22466,56.083333333333336
22467,54.56666666666667
22468,60.13333333333333
22469,35.833333333333336
22470,45.81666666666667
22471,52.4
22472,51.93333333333333
22473,58.78333333333333
22474,54.81666666666667
22475,51.81666666666667
22476,37.05
22477,43.78333333333333
22478,51.93333333333333
22479,51.93333333333333
22480,49.666666666666664
22481,48.733333333333334
22482,55.333333333333336
22483,34.56666666666667
22484,42.6
22485,42.53333333333333
22486,46.56666666666667
22487,47.45
22488,52.166666666666664
22489,50.85
22490,32.983333333333334
22491,43.78333333333333
22492,45.96666666666667
22493,45.38333333333333
22494,56.45
22495,57.4
22496,60.7
22497,39.3
22498,46.36666666666667
22499,52.68333333333333
22500,56.43333333333333
22501,50.18333333333333
22502,55.15
22503,53.21666666666667
22504,37.983333333333334
22505,46.483333333333334
22506,49.61666666666667
22507,44.95
22508,56.03333333333333
22509,55.3
22510,62.233333333333334
22511,37.833333333333336
22512,47.2
22513,54.1
22514,53.55
22515,58.21666666666667
22516,61.31666666666667
22517,55.03333333333333
22518,41.81666666666667
22519,46.75
22520,50.4
22521,50.733333333333334
22522,50.36666666666667
22523,60.483333333333334
22524,65.6
22525,38.68333333333333
22526,49.4
22527,52.86666666666667
22528,46.96666666666667
22529,54.46666666666667
22530,65.81666666666666
22531,60.13333333333333
22532,41.25
22533,48.63333333333333
22534,54.81666666666667
22535,51.88333333333333
22536,62.333333333333336
22537,71.96666666666667
22538,62.65
22539,41.78333333333333
22540,52.25
22541,56.75
22542,61.68333333333333
22543,56.6
22544,55.78333333333333
22545,54.68333333333333
22546,43.06666666666667
22547,48.483333333333334
22548,47.7
22549,48.11666666666667
22550,58.61666666666667
22551,60.81666666666667
22552,68.5
22553,37.36666666666667
22554,53.88333333333333
22555,60.81666666666667
22556,64.76666666666667
22557,62.86666666666667
22558,72.3
22559,74.61666666666666
22560,46.63333333333333
22561,54.21666666666667
22562,60.31666666666667
22563,61.88333333333333
22564,63.2
22565,65.21666666666667
22566,64.71666666666667
22567,43.35
22568,52.61666666666667
22569,54.483333333333334
22570,65.9
22571,60.31666666666667
22572,65.93333333333334
22573,63.733333333333334
22574,44.71666666666667
22575,48.88333333333333
22576,58.95
22577,72.83333333333333
22578,54.483333333333334
22579,71.45
22580,72.33333333333333
22581,45.53333333333333
22582,56.2
22583,59.18333333333333
22584,58.5
22585,66.78333333333333
22586,58.766666666666666
22587,63.11666666666667
22588,42.81666666666667
22589,50.65
22590,53.766666666666666
22591,56.733333333333334
22592,53.7
22593,56.61666666666667
22594,58.53333333333333
22595,39.31666666666667
22596,44.25
22597,49.38333333333333
22598,56.88333333333333
22599,54.233333333333334
22600,58.083333333333336
22601,56.916666666666664
22602,40.55
22603,51.88333333333333
22604,50.85
22605,45.13333333333333
22606,55.083333333333336
22607,55.266666666666666
22608,56.56666666666667
22609,36.03333333333333
22610,46.35
22611,49.25
22612,57.333333333333336
22613,61.63333333333333
22614,56.416666666666664
22615,58.61666666666667
22616,37.53333333333333
22617,46.03333333333333
22618,55.6
22619,57.15
22620,54.0
22621,54.483333333333334
22622,56.6
22623,37.666666666666664
22624,48.416666666666664
22625,49.36666666666667
22626,39.7
22627,55.2
22628,55.88333333333333
22629,62.18333333333333
22630,39.416666666666664
22631,44.516666666666666
22632,49.583333333333336
22633,47.03333333333333
22634,55.766666666666666
22635,52.15
22636,50.266666666666666
22637,30.616666666666667
22638,42.516666666666666
22639,44.0
22640,49.88333333333333
22641,54.75
22642,54.06666666666667
22643,49.56666666666667
22644,32.81666666666667
22645,40.016666666666666
22646,43.38333333333333
22647,37.2
22648,49.8
22649,51.483333333333334
22650,50.6
22651,35.0
22652,40.18333333333333
22653,43.93333333333333
22654,48.333333333333336
22655,52.15
22656,48.21666666666667
22657,50.666666666666664
22658,39.18333333333333
22659,37.56666666666667
22660,41.9
22661,44.53333333333333
22662,50.53333333333333
22663,52.0
22664,58.916666666666664
22665,38.4
22666,44.63333333333333
22667,45.5
22668,44.65
22669,43.4
22670,45.71666666666667
22671,48.95
22672,27.1
22673,38.88333333333333
22674,47.71666666666667
22675,44.3
22676,47.63333333333333
22677,52.96666666666667
22678,49.86666666666667
22679,37.4
22680,40.25
22681,49.53333333333333
22682,56.71666666666667
22683,55.03333333333333
22684,57.75
22685,54.75
22686,36.05
22687,43.916666666666664
22688,47.21666666666667
22689,50.416666666666664
22690,44.53333333333333
22691,50.45
22692,55.516666666666666
22693,37.5
22694,44.38333333333333
22695,44.45
22696,55.11666666666667
22697,54.3
22698,57.71666666666667
22699,53.916666666666664
22700,37.8
22701,48.233333333333334
22702,46.333333333333336
22703,44.5
22704,47.95
22705,50.483333333333334
22706,49.05
22707,28.366666666666667
22708,31.75
22709,36.93333333333333
22710,38.75
22711,46.15
22712,44.85
22713,43.2
22714,30.183333333333334
22715,31.333333333333332
22716,34.333333333333336
22717,41.55
22718,36.4
22719,37.2
22720,34.93333333333333
22721,28.783333333333335
22722,30.55
22723,34.85
22724,31.766666666666666
22725,37.833333333333336
22726,33.68333333333333
22727,35.833333333333336
22728,29.716666666666665
22729,29.933333333333334
22730,28.616666666666667
22731,33.4
22732,34.416666666666664
22733,35.25
22734,38.083333333333336
22735,24.45
22736,32.11666666666667
22737,32.95
22738,32.63333333333333
22739,35.8
22740,36.05
22741,34.3
22742,26.9
22743,28.2
22744,32.833333333333336
22745,34.88333333333333
22746,36.2
22747,35.6
22748,39.13333333333333
22749,25.816666666666666
22750,32.35
22751,32.56666666666667
22752,35.6
22753,28.916666666666668
22754,36.28333333333333
22755,31.55
22756,23.033333333333335
22757,29.016666666666666
22758,30.9
22759,35.21666666666667
22760,39.68333333333333
22761,36.483333333333334
22762,37.11666666666667
22763,26.066666666666666
22764,32.45
22765,34.6
22766,37.88333333333333
22767,35.85
22768,44.13333333333333
22769,41.85
22770,29.083333333333332
22771,38.416666666666664
22772,37.1
22773,35.083333333333336
22774,37.516666666666666
22775,55.13333333333333
22776,53.8
22777,39.516666666666666
22778,38.53333333333333
22779,39.583333333333336
22780,36.05
22781,41.03333333333333
22782,36.25
22783,40.96666666666667
22784,30.383333333333333
22785,31.383333333333333
22786,41.916666666666664
22787,35.766666666666666
22788,35.96666666666667
22789,40.266666666666666
22790,44.71666666666667
22791,28.266666666666666
22792,31.583333333333332
22793,36.96666666666667
22794,30.15
22795,41.266666666666666
22796,42.2
22797,45.2
22798,33.36666666666667
22799,37.05
22800,40.15
22801,43.05
22802,48.81666666666667
22803,45.31666666666667
22804,47.9
22805,30.15
22806,40.95
22807,42.06666666666667
22808,46.583333333333336
22809,48.5
22810,69.46666666666667
22811,50.0
22812,35.31666666666667
22813,43.38333333333333
22814,45.35
22815,50.81666666666667
22816,44.63333333333333
22817,49.71666666666667
22818,51.06666666666667
22819,35.03333333333333
22820,40.85
22821,42.93333333333333
22822,42.46666666666667
22823,56.6
22824,46.733333333333334
22825,56.68333333333333
22826,32.68333333333333
22827,42.38333333333333
22828,47.36666666666667
22829,52.25
22830,49.5
22831,52.0
22832,51.86666666666667
22833,35.666666666666664
22834,43.483333333333334
22835,45.666666666666664
22836,42.916666666666664
22837,60.083333333333336
22838,57.733333333333334
22839,61.38333333333333
22840,40.166666666666664
22841,44.55
22842,51.71666666666667
22843,57.4
22844,54.166666666666664
22845,52.68333333333333
22846,55.11666666666667
22847,44.15
22848,42.75
22849,46.75
22850,52.36666666666667
22851,59.516666666666666
22852,62.95
22853,57.0
22854,37.71666666666667
22855,45.983333333333334
22856,50.88333333333333
22857,54.95
22858,47.36666666666667
22859,57.7
22860,64.91666666666667
22861,38.083333333333336
22862,49.916666666666664
22863,54.233333333333334
22864,52.9
22865,56.15
22866,56.833333333333336
22867,60.5
22868,37.666666666666664
22869,43.18333333333333
22870,47.733333333333334
22871,56.916666666666664
22872,53.983333333333334
22873,59.03333333333333
22874,64.86666666666666
22875,39.03333333333333
22876,53.583333333333336
22877,52.333333333333336
22878,48.61666666666667
22879,50.35
22880,57.21666666666667
22881,61.833333333333336
22882,36.8
22883,44.88333333333333
22884,53.31666666666667
22885,58.05
22886,50.53333333333333
22887,61.766666666666666
22888,58.36666666666667
22889,38.733333333333334
22890,54.766666666666666
22891,58.53333333333333
22892,54.78333333333333
22893,61.766666666666666
22894,68.56666666666666
22895,66.06666666666666
22896,46.55
22897,56.8
22898,62.85
22899,64.1
22900,55.61666666666667
22901,60.71666666666667
22902,67.0
22903,41.9
22904,56.36666666666667
22905,56.88333333333333
22906,60.733333333333334
22907,61.733333333333334
22908,66.56666666666666
22909,69.61666666666666
22910,43.78333333333333
22911,59.733333333333334
22912,58.56666666666667
22913,49.9
22914,63.68333333333333
22915,66.98333333333333
22916,66.11666666666666
22917,42.15
22918,54.18333333333333
22919,60.45
22920,67.71666666666667
22921,81.05
22922,74.03333333333333
22923,84.43333333333334
22924,51.3
22925,64.38333333333334
22926,62.25
22927,68.53333333333333
22928,64.43333333333334
22929,65.1
22930,66.53333333333333
22931,44.85
22932,52.166666666666664
22933,59.53333333333333
22934,72.01666666666667
22935,68.68333333333334
22936,69.31666666666666
22937,71.63333333333334
22938,50.833333333333336
22939,54.766666666666666
22940,64.3
22941,65.48333333333333
22942,69.38333333333334
22943,71.03333333333333
22944,68.38333333333334
22945,45.5
22946,54.03333333333333
22947,66.05
22948,59.61666666666667
22949,67.23333333333333
22950,71.96666666666667
22951,69.96666666666667
22952,48.766666666666666
22953,61.96666666666667
22954,59.35
22955,52.666666666666664
22956,66.96666666666667
22957,64.46666666666667
22958,67.51666666666667
22959,44.5
22960,48.38333333333333
22961,52.166666666666664
22962,55.5
22963,57.766666666666666
22964,58.75
22965,62.233333333333334
22966,41.38333333333333
22967,55.43333333333333
22968,54.78333333333333
22969,58.333333333333336
22970,57.63333333333333
22971,57.05
22972,61.25
22973,39.4
22974,46.18333333333333
22975,50.416666666666664
22976,50.483333333333334
22977,54.3
22978,68.15
22979,63.916666666666664
22980,42.333333333333336
22981,48.35
22982,54.65
22983,54.266666666666666
22984,58.3
22985,54.5
22986,61.483333333333334
22987,39.85
22988,45.11666666666667
22989,50.65
22990,46.36666666666667
22991,56.666666666666664
22992,54.13333333333333
22993,59.4
22994,40.5
22995,43.233333333333334
22996,48.8
22997,40.166666666666664
22998,51.71666666666667
22999,64.21666666666667
23000,59.333333333333336
23001,37.1
23002,50.733333333333334
23003,52.85
23004,45.85
23005,53.333333333333336
23006,61.233333333333334
23007,65.7
23008,35.85
23009,51.38333333333333
23010,53.46666666666667
23011,54.28333333333333
23012,54.31666666666667
23013,57.53333333333333
23014,57.2
23015,43.6
23016,44.61666666666667
23017,46.96666666666667
23018,46.2
23019,48.7
23020,53.75
23021,56.55
23022,38.86666666666667
23023,46.55
23024,50.05
23025,51.31666666666667
23026,55.71666666666667
23027,58.43333333333333
23028,54.483333333333334
23029,42.61666666666667
23030,46.516666666666666
23031,50.083333333333336
23032,55.233333333333334
23033,54.483333333333334
23034,63.46666666666667
23035,56.86666666666667
23036,44.333333333333336
23037,47.3
23038,47.733333333333334
23039,52.766666666666666
23040,44.3
23041,54.1
23042,53.61666666666667
23043,35.96666666666667
23044,43.8
23045,47.88333333333333
23046,47.31666666666667
23047,54.06666666666667
23048,67.65
23049,62.68333333333333
23050,46.85
23051,48.666666666666664
23052,53.85
23053,45.016666666666666
23054,45.516666666666666
23055,44.81666666666667
23056,63.266666666666666
23057,30.116666666666667
23058,47.56666666666667
23059,53.06666666666667
23060,48.36666666666667
23061,61.7
23062,51.93333333333333
23063,56.666666666666664
23064,38.25
23065,47.71666666666667
23066,52.43333333333333
23067,54.05
23068,52.916666666666664
23069,59.81666666666667
23070,58.266666666666666
23071,38.65
23072,49.53333333333333
23073,50.06666666666667
23074,43.083333333333336
23075,42.03333333333333
23076,45.3
23077,41.53333333333333
23078,30.266666666666666
23079,32.516666666666666
23080,31.716666666666665
23081,28.35
23082,38.516666666666666
23083,39.733333333333334
23084,41.9
23085,24.65
23086,34.68333333333333
23087,37.583333333333336
23088,42.81666666666667
23089,43.416666666666664
23090,45.55
23091,40.7
23092,33.18333333333333
23093,34.61666666666667
23094,32.766666666666666
23095,29.733333333333334
23096,36.4
23097,39.916666666666664
23098,42.1
23099,23.616666666666667
23100,35.71666666666667
23101,42.88333333333333
23102,44.93333333333333
23103,40.45
23104,45.21666666666667
23105,38.266666666666666
23106,34.25
23107,35.38333333333333
23108,39.766666666666666
23109,35.516666666666666
23110,33.35
23111,38.81666666666667
23112,39.11666666666667
23113,34.56666666666667
23114,32.25
23115,30.45
23116,30.25
23117,38.28333333333333
23118,40.53333333333333
23119,38.9
23120,30.483333333333334
23121,33.61666666666667
23122,34.81666666666667
23123,36.25
23124,44.06666666666667
23125,41.983333333333334
23126,41.93333333333333
23127,30.616666666666667
23128,35.56666666666667
23129,36.03333333333333
23130,35.266666666666666
23131,34.56666666666667
23132,37.266666666666666
23133,37.266666666666666
23134,29.65
23135,33.416666666666664
23136,40.1
23137,38.31666666666667
23138,41.56666666666667
23139,42.18333333333333
23140,48.75
23141,30.8
23142,36.666666666666664
23143,36.666666666666664
23144,40.93333333333333
23145,40.333333333333336
23146,43.78333333333333
23147,48.25
23148,28.1
23149,36.35
23150,42.78333333333333
23151,43.38333333333333
23152,47.05
23153,43.85
23154,46.333333333333336
23155,29.45
23156,37.25
23157,40.13333333333333
23158,40.63333333333333
23159,38.61666666666667
23160,42.56666666666667
23161,43.5
23162,33.1
23163,44.13333333333333
23164,39.61666666666667
23165,42.28333333333333
23166,53.516666666666666
23167,53.1
23168,54.983333333333334
23169,36.583333333333336
23170,43.95
23171,47.833333333333336
23172,53.06666666666667
23173,45.85
23174,54.71666666666667
23175,53.8
23176,33.03333333333333
23177,41.93333333333333
23178,44.28333333333333
23179,51.016666666666666
23180,53.6
23181,62.483333333333334
23182,61.333333333333336
23183,39.916666666666664
23184,51.46666666666667
23185,49.68333333333333
23186,48.516666666666666
23187,44.55
23188,52.75
23189,48.983333333333334
23190,34.833333333333336
23191,36.96666666666667
23192,39.916666666666664
23193,37.733333333333334
23194,51.35
23195,55.583333333333336
23196,56.2
23197,38.21666666666667
23198,47.6
23199,49.5
23200,54.233333333333334
23201,56.583333333333336
23202,54.61666666666667
23203,61.4
23204,39.9
23205,47.03333333333333
23206,48.63333333333333
23207,57.88333333333333
23208,51.0
23209,55.63333333333333
23210,58.28333333333333
23211,42.56666666666667
23212,49.68333333333333
23213,50.25
23214,65.78333333333333
23215,55.416666666666664
23216,62.25
23217,65.91666666666667
23218,43.06666666666667
23219,53.083333333333336
23220,52.86666666666667
23221,55.25
23222,58.166666666666664
23223,61.483333333333334
23224,62.416666666666664
23225,41.96666666666667
23226,51.416666666666664
23227,58.13333333333333
23228,65.66666666666667
23229,54.8
23230,63.88333333333333
23231,65.9
23232,45.46666666666667
23233,50.75
23234,53.483333333333334
23235,54.53333333333333
23236,55.7
23237,66.68333333333334
23238,61.55
23239,40.166666666666664
23240,49.93333333333333
23241,60.766666666666666
23242,67.36666666666666
23243,57.05
23244,67.08333333333333
23245,66.31666666666666
23246,43.9
23247,53.88333333333333
23248,60.31666666666667
23249,62.6
23250,62.43333333333333
23251,65.63333333333334
23252,64.2
23253,44.8
23254,47.43333333333333
23255,56.06666666666667
23256,53.583333333333336
23257,63.88333333333333
23258,63.31666666666667
23259,65.48333333333333
23260,40.63333333333333
23261,57.833333333333336
23262,59.93333333333333
23263,60.88333333333333
23264,53.85
23265,64.2
23266,63.266666666666666
23267,41.86666666666667
23268,52.166666666666664
23269,60.916666666666664
23270,71.45
23271,59.28333333333333
23272,69.48333333333333
23273,75.4
23274,47.6
23275,59.016666666666666
23276,58.766666666666666
23277,58.55
23278,72.96666666666667
23279,71.11666666666666
23280,67.18333333333334
23281,46.583333333333336
23282,54.733333333333334
23283,55.3
23284,67.25
23285,68.16666666666667
23286,69.11666666666666
23287,70.36666666666666
23288,52.766666666666666
23289,61.81666666666667
23290,67.05
23291,70.71666666666667
23292,65.8
23293,79.71666666666667
23294,75.78333333333333
23295,49.0
23296,61.86666666666667
23297,64.15
23298,66.63333333333334
23299,63.95
23300,78.71666666666667
23301,75.3
23302,50.06666666666667
23303,60.6
23304,66.08333333333333
23305,59.983333333333334
23306,61.1
23307,69.01666666666667
23308,66.61666666666666
23309,43.68333333333333
23310,57.3
23311,64.21666666666667
23312,70.15
23313,71.0
23314,79.93333333333334
23315,79.96666666666667
23316,49.733333333333334
23317,65.43333333333334
23318,64.63333333333334
23319,66.15
23320,58.35
23321,61.733333333333334
23322,58.9
23323,43.31666666666667
23324,50.0
23325,59.43333333333333
23326,48.85
23327,60.88333333333333
23328,77.0
23329,71.41666666666667
23330,51.05
23331,57.53333333333333
23332,59.56666666666667
23333,61.983333333333334
23334,68.66666666666667
23335,64.36666666666666
23336,71.35
23337,46.45
23338,51.266666666666666
23339,61.46666666666667
23340,62.21666666666667
23341,65.26666666666667
23342,58.666666666666664
23343,64.21666666666667
23344,44.166666666666664
23345,57.1
23346,55.2
23347,61.733333333333334
23348,61.25
23349,65.25
23350,65.9
23351,46.1
23352,53.11666666666667
23353,56.96666666666667
23354,55.46666666666667
23355,67.21666666666667
23356,64.35
23357,59.483333333333334
23358,43.95
23359,49.5
23360,60.416666666666664
23361,61.5
23362,60.416666666666664
23363,65.25
23364,69.43333333333334
23365,44.45
23366,49.93333333333333
23367,58.28333333333333
23368,57.06666666666667
23369,59.96666666666667
23370,62.5
23371,65.11666666666666
23372,41.31666666666667
23373,55.63333333333333
23374,58.56666666666667
23375,59.3
23376,52.55
23377,60.266666666666666
23378,63.6
23379,37.85
23380,53.05
23381,54.0
23382,48.5
23383,53.38333333333333
23384,55.516666666666666
23385,57.733333333333334
23386,40.65
23387,43.0
23388,48.03333333333333
23389,52.71666666666667
23390,59.06666666666667
23391,58.11666666666667
23392,60.28333333333333
23393,35.9
23394,50.13333333333333
23395,54.03333333333333
23396,58.38333333333333
23397,55.65
23398,60.266666666666666
23399,61.5
23400,35.5
23401,52.36666666666667
23402,50.583333333333336
23403,53.43333333333333
23404,45.13333333333333
23405,51.1
23406,49.416666666666664
23407,40.0
23408,36.55
23409,44.9
23410,50.63333333333333
23411,61.46666666666667
23412,56.7
23413,62.55
23414,41.46666666666667
23415,49.983333333333334
23416,53.733333333333334
23417,59.86666666666667
23418,53.65
23419,58.2
23420,60.0
23421,37.96666666666667
23422,46.833333333333336
23423,47.65
23424,45.35
23425,57.11666666666667
23426,61.31666666666667
23427,63.21666666666667
23428,41.6
23429,50.416666666666664
23430,54.71666666666667
23431,65.36666666666666
23432,64.96666666666667
23433,53.35
23434,65.65
23435,45.71666666666667
23436,51.7
23437,54.25
23438,50.083333333333336
23439,42.28333333333333
23440,45.75
23441,46.333333333333336
23442,37.766666666666666
23443,32.93333333333333
23444,34.016666666666666
23445,35.11666666666667
23446,40.71666666666667
23447,41.18333333333333
23448,42.733333333333334
23449,32.7
23450,36.05
23451,46.06666666666667
23452,34.516666666666666
23453,44.28333333333333
23454,46.5
23455,47.03333333333333
23456,33.733333333333334
23457,34.983333333333334
23458,38.18333333333333
23459,39.43333333333333
23460,46.1
23461,46.016666666666666
23462,42.18333333333333
23463,30.483333333333334
23464,36.516666666666666
23465,37.416666666666664
23466,41.666666666666664
23467,40.61666666666667
23468,45.21666666666667
23469,44.6
23470,33.81666666666667
23471,34.56666666666667
23472,36.81666666666667
23473,40.833333333333336
23474,38.95
23475,41.63333333333333
23476,39.666666666666664
23477,29.7
23478,35.68333333333333
23479,37.71666666666667
23480,40.95
23481,43.016666666666666
23482,42.96666666666667
23483,43.416666666666664
23484,31.133333333333333
23485,35.333333333333336
23486,37.05
23487,39.88333333333333
23488,39.766666666666666
23489,39.916666666666664
23490,40.833333333333336
23491,27.5
23492,36.666666666666664
23493,35.233333333333334
23494,32.68333333333333
23495,42.46666666666667
23496,43.733333333333334
23497,44.583333333333336
23498,36.483333333333334
23499,35.46666666666667
23500,38.766666666666666
23501,40.483333333333334
23502,37.43333333333333
23503,44.3
23504,50.916666666666664
23505,32.86666666666667
23506,47.666666666666664
23507,41.61666666666667
23508,39.93333333333333
23509,50.63333333333333
23510,45.45
23511,52.81666666666667
23512,34.016666666666666
23513,42.36666666666667
23514,40.833333333333336
23515,44.13333333333333
23516,41.916666666666664
23517,45.18333333333333
23518,42.4
23519,34.38333333333333
23520,37.583333333333336
23521,33.016666666666666
23522,35.28333333333333
23523,45.55
23524,47.53333333333333
23525,47.483333333333334
23526,29.4
23527,41.68333333333333
23528,46.46666666666667
23529,47.483333333333334
23530,51.766666666666666
23531,52.88333333333333
23532,49.916666666666664
23533,29.9
23534,42.5
23535,42.7
23536,47.8
23537,45.233333333333334
23538,64.93333333333334
23539,53.31666666666667
23540,38.983333333333334
23541,43.416666666666664
23542,51.95
23543,55.833333333333336
23544,47.4
23545,51.016666666666666
23546,50.46666666666667
23547,33.56666666666667
23548,42.11666666666667
23549,43.15
23550,41.46666666666667
23551,56.0
23552,54.75
23553,53.483333333333334
23554,38.483333333333334
23555,44.3
23556,49.35
23557,54.583333333333336
23558,52.166666666666664
23559,61.233333333333334
23560,62.166666666666664
23561,37.96666666666667
23562,47.75
23563,50.083333333333336
23564,50.71666666666667
23565,68.88333333333334
23566,75.43333333333334
23567,60.86666666666667
23568,42.8
23569,54.35
23570,53.05
23571,59.516666666666666
23572,60.4
23573,65.26666666666667
23574,61.28333333333333
23575,41.9
23576,51.46666666666667
23577,53.28333333333333
23578,59.43333333333333
23579,57.03333333333333
23580,58.516666666666666
23581,63.63333333333333
23582,39.81666666666667
23583,50.583333333333336
23584,52.78333333333333
23585,53.166666666666664
23586,58.416666666666664
23587,60.71666666666667
23588,62.5
23589,39.266666666666666
23590,55.583333333333336
23591,55.4
23592,59.416666666666664
23593,59.65
23594,67.91666666666667
23595,67.98333333333333
23596,47.55
23597,50.86666666666667
23598,56.45
23599,67.28333333333333
23600,67.2
23601,72.28333333333333
23602,70.3
23603,47.2
23604,61.31666666666667
23605,61.583333333333336
23606,65.7
23607,72.6
23608,72.83333333333333
23609,77.56666666666666
23610,46.25
23611,61.166666666666664
23612,60.75
23613,69.66666666666667
23614,60.85
23615,75.06666666666666
23616,70.58333333333333
23617,48.65
23618,56.68333333333333
23619,60.63333333333333
23620,53.916666666666664
23621,66.46666666666667
23622,72.41666666666667
23623,74.05
23624,47.56666666666667
23625,55.95
23626,60.36666666666667
23627,57.8
23628,76.66666666666667
23629,72.35
23630,81.6
23631,53.96666666666667
23632,56.166666666666664
23633,64.13333333333334
23634,73.25
23635,62.38333333333333
23636,72.33333333333333
23637,74.16666666666667
23638,49.833333333333336
23639,56.75
23640,64.41666666666667
23641,75.66666666666667
23642,75.91666666666667
23643,76.35
23644,76.16666666666667
23645,53.63333333333333
23646,61.9
23647,64.71666666666667
23648,70.88333333333334
23649,61.85
23650,62.333333333333336
23651,68.58333333333333
23652,44.21666666666667
23653,55.96666666666667
23654,63.233333333333334
23655,68.66666666666667
23656,74.28333333333333
23657,80.56666666666666
23658,82.9
23659,51.15
23660,65.13333333333334
23661,65.45
23662,64.35
23663,73.65
23664,76.1
23665,72.18333333333334
23666,50.61666666666667
23667,65.96666666666667
23668,63.61666666666667
23669,67.53333333333333
23670,71.26666666666667
23671,70.85
23672,78.05
23673,49.7
23674,59.4
23675,66.6
23676,69.76666666666667
23677,75.33333333333333
23678,77.3
23679,77.71666666666667
23680,51.333333333333336
23681,66.16666666666667
23682,61.983333333333334
23683,59.983333333333334
23684,67.26666666666667
23685,69.71666666666667
23686,73.85
23687,40.2
23688,54.61666666666667
23689,54.833333333333336
23690,66.13333333333334
23691,61.4
23692,66.05
23693,67.51666666666667
23694,42.85
23695,58.05
23696,58.3
23697,60.18333333333333
23698,67.81666666666666
23699,66.15
23700,65.73333333333333
23701,42.666666666666664
23702,60.266666666666666
23703,63.63333333333333
23704,65.21666666666667
23705,58.1
23706,70.08333333333333
23707,70.88333333333334
23708,48.083333333333336
23709,56.03333333333333
23710,60.5
23711,63.21666666666667
23712,67.53333333333333
23713,69.95
23714,72.61666666666666
23715,48.06666666666667
23716,52.15
23717,56.13333333333333
23718,62.766666666666666
23719,61.71666666666667
23720,59.416666666666664
23721,60.166666666666664
23722,37.81666666666667
23723,53.18333333333333
23724,60.516666666666666
23725,68.66666666666667
23726,69.38333333333334
23727,68.78333333333333
23728,70.01666666666667
23729,50.46666666666667
23730,53.483333333333334
23731,64.26666666666667
23732,67.38333333333334
23733,67.73333333333333
23734,72.73333333333333
23735,67.55
23736,46.3
23737,52.96666666666667
23738,61.03333333333333
23739,65.08333333333333
23740,54.11666666666667
23741,62.21666666666667
23742,57.95
23743,40.63333333333333
23744,51.68333333333333
23745,54.916666666666664
23746,59.0
23747,67.56666666666666
23748,64.68333333333334
23749,66.5
23750,43.95
23751,54.35
23752,56.5
23753,58.85
23754,59.233333333333334
23755,67.1
23756,63.13333333333333
23757,42.3
23758,54.9
23759,56.11666666666667
23760,59.56666666666667
23761,54.68333333333333
23762,61.766666666666666
23763,59.78333333333333
23764,38.71666666666667
23765,52.46666666666667
23766,49.11666666666667
23767,55.1
23768,57.3
23769,58.81666666666667
23770,61.38333333333333
23771,38.38333333333333
23772,51.766666666666666
23773,59.86666666666667
23774,61.8
23775,58.18333333333333
23776,74.38333333333334
23777,70.55
23778,44.36666666666667
23779,53.45
23780,56.46666666666667
23781,56.766666666666666
23782,66.08333333333333
23783,66.16666666666667
23784,61.85
23785,48.6
23786,53.28333333333333
23787,53.36666666666667
23788,60.05
23789,58.28333333333333
23790,66.4
23791,72.48333333333333
23792,47.166666666666664
23793,57.166666666666664
23794,58.13333333333333
23795,61.36666666666667
23796,66.13333333333334
23797,69.21666666666667
23798,75.88333333333334
23799,49.083333333333336
23800,55.53333333333333
23801,60.86666666666667
23802,56.7
23803,63.05
23804,48.78333333333333
23805,50.9
23806,37.0
23807,41.916666666666664
23808,40.166666666666664
23809,47.583333333333336
23810,45.35
23811,51.71666666666667
23812,44.28333333333333
23813,33.05
23814,38.266666666666666
23815,39.416666666666664
23816,40.7
23817,47.56666666666667
23818,43.35
23819,46.6
23820,33.81666666666667
23821,38.583333333333336
23822,39.083333333333336
23823,43.06666666666667
23824,52.93333333333333
23825,53.333333333333336
23826,53.15
23827,39.0
23828,43.016666666666666
23829,42.86666666666667
23830,50.1
23831,45.53333333333333
23832,43.65
23833,37.483333333333334
23834,7.966666666666667
23835,5.183333333333334
23836,5.183333333333334
23837,4.85
23838,5.116666666666666
23839,6.666666666666667
23840,6.716666666666667
23841,5.233333333333333
23842,4.7
23843,4.666666666666667
23844,3.9833333333333334
23845,3.966666666666667
23846,6.3
23847,6.533333333333333
23848,5.233333333333333
23849,4.55
23850,4.533333333333333
23851,3.65
23852,3.816666666666667
23853,6.566666666666666
23854,7.016666666666667
23855,5.233333333333333
23856,4.983333333333333
23857,5.1
23858,4.116666666666666
23859,4.4
23860,7.05
23861,7.066666666666666
23862,5.383333333333334
23863,5.266666666666667
23864,5.466666666666667
23865,4.35
23866,4.616666666666666
23867,6.666666666666667
23868,6.716666666666667
23869,5.25
23870,4.916666666666667
23871,4.866666666666666
23872,4.05
23873,4.466666666666667
23874,6.783333333333333
23875,6.633333333333334
23876,5.25
23877,4.766666666666667
23878,4.716666666666667
23879,3.7666666666666666
23880,4.1
23881,6.816666666666666
23882,6.616666666666666
23883,5.3
23884,4.8
23885,4.933333333333334
23886,3.95
23887,4.233333333333333
23888,7.116666666666666
23889,6.933333333333334
23890,5.4
23891,5.05
23892,5.483333333333333
23893,4.35
23894,4.616666666666666
23895,6.7
23896,6.816666666666666
23897,5.283333333333333
23898,4.85
23899,4.883333333333334
23900,4.05
23901,4.466666666666667
23902,6.816666666666666
23903,6.733333333333333
23904,5.25
23905,4.7
23906,4.733333333333333
23907,3.7666666666666666
23908,4.1
23909,6.816666666666666
23910,6.616666666666666
23911,5.3
23912,4.816666666666666
23913,4.95
23914,3.95
23915,4.233333333333333
23916,7.116666666666666
23917,6.933333333333334
23918,5.4
23919,5.05
23920,5.483333333333333
23921,4.3
23922,4.583333333333333
23923,7.233333333333333
23924,3.9
23925,12.433333333333334
23926,17.016666666666666
23927,14.383333333333333
23928,15.683333333333334
23929,11.95
23930,17.45
23931,16.75
23932,18.566666666666666
23933,18.3
23934,21.4
23935,20.85
23936,24.116666666666667
23937,21.2
23938,18.55
23939,14.616666666666667
23940,21.133333333333333
23941,21.3
23942,20.083333333333332
23943,23.166666666666668
23944,20.0
23945,12.716666666666667
23946,16.25
23947,18.85
23948,20.15
23949,21.183333333333334
23950,17.016666666666666
23951,16.9
23952,19.233333333333334
23953,20.166666666666668
23954,19.583333333333332
23955,22.583333333333332
23956,26.133333333333333
23957,22.6
23958,21.916666666666668
23959,25.433333333333334
23960,21.1
23961,23.35
23962,24.95
23963,23.516666666666666
23964,23.266666666666666
23965,17.066666666666666
23966,15.933333333333334
23967,19.066666666666666
23968,19.5
23969,19.383333333333333
23970,19.266666666666666
23971,21.666666666666668
23972,17.616666666666667
23973,20.116666666666667
23974,22.133333333333333
23975,24.183333333333334
23976,25.95
23977,26.466666666666665
23978,25.15
23979,20.316666666666666
23980,21.4
23981,18.3
23982,21.116666666666667
23983,23.883333333333333
23984,28.133333333333333
23985,21.716666666666665
23986,19.35
23987,18.5
23988,23.216666666666665
23989,23.266666666666666
23990,23.866666666666667
23991,24.183333333333334
23992,25.05
23993,17.416666666666668
23994,20.9
23995,21.95
23996,24.333333333333332
23997,25.95
23998,26.816666666666666
23999,26.15
24000,21.55
24001,22.033333333333335
24002,22.4
24003,20.216666666666665
24004,23.45
24005,23.75
24006,25.85
24007,17.733333333333334
24008,21.316666666666666
24009,24.35
24010,25.85
24011,27.466666666666665
24012,25.783333333333335
24013,27.066666666666666
24014,23.5
24015,26.983333333333334
24016,25.466666666666665
24017,27.15
24018,27.433333333333334
24019,26.6
24020,29.616666666666667
24021,20.833333333333332
24022,22.833333333333332
24023,26.116666666666667
24024,32.666666666666664
24025,31.933333333333334
24026,30.45
24027,27.6
24028,23.533333333333335
24029,26.233333333333334
24030,29.9
24031,31.05
24032,31.25
24033,31.216666666666665
24034,32.266666666666666
24035,24.7
24036,28.783333333333335
24037,26.766666666666666
24038,24.95
24039,28.566666666666666
24040,27.65
24041,28.983333333333334
24042,23.333333333333332
24043,26.166666666666668
24044,26.166666666666668
24045,28.216666666666665
24046,30.916666666666668
24047,35.6
24048,34.71666666666667
24049,24.75
24050,26.683333333333334
24051,30.466666666666665
24052,31.283333333333335
24053,31.516666666666666
24054,32.016666666666666
24055,33.88333333333333
24056,25.533333333333335
24057,28.616666666666667
24058,29.316666666666666
24059,31.816666666666666
24060,35.31666666666667
24061,38.43333333333333
24062,37.8
24063,27.616666666666667
24064,33.53333333333333
24065,30.133333333333333
24066,32.38333333333333
24067,35.96666666666667
24068,35.43333333333333
24069,35.766666666666666
24070,27.816666666666666
24071,30.033333333333335
24072,30.816666666666666
24073,31.833333333333332
24074,35.21666666666667
24075,31.95
24076,37.166666666666664
24077,29.833333333333332
24078,30.916666666666668
24079,29.233333333333334
24080,39.85
24081,34.0
24082,35.61666666666667
24083,34.516666666666666
24084,28.983333333333334
24085,30.55
24086,36.916666666666664
24087,32.983333333333334
24088,38.333333333333336
24089,38.0
24090,37.416666666666664
24091,31.316666666666666
24092,27.7
24093,33.53333333333333
24094,33.35
24095,34.5
24096,29.866666666666667
24097,33.733333333333334
24098,24.016666666666666
24099,31.55
24100,30.733333333333334
24101,32.53333333333333
24102,32.983333333333334
24103,35.96666666666667
24104,33.15
24105,28.883333333333333
24106,32.53333333333333
24107,31.366666666666667
24108,37.43333333333333
24109,36.21666666666667
24110,37.9
24111,38.083333333333336
24112,27.15
24113,31.983333333333334
24114,38.56666666666667
24115,36.916666666666664
24116,38.71666666666667
24117,38.016666666666666
24118,38.68333333333333
24119,30.7
24120,29.033333333333335
24121,29.383333333333333
24122,36.45
24123,36.15
24124,34.6
24125,39.05
24126,23.866666666666667
24127,32.03333333333333
24128,33.86666666666667
24129,40.016666666666666
24130,37.96666666666667
24131,38.78333333333333
24132,38.95
24133,29.966666666666665
24134,32.38333333333333
24135,34.93333333333333
24136,36.11666666666667
24137,31.45
24138,37.733333333333334
24139,34.45
24140,26.683333333333334
24141,27.566666666666666
24142,32.266666666666666
24143,33.833333333333336
24144,37.766666666666666
24145,38.083333333333336
24146,31.65
24147,30.183333333333334
24148,31.466666666666665
24149,33.46666666666667
24150,32.516666666666666
24151,35.06666666666667
24152,36.3
24153,37.88333333333333
24154,26.866666666666667
24155,28.216666666666665
24156,28.916666666666668
24157,28.416666666666668
24158,31.183333333333334
24159,34.31666666666667
24160,35.46666666666667
24161,31.25
24162,33.63333333333333
24163,30.55
24164,34.916666666666664
24165,31.633333333333333
24166,36.86666666666667
24167,35.916666666666664
24168,25.05
24169,27.95
24170,27.766666666666666
24171,29.216666666666665
24172,32.03333333333333
24173,30.25
24174,31.216666666666665
24175,24.15
24176,28.583333333333332
24177,29.0
24178,33.8
24179,35.8
24180,33.05
24181,32.25
24182,26.583333333333332
24183,27.35
24184,28.8
24185,30.05
24186,29.4
24187,30.316666666666666
24188,31.4
24189,21.283333333333335
24190,26.1
24191,25.133333333333333
24192,29.2
24193,34.71666666666667
24194,30.683333333333334
24195,28.116666666666667
24196,22.1
24197,21.8
24198,24.65
24199,27.65
24200,28.983333333333334
24201,28.283333333333335
24202,29.45
24203,20.566666666666666
24204,26.083333333333332
24205,27.3
24206,30.016666666666666
24207,28.733333333333334
24208,29.1
24209,25.683333333333334
24210,21.016666666666666
24211,23.383333333333333
24212,23.666666666666668
24213,26.416666666666668
24214,27.116666666666667
24215,25.45
24216,32.083333333333336
24217,20.766666666666666
24218,22.75
24219,24.616666666666667
24220,27.95
24221,27.116666666666667
24222,27.516666666666666
24223,26.433333333333334
24224,20.95
24225,20.716666666666665
24226,24.233333333333334
24227,25.483333333333334
24228,27.033333333333335
24229,32.583333333333336
24230,31.05
24231,22.416666666666668
24232,25.25
24233,27.366666666666667
24234,30.816666666666666
24235,25.433333333333334
24236,27.466666666666665
24237,27.733333333333334
24238,26.133333333333333
24239,23.45
24240,24.55
24241,27.466666666666665
24242,24.583333333333332
24243,28.116666666666667
24244,29.683333333333334
24245,23.633333333333333
24246,28.016666666666666
24247,28.433333333333334
24248,33.833333333333336
24249,37.583333333333336
24250,36.71666666666667
24251,31.45
24252,24.216666666666665
24253,30.233333333333334
24254,30.266666666666666
24255,36.266666666666666
24256,35.95
24257,36.61666666666667
24258,31.483333333333334
24259,22.266666666666666
24260,22.583333333333332
24261,28.816666666666666
24262,28.066666666666666
24263,26.266666666666666
24264,22.066666666666666
24265,22.816666666666666
24266,15.783333333333333
24267,19.883333333333333
24268,20.633333333333333
24269,19.333333333333332
24270,19.966666666666665
24271,23.366666666666667
24272,24.55
24273,17.9
24274,17.2
24275,22.416666666666668
24276,25.3
24277,24.916666666666668
24278,23.616666666666667
24279,24.75
24280,17.65
24281,19.833333333333332
24282,18.85
24283,22.483333333333334
24284,26.35
24285,23.25
24286,17.333333333333332
24287,15.3
24288,18.533333333333335
24289,15.716666666666667
24290,15.1
24291,21.433333333333334
24292,21.133333333333333
24293,23.65
24294,16.7
24295,17.583333333333332
24296,19.25
24297,18.816666666666666
24298,22.216666666666665
24299,21.55
24300,20.083333333333332
24301,14.933333333333334
24302,15.216666666666667
24303,20.4
24304,20.05
24305,20.25
24306,26.333333333333332
24307,23.55
24308,16.116666666666667
24309,18.516666666666666
24310,21.166666666666668
24311,23.266666666666666
24312,18.516666666666666
24313,25.0
24314,22.316666666666666
24315,19.333333333333332
24316,19.666666666666668
24317,22.866666666666667
24318,19.116666666666667
24319,22.033333333333335
24320,23.75
24321,25.033333333333335
24322,16.85
24323,21.2
24324,23.8
24325,25.933333333333334
24326,24.55
24327,28.45
24328,29.433333333333334
24329,18.616666666666667
24330,23.35
24331,24.916666666666668
24332,22.816666666666666
24333,25.266666666666666
24334,28.05
24335,31.433333333333334
24336,19.65
24337,24.183333333333334
24338,25.233333333333334
24339,25.233333333333334
24340,28.283333333333335
24341,28.05
24342,28.066666666666666
24343,19.833333333333332
24344,21.95
24345,23.85
24346,24.1
24347,26.25
24348,29.166666666666668
24349,31.733333333333334
24350,17.616666666666667
24351,25.466666666666665
24352,28.916666666666668
24353,34.6
24354,30.15
24355,36.13333333333333
24356,31.666666666666668
24357,26.016666666666666
24358,24.883333333333333
24359,24.3
24360,24.616666666666667
24361,29.683333333333334
24362,31.683333333333334
24363,31.966666666666665
24364,20.866666666666667
24365,25.95
24366,27.716666666666665
24367,27.716666666666665
24368,32.53333333333333
24369,29.683333333333334
24370,30.533333333333335
24371,23.05
24372,24.95
24373,31.0
24374,30.133333333333333
24375,30.083333333333332
24376,32.36666666666667
24377,27.783333333333335
24378,21.75
24379,26.75
24380,28.116666666666667
24381,28.066666666666666
24382,33.68333333333333
24383,33.083333333333336
24384,35.55
24385,23.75
24386,33.28333333333333
24387,29.833333333333332
24388,34.666666666666664
24389,37.733333333333334
24390,35.03333333333333
24391,34.55
24392,25.283333333333335
24393,30.766666666666666
24394,31.166666666666668
24395,34.45
24396,32.46666666666667
24397,45.35
24398,44.95
24399,30.533333333333335
24400,32.61666666666667
24401,33.016666666666666
24402,34.0
24403,37.4
24404,38.71666666666667
24405,40.833333333333336
24406,27.183333333333334
24407,32.28333333333333
24408,31.933333333333334
24409,33.483333333333334
24410,34.166666666666664
24411,33.93333333333333
24412,34.45
24413,25.55
24414,31.683333333333334
24415,32.766666666666666
24416,27.516666666666666
24417,35.96666666666667
24418,39.5
24419,44.46666666666667
24420,27.533333333333335
24421,31.95
24422,32.13333333333333
24423,31.266666666666666
24424,39.03333333333333
24425,37.85
24426,38.95
24427,24.033333333333335
24428,31.466666666666665
24429,32.93333333333333
24430,36.3
24431,34.916666666666664
24432,37.766666666666666
24433,37.38333333333333
24434,25.433333333333334
24435,30.483333333333334
24436,29.1
24437,23.8
24438,35.016666666666666
24439,42.333333333333336
24440,39.55
24441,29.266666666666666
24442,29.583333333333332
24443,32.3
24444,35.733333333333334
24445,37.733333333333334
24446,41.983333333333334
24447,45.583333333333336
24448,28.883333333333333
24449,34.36666666666667
24450,36.15
24451,38.31666666666667
24452,38.38333333333333
24453,34.583333333333336
24454,39.55
24455,24.55
24456,29.866666666666667
24457,31.516666666666666
24458,33.28333333333333
24459,37.28333333333333
24460,42.416666666666664
24461,39.733333333333334
24462,29.6
24463,35.5
24464,35.46666666666667
24465,34.333333333333336
24466,31.35
24467,40.5
24468,42.233333333333334
24469,25.583333333333332
24470,35.13333333333333
24471,36.083333333333336
24472,34.25
24473,43.9
24474,55.11666666666667
24475,51.733333333333334
24476,31.883333333333333
24477,44.93333333333333
24478,43.88333333333333
24479,46.46666666666667
24480,39.28333333333333
24481,45.88333333333333
24482,42.55
24483,27.566666666666666
24484,35.45
24485,37.18333333333333
24486,30.766666666666666
24487,43.516666666666666
24488,45.05
24489,44.86666666666667
24490,29.6
24491,35.61666666666667
24492,41.86666666666667
24493,40.833333333333336
24494,34.96666666666667
24495,43.016666666666666
24496,41.0
24497,29.75
24498,32.03333333333333
24499,35.96666666666667
24500,40.05
24501,49.06666666666667
24502,41.78333333333333
24503,42.86666666666667
24504,30.583333333333332
24505,35.88333333333333
24506,36.31666666666667
24507,42.55
24508,46.15
24509,39.766666666666666
24510,44.166666666666664
24511,26.266666666666666
24512,35.35
24513,35.56666666666667
24514,38.11666666666667
24515,39.28333333333333
24516,37.8
24517,37.63333333333333
24518,26.6
24519,30.8
24520,32.7
24521,36.4
24522,44.333333333333336
24523,38.45
24524,40.13333333333333
24525,29.666666666666668
24526,32.416666666666664
24527,34.61666666666667
24528,36.516666666666666
24529,36.93333333333333
24530,35.56666666666667
24531,36.63333333333333
24532,28.05
24533,35.93333333333333
24534,35.45
24535,39.733333333333334
24536,40.2
24537,39.75
24538,44.733333333333334
24539,29.25
24540,32.93333333333333
24541,30.7
24542,36.96666666666667
24543,35.233333333333334
24544,35.983333333333334
24545,36.68333333333333
24546,24.216666666666665
24547,29.433333333333334
24548,32.11666666666667
24549,33.93333333333333
24550,36.416666666666664
24551,38.03333333333333
24552,36.31666666666667
24553,24.8
24554,26.283333333333335
24555,28.433333333333334
24556,32.56666666666667
24557,37.8
24558,41.016666666666666
24559,38.7
24560,27.466666666666665
24561,33.916666666666664
24562,31.483333333333334
24563,37.016666666666666
24564,36.45
24565,33.5
24566,32.7
24567,24.966666666666665
24568,29.416666666666668
24569,30.466666666666665
24570,28.45
24571,34.15
24572,37.43333333333333
24573,35.13333333333333
24574,28.633333333333333
24575,26.766666666666666
24576,30.333333333333332
24577,32.28333333333333
24578,31.65
24579,33.06666666666667
24580,38.35
24581,27.1
24582,34.516666666666666
24583,31.866666666666667
24584,34.05
24585,38.233333333333334
24586,34.28333333333333
24587,34.96666666666667
24588,29.566666666666666
24589,27.533333333333335
24590,32.1
24591,33.53333333333333
24592,34.166666666666664
24593,35.25
24594,39.96666666666667
24595,26.45
24596,39.35
24597,32.016666666666666
24598,33.96666666666667
24599,39.333333333333336
24600,36.4
24601,43.583333333333336
24602,26.683333333333334
24603,34.3
24604,32.53333333333333
24605,40.31666666666667
24606,42.45
24607,45.8
24608,40.9
24609,28.283333333333335
24610,32.4
24611,38.5
24612,35.96666666666667
24613,35.06666666666667
24614,32.9
24615,32.233333333333334
24616,22.333333333333332
24617,26.1
24618,27.666666666666668
24619,33.766666666666666
24620,37.85
24621,39.766666666666666
24622,37.75
24623,24.9
24624,26.5
24625,28.566666666666666
24626,30.85
24627,25.833333333333332
24628,27.983333333333334
24629,22.466666666666665
24630,20.083333333333332
24631,21.5
24632,20.55
24633,22.583333333333332
24634,27.266666666666666
24635,26.95
24636,27.3
24637,19.0
24638,20.966666666666665
24639,22.933333333333334
24640,25.583333333333332
24641,25.033333333333335
24642,24.25
24643,26.55
24644,20.6
24645,20.45
24646,21.716666666666665
24647,24.6
24648,25.933333333333334
24649,24.966666666666665
24650,25.866666666666667
24651,16.716666666666665
24652,19.016666666666666
24653,21.95
24654,23.383333333333333
24655,25.6
24656,26.65
24657,25.016666666666666
24658,17.9
24659,20.683333333333334
24660,20.783333333333335
24661,21.85
24662,26.083333333333332
24663,23.916666666666668
24664,23.266666666666666
24665,21.266666666666666
24666,17.766666666666666
24667,21.85
24668,21.85
24669,23.0
24670,20.133333333333333
24671,22.066666666666666
24672,18.233333333333334
24673,19.3
24674,21.85
24675,24.333333333333332
24676,25.716666666666665
24677,29.016666666666666
24678,27.416666666666668
24679,19.133333333333333
24680,22.466666666666665
24681,22.7
24682,21.316666666666666
24683,24.05
24684,23.65
24685,24.433333333333334
24686,15.833333333333334
24687,20.516666666666666
24688,20.35
24689,21.85
24690,24.233333333333334
24691,30.166666666666668
24692,29.416666666666668
24693,17.983333333333334
24694,25.216666666666665
24695,26.6
24696,25.133333333333333
24697,22.15
24698,25.516666666666666
24699,25.883333333333333
24700,17.416666666666668
24701,23.466666666666665
24702,26.716666666666665
24703,31.683333333333334
24704,28.7
24705,25.433333333333334
24706,23.25
24707,18.7
24708,20.85
24709,21.533333333333335
24710,23.25
24711,25.25
24712,26.383333333333333
24713,26.35
24714,18.683333333333334
24715,22.566666666666666
24716,29.933333333333334
24717,38.083333333333336
24718,35.85
24719,32.63333333333333
24720,31.683333333333334
24721,23.05
24722,28.2
24723,28.383333333333333
24724,29.9
24725,28.083333333333332
24726,24.4
24727,28.033333333333335
24728,20.183333333333334
24729,26.75
24730,29.683333333333334
24731,31.45
24732,32.03333333333333
24733,26.75
24734,32.0
24735,21.7
24736,26.433333333333334
24737,26.833333333333332
24738,30.066666666666666
24739,29.416666666666668
24740,30.866666666666667
24741,27.2
24742,21.866666666666667
24743,25.55
24744,32.63333333333333
24745,36.46666666666667
24746,38.333333333333336
24747,36.45
24748,36.35
24749,24.133333333333333
24750,30.25
24751,33.95
24752,41.11666666666667
24753,43.75
24754,40.96666666666667
24755,39.516666666666666
24756,27.883333333333333
24757,34.083333333333336
24758,33.78333333333333
24759,39.016666666666666
24760,33.18333333333333
24761,36.0
24762,38.25
24763,23.866666666666667
24764,28.733333333333334
24765,32.88333333333333
24766,35.016666666666666
24767,33.833333333333336
24768,36.3
24769,39.35
24770,26.966666666666665
24771,32.75
24772,33.18333333333333
24773,40.483333333333334
24774,40.416666666666664
24775,41.96666666666667
24776,40.2
24777,29.516666666666666
24778,32.3
24779,31.433333333333334
24780,38.31666666666667
24781,34.81666666666667
24782,38.7
24783,40.65
24784,27.266666666666666
24785,32.7
24786,29.916666666666668
24787,34.15
24788,34.05
24789,40.53333333333333
24790,40.016666666666666
24791,28.466666666666665
24792,36.35
24793,36.333333333333336
24794,38.15
24795,44.71666666666667
24796,43.78333333333333
24797,40.25
24798,31.2
24799,37.81666666666667
24800,39.95
24801,42.78333333333333
24802,37.45
24803,40.5
24804,37.95
24805,28.4
24806,35.416666666666664
24807,35.78333333333333
24808,45.983333333333334
24809,41.71666666666667
24810,42.28333333333333
24811,43.78333333333333
24812,26.083333333333332
24813,37.36666666666667
24814,36.13333333333333
24815,43.13333333333333
24816,41.4
24817,40.766666666666666
24818,43.81666666666667
24819,31.283333333333335
24820,34.75
24821,32.8
24822,41.15
24823,41.53333333333333
24824,40.46666666666667
24825,42.4
24826,29.566666666666666
24827,38.25
24828,40.11666666666667
24829,42.75
24830,41.86666666666667
24831,46.4
24832,46.11666666666667
24833,27.766666666666666
24834,35.31666666666667
24835,37.916666666666664
24836,35.45
24837,49.9
24838,43.18333333333333
24839,47.8
24840,33.96666666666667
24841,39.31666666666667
24842,43.75
24843,46.86666666666667
24844,44.21666666666667
24845,45.43333333333333
24846,42.06666666666667
24847,28.45
24848,34.666666666666664
24849,36.65
24850,42.1
24851,37.916666666666664
24852,41.083333333333336
24853,41.85
24854,29.933333333333334
24855,37.25
24856,36.86666666666667
24857,35.95
24858,49.15
24859,46.46666666666667
24860,46.55
24861,31.1
24862,39.766666666666666
24863,39.083333333333336
24864,47.083333333333336
24865,45.56666666666667
24866,43.03333333333333
24867,47.11666666666667
24868,30.4
24869,31.966666666666665
24870,38.61666666666667
24871,38.68333333333333
24872,30.05
24873,35.916666666666664
24874,33.3
24875,26.7
24876,31.633333333333333
24877,33.766666666666666
24878,43.13333333333333
24879,39.53333333333333
24880,38.65
24881,46.516666666666666
24882,28.966666666666665
24883,37.28333333333333
24884,37.43333333333333
24885,37.11666666666667
24886,36.2
24887,43.06666666666667
24888,43.266666666666666
24889,29.416666666666668
24890,35.416666666666664
24891,38.55
24892,39.35
24893,37.86666666666667
24894,41.03333333333333
24895,42.983333333333334
24896,28.133333333333333
24897,31.316666666666666
24898,32.4
24899,32.016666666666666
24900,37.25
24901,36.28333333333333
24902,38.31666666666667
24903,23.4
24904,30.783333333333335
24905,31.083333333333332
24906,37.13333333333333
24907,37.4
24908,41.083333333333336
24909,38.31666666666667
24910,27.05
24911,33.166666666666664
24912,34.65
24913,37.516666666666666
24914,34.36666666666667
24915,37.86666666666667
24916,39.56666666666667
24917,25.283333333333335
24918,29.866666666666667
24919,27.25
24920,28.05
24921,33.4
24922,36.7
24923,35.4
24924,26.483333333333334
24925,30.383333333333333
24926,34.166666666666664
24927,34.15
24928,36.55
24929,36.233333333333334
24930,35.31666666666667
24931,26.2
24932,27.15
24933,31.433333333333334
24934,33.35
24935,34.083333333333336
24936,33.5
24937,33.96666666666667
24938,24.983333333333334
24939,27.733333333333334
24940,29.783333333333335
24941,33.25
24942,34.3
24943,30.75
24944,35.6
24945,24.45
24946,28.083333333333332
24947,32.46666666666667
24948,30.75
24949,34.8
24950,31.733333333333334
24951,33.86666666666667
24952,27.466666666666665
24953,27.533333333333335
24954,26.483333333333334
24955,23.033333333333335
24956,36.2
24957,33.4
24958,29.133333333333333
24959,22.533333333333335
24960,27.016666666666666
24961,30.583333333333332
24962,33.333333333333336
24963,31.133333333333333
24964,33.88333333333333
24965,37.85
24966,25.9
24967,30.016666666666666
24968,31.15
24969,31.683333333333334
24970,34.8
24971,36.5
24972,35.666666666666664
24973,25.35
24974,31.4
24975,34.15
24976,25.9
24977,37.8
24978,38.233333333333334
24979,41.38333333333333
24980,26.616666666666667
24981,40.86666666666667
24982,36.9
24983,36.8
24984,36.95
24985,42.63333333333333
24986,39.6
24987,31.183333333333334
24988,25.516666666666666
24989,29.55
24990,33.65
24991,28.633333333333333
24992,26.533333333333335
24993,31.383333333333333
24994,19.35
24995,18.9
24996,21.683333333333334
24997,21.333333333333332
24998,29.316666666666666
24999,29.95
25000,25.883333333333333
25001,21.683333333333334
25002,25.866666666666667
25003,25.616666666666667
25004,28.783333333333335
25005,28.8
25006,29.983333333333334
25007,27.95
25008,24.8
25009,21.916666666666668
25010,22.55
25011,24.666666666666668
25012,28.75
25013,25.5
25014,26.516666666666666
25015,19.933333333333334
25016,21.516666666666666
25017,24.683333333333334
25018,26.016666666666666
25019,25.2
25020,25.6
25021,26.383333333333333
25022,20.866666666666667
25023,22.4
25024,25.016666666666666
25025,28.766666666666666
25026,30.15
25027,29.533333333333335
25028,31.633333333333333
25029,19.766666666666666
25030,24.8
25031,21.633333333333333
25032,25.833333333333332
25033,25.766666666666666
25034,23.983333333333334
25035,26.333333333333332
25036,18.85
25037,24.833333333333332
25038,23.166666666666668
25039,24.3
25040,24.85
25041,27.983333333333334
25042,26.333333333333332
25043,16.416666666666668
25044,24.05
25045,24.25
25046,27.566666666666666
25047,24.616666666666667
25048,26.15
25049,27.166666666666668
25050,22.333333333333332
25051,27.766666666666666
25052,27.133333333333333
25053,25.083333333333332
25054,28.216666666666665
25055,31.4
25056,32.31666666666667
25057,20.666666666666668
25058,24.15
25059,27.45
25060,29.85
25061,26.35
25062,30.916666666666668
25063,27.333333333333332
25064,22.95
25065,23.55
25066,24.933333333333334
25067,33.36666666666667
25068,28.233333333333334
25069,26.6
25070,30.35
25071,23.033333333333335
25072,25.366666666666667
25073,26.133333333333333
25074,24.2
25075,28.683333333333334
25076,31.9
25077,27.7
25078,20.55
25079,28.083333333333332
25080,29.066666666666666
25081,29.833333333333332
25082,33.833333333333336
25083,35.03333333333333
25084,36.56666666666667
25085,25.366666666666667
25086,27.3
25087,29.25
25088,31.533333333333335
25089,28.15
25090,28.5
25091,34.68333333333333
25092,22.016666666666666
25093,28.316666666666666
25094,29.65
25095,27.5
25096,33.25
25097,37.083333333333336
25098,34.416666666666664
25099,25.733333333333334
25100,29.783333333333335
25101,30.633333333333333
25102,30.866666666666667
25103,30.35
25104,30.1
25105,32.15
25106,22.733333333333334
25107,24.883333333333333
25108,27.516666666666666
25109,31.383333333333333
25110,38.28333333333333
25111,41.31666666666667
25112,36.13333333333333
25113,26.383333333333333
25114,30.283333333333335
25115,34.06666666666667
25116,41.733333333333334
25117,39.85
25118,44.18333333333333
25119,45.016666666666666
25120,29.0
25121,36.85
25122,35.13333333333333
25123,34.916666666666664
25124,39.31666666666667
25125,46.38333333333333
25126,41.31666666666667
25127,28.566666666666666
25128,35.0
25129,40.2
25130,37.6
25131,35.53333333333333
25132,31.816666666666666
25133,39.68333333333333
25134,28.133333333333333
25135,30.616666666666667
25136,31.3
25137,33.666666666666664
25138,41.21666666666667
25139,38.5
25140,40.0
25141,27.2
25142,34.63333333333333
25143,36.78333333333333
25144,39.38333333333333
25145,40.36666666666667
25146,44.0
25147,47.016666666666666
25148,31.95
25149,36.18333333333333
25150,38.71666666666667
25151,43.666666666666664
25152,50.81666666666667
25153,45.85
25154,47.416666666666664
25155,31.933333333333334
25156,35.6
25157,38.56666666666667
25158,42.85
25159,36.8
25160,46.6
25161,45.36666666666667
25162,30.933333333333334
25163,36.833333333333336
25164,40.18333333333333
25165,44.31666666666667
25166,45.333333333333336
25167,49.416666666666664
25168,47.28333333333333
25169,33.31666666666667
25170,41.333333333333336
25171,43.1
25172,40.78333333333333
25173,46.46666666666667
25174,45.75
25175,47.25
25176,33.583333333333336
25177,41.233333333333334
25178,41.916666666666664
25179,47.733333333333334
25180,41.93333333333333
25181,46.666666666666664
25182,47.916666666666664
25183,34.06666666666667
25184,35.1
25185,38.03333333333333
25186,35.916666666666664
25187,46.28333333333333
25188,44.3
25189,44.03333333333333
25190,30.816666666666666
25191,36.9
25192,41.86666666666667
25193,42.333333333333336
25194,38.56666666666667
25195,43.88333333333333
25196,49.45
25197,30.85
25198,36.416666666666664
25199,42.03333333333333
25200,47.333333333333336
25201,43.65
25202,52.266666666666666
25203,53.583333333333336
25204,32.416666666666664
25205,38.5
25206,42.166666666666664
25207,41.43333333333333
25208,43.233333333333334
25209,48.86666666666667
25210,50.666666666666664
25211,33.8
25212,44.35
25213,50.083333333333336
25214,56.7
25215,48.583333333333336
25216,52.583333333333336
25217,56.15
25218,34.61666666666667
25219,45.71666666666667
25220,45.05
25221,44.85
25222,45.233333333333334
25223,47.833333333333336
25224,49.61666666666667
25225,37.166666666666664
25226,41.36666666666667
25227,48.1
25228,52.78333333333333
25229,51.9
25230,49.1
25231,58.15
25232,34.75
25233,46.03333333333333
25234,43.416666666666664
25235,47.45
25236,46.733333333333334
25237,39.266666666666666
25238,40.96666666666667
25239,28.583333333333332
25240,32.68333333333333
25241,42.083333333333336
25242,40.35
25243,47.0
25244,43.96666666666667
25245,46.8
25246,30.966666666666665
25247,36.43333333333333
25248,40.68333333333333
25249,42.95
25250,45.05
25251,52.38333333333333
25252,50.93333333333333
25253,32.666666666666664
25254,41.86666666666667
25255,40.28333333333333
25256,38.05
25257,42.416666666666664
25258,49.016666666666666
25259,46.13333333333333
25260,30.766666666666666
25261,39.083333333333336
25262,41.46666666666667
25263,42.31666666666667
25264,43.11666666666667
25265,39.6
25266,39.03333333333333
25267,32.46666666666667
25268,34.38333333333333
25269,35.4
25270,39.56666666666667
25271,40.75
25272,40.03333333333333
25273,40.266666666666666
25274,28.866666666666667
25275,31.2
25276,31.433333333333334
25277,35.45
25278,35.166666666666664
25279,37.583333333333336
25280,39.6
25281,24.583333333333332
25282,32.88333333333333
25283,31.7
25284,35.25
25285,39.416666666666664
25286,39.31666666666667
25287,36.916666666666664
25288,27.183333333333334
25289,30.216666666666665
25290,33.7
25291,35.61666666666667
25292,42.3
25293,38.78333333333333
25294,38.61666666666667
25295,28.6
25296,34.3
25297,34.45
25298,37.766666666666666
25299,34.65
25300,37.9
25301,36.36666666666667
25302,29.05
25303,31.066666666666666
25304,33.016666666666666
25305,31.583333333333332
25306,38.78333333333333
25307,33.28333333333333
25308,47.71666666666667
25309,29.366666666666667
25310,33.56666666666667
25311,38.6
25312,38.06666666666667
25313,42.11666666666667
25314,33.75
25315,38.516666666666666
25316,27.416666666666668
25317,27.35
25318,26.833333333333332
25319,31.583333333333332
25320,37.96666666666667
25321,35.03333333333333
25322,34.11666666666667
25323,25.366666666666667
25324,33.766666666666666
25325,39.43333333333333
25326,37.083333333333336
25327,39.35
25328,45.53333333333333
25329,35.8
25330,29.95
25331,32.95
25332,31.316666666666666
25333,35.983333333333334
25334,36.11666666666667
25335,36.93333333333333
25336,41.233333333333334
25337,27.35
25338,31.85
25339,35.95
25340,36.13333333333333
25341,36.13333333333333
25342,38.28333333333333
25343,41.86666666666667
25344,26.033333333333335
25345,32.9
25346,32.9
25347,28.633333333333333
25348,33.733333333333334
25349,46.03333333333333
25350,40.71666666666667
25351,26.35
25352,33.483333333333334
25353,32.916666666666664
25354,36.05
25355,24.833333333333332
25356,27.266666666666666
25357,30.383333333333333
25358,21.533333333333335
25359,20.85
25360,22.983333333333334
25361,25.716666666666665
25362,22.933333333333334
25363,26.05
25364,28.75
25365,17.95
25366,26.1
25367,26.066666666666666
25368,23.083333333333332
25369,28.4
25370,31.166666666666668
25371,31.666666666666668
25372,20.266666666666666
25373,27.05
25374,26.8
25375,27.65
25376,37.3
25377,33.483333333333334
25378,27.5
25379,22.166666666666668
25380,26.116666666666667
25381,29.266666666666666
25382,29.4
25383,27.766666666666666
25384,28.783333333333335
25385,27.2
25386,22.583333333333332
25387,28.55
25388,28.033333333333335
25389,28.35
25390,27.6
25391,29.883333333333333
25392,27.0
25393,22.0
25394,21.2
25395,22.433333333333334
25396,21.616666666666667
25397,29.066666666666666
25398,30.433333333333334
25399,32.35
25400,21.466666666666665
25401,25.416666666666668
25402,27.516666666666666
25403,21.233333333333334
25404,27.816666666666666
25405,29.233333333333334
25406,28.516666666666666
25407,21.216666666666665
25408,22.666666666666668
25409,24.733333333333334
25410,28.683333333333334
25411,30.25
25412,28.766666666666666
25413,31.3
25414,22.333333333333332
25415,25.283333333333335
25416,27.766666666666666
25417,32.63333333333333
25418,29.466666666666665
25419,31.316666666666666
25420,29.933333333333334
25421,18.9
25422,24.116666666666667
25423,26.0
25424,29.35
25425,31.416666666666668
25426,30.316666666666666
25427,27.583333333333332
25428,21.816666666666666
25429,23.016666666666666
25430,22.866666666666667
25431,27.333333333333332
25432,33.55
25433,31.316666666666666
25434,31.566666666666666
25435,25.016666666666666
25436,24.783333333333335
25437,28.7
25438,31.983333333333334
25439,30.333333333333332
25440,30.083333333333332
25441,31.1
25442,20.166666666666668
25443,26.316666666666666
25444,26.883333333333333
25445,28.616666666666667
25446,27.75
25447,32.03333333333333
25448,38.86666666666667
25449,21.583333333333332
25450,26.0
25451,29.25
25452,26.0
25453,33.93333333333333
25454,32.583333333333336
25455,37.083333333333336
25456,24.983333333333334
25457,29.433333333333334
25458,31.35
25459,34.483333333333334
25460,38.03333333333333
25461,35.583333333333336
25462,37.61666666666667
25463,22.383333333333333
25464,30.916666666666668
25465,28.833333333333332
25466,33.583333333333336
25467,36.85
25468,34.5
25469,43.03333333333333
25470,27.333333333333332
25471,32.0
25472,33.88333333333333
25473,37.166666666666664
25474,39.86666666666667
25475,40.71666666666667
25476,39.38333333333333
25477,30.883333333333333
25478,35.516666666666666
25479,35.916666666666664
25480,40.233333333333334
25481,42.016666666666666
25482,42.9
25483,40.4
25484,30.3
25485,35.81666666666667
25486,35.38333333333333
25487,43.25
25488,33.2
25489,40.7
25490,40.81666666666667
25491,27.483333333333334
25492,35.233333333333334
25493,38.416666666666664
25494,39.166666666666664
25495,41.1
25496,47.083333333333336
25497,50.13333333333333
25498,31.283333333333335
25499,37.45
25500,40.88333333333333
25501,37.05
25502,42.083333333333336
25503,45.233333333333334
25504,44.53333333333333
25505,34.96666666666667
25506,41.86666666666667
25507,39.666666666666664
25508,35.0
25509,44.7
25510,42.88333333333333
25511,44.11666666666667
25512,33.6
25513,37.31666666666667
25514,36.28333333333333
25515,41.71666666666667
25516,47.93333333333333
25517,44.21666666666667
25518,48.766666666666666
25519,32.983333333333334
25520,37.06666666666667
25521,38.95
25522,43.6
25523,45.45
25524,46.21666666666667
25525,46.2
25526,32.71666666666667
25527,36.233333333333334
25528,40.733333333333334
25529,44.983333333333334
25530,40.95
25531,45.13333333333333
25532,51.0
25533,31.766666666666666
25534,37.3
25535,39.96666666666667
25536,39.5
25537,44.11666666666667
25538,43.2
25539,45.96666666666667
25540,29.55
25541,39.61666666666667
25542,38.53333333333333
25543,39.416666666666664
25544,52.5
25545,45.833333333333336
25546,51.666666666666664
25547,33.85
25548,43.4
25549,40.15
25550,45.61666666666667
25551,40.733333333333334
25552,42.166666666666664
25553,55.11666666666667
25554,34.7
25555,41.93333333333333
25556,41.25
25557,47.016666666666666
25558,48.45
25559,51.65
25560,54.46666666666667
25561,34.8
25562,41.88333333333333
25563,42.85
25564,43.18333333333333
25565,44.11666666666667
25566,50.05
25567,54.2
25568,37.666666666666664
25569,41.916666666666664
25570,49.666666666666664
25571,52.53333333333333
25572,48.833333333333336
25573,51.233333333333334
25574,53.4
25575,34.65
25576,43.11666666666667
25577,51.266666666666666
25578,46.983333333333334
25579,42.8
25580,52.083333333333336
25581,51.666666666666664
25582,36.65
25583,39.0
25584,41.583333333333336
25585,38.86666666666667
25586,48.06666666666667
25587,50.916666666666664
25588,50.6
25589,32.016666666666666
25590,43.3
25591,44.31666666666667
25592,53.766666666666666
25593,49.31666666666667
25594,52.21666666666667
25595,53.71666666666667
25596,36.1
25597,39.65
25598,46.4
25599,46.1
25600,42.166666666666664
25601,46.833333333333336
25602,43.0
25603,33.1
25604,35.8
25605,36.95
25606,38.78333333333333
25607,37.6
25608,43.15
25609,44.35
25610,30.133333333333333
25611,36.833333333333336
25612,42.15
25613,53.75
25614,47.61666666666667
25615,46.68333333333333
25616,51.43333333333333
25617,34.516666666666666
25618,41.233333333333334
25619,37.53333333333333
25620,42.05
25621,42.03333333333333
25622,46.7
25623,48.65
25624,31.233333333333334
25625,38.083333333333336
25626,43.05
25627,40.6
25628,43.483333333333334
25629,44.18333333333333
25630,43.6
25631,29.516666666666666
25632,36.15
25633,36.11666666666667
25634,39.53333333333333
25635,42.7
25636,40.81666666666667
25637,40.21666666666667
25638,28.266666666666666
25639,34.53333333333333
25640,31.016666666666666
25641,41.31666666666667
25642,39.45
25643,41.95
25644,41.583333333333336
25645,25.433333333333334
25646,33.45
25647,36.88333333333333
25648,39.13333333333333
25649,36.96666666666667
25650,42.05
25651,43.9
25652,29.1
25653,35.88333333333333
25654,33.666666666666664
25655,31.5
25656,30.133333333333333
25657,39.9
25658,36.95
25659,26.916666666666668
25660,31.783333333333335
25661,30.25
25662,34.46666666666667
25663,39.05
25664,39.85
25665,38.61666666666667
25666,32.666666666666664
25667,31.383333333333333
25668,35.733333333333334
25669,41.21666666666667
25670,32.2
25671,36.733333333333334
25672,38.55
25673,24.7
25674,32.06666666666667
25675,35.516666666666666
25676,23.85
25677,33.05
25678,35.95
25679,34.36666666666667
25680,24.883333333333333
25681,31.733333333333334
25682,30.3
25683,29.483333333333334
25684,39.63333333333333
25685,38.75
25686,40.25
25687,27.683333333333334
25688,31.483333333333334
25689,30.933333333333334
25690,39.6
25691,36.45
25692,39.45
25693,41.166666666666664
25694,27.283333333333335
25695,34.38333333333333
25696,36.483333333333334
25697,39.5
25698,42.95
25699,42.8
25700,40.7
25701,28.9
25702,34.86666666666667
25703,36.6
25704,32.8
25705,42.416666666666664
25706,42.45
25707,38.333333333333336
25708,32.35
25709,34.53333333333333
25710,35.55
25711,39.96666666666667
25712,37.1
25713,47.233333333333334
25714,42.36666666666667
25715,33.96666666666667
25716,37.1
25717,40.85
25718,43.083333333333336
25719,42.55
25720,40.28333333333333
25721,32.63333333333333
25722,26.75
25723,30.166666666666668
25724,26.766666666666666
25725,31.1
25726,31.066666666666666
25727,33.483333333333334
25728,32.96666666666667
25729,23.65
25730,29.35
25731,30.9
25732,26.266666666666666
25733,31.433333333333334
25734,32.8
25735,35.083333333333336
25736,26.133333333333333
25737,25.6
25738,28.366666666666667
25739,32.63333333333333
25740,32.516666666666666
25741,35.083333333333336
25742,31.1
25743,22.55
25744,25.516666666666666
25745,29.4
25746,29.716666666666665
25747,27.1
25748,29.0
25749,31.383333333333333
25750,7.85
25751,5.0
25752,5.183333333333334
25753,4.85
25754,5.1
25755,6.666666666666667
25756,6.716666666666667
25757,3.8333333333333335
25758,4.666666666666667
25759,4.666666666666667
25760,3.95
25761,3.966666666666667
25762,6.3
25763,6.533333333333333
25764,5.233333333333333
25765,4.4
25766,4.533333333333333
25767,3.6166666666666667
25768,3.816666666666667
25769,6.566666666666666
25770,7.016666666666667
25771,5.0
25772,4.983333333333333
25773,5.1
25774,4.116666666666666
25775,4.4
25776,7.05
25777,7.066666666666666
25778,4.016666666666667
25779,5.3
25780,5.516666666666667
25781,4.35
25782,4.616666666666666
25783,6.666666666666667
25784,6.716666666666667
25785,5.25
25786,4.766666666666667
25787,4.866666666666666
25788,4.05
25789,4.466666666666667
25790,6.783333333333333
25791,6.633333333333334
25792,5.016666666666667
25793,4.7
25794,4.716666666666667
25795,3.7333333333333334
25796,4.1
25797,6.816666666666666
25798,6.616666666666666
25799,5.183333333333334
25800,4.8
25801,4.933333333333334
25802,3.95
25803,4.233333333333333
25804,7.116666666666666
25805,6.933333333333334
25806,5.283333333333333
25807,5.05
25808,5.483333333333333
25809,4.35
25810,4.616666666666666
25811,6.7
25812,6.816666666666666
25813,5.283333333333333
25814,4.733333333333333
25815,4.883333333333334
25816,4.05
25817,4.466666666666667
25818,6.816666666666666
25819,6.733333333333333
25820,5.25
25821,4.583333333333333
25822,4.733333333333333
25823,3.7666666666666666
25824,4.1
25825,6.816666666666666
25826,6.616666666666666
25827,5.3
25828,4.816666666666666
25829,4.95
25830,3.95
25831,4.233333333333333
25832,7.116666666666666
25833,6.933333333333334
25834,5.4
25835,5.083333333333333
25836,5.483333333333333
25837,4.3
25838,4.583333333333333
25839,7.233333333333333
25840,3.9
25841,10.4
25842,7.1
25843,11.816666666666666
25844,9.333333333333334
25845,9.0
25846,11.05
25847,11.883333333333333
25848,12.983333333333333
25849,15.583333333333334
25850,13.4
25851,12.65
25852,14.8
25853,14.116666666666667
25854,10.116666666666667
25855,9.616666666666667
25856,12.25
25857,12.616666666666667
25858,9.55
25859,10.716666666666667
25860,12.1
25861,10.816666666666666
25862,11.433333333333334
25863,12.45
25864,10.283333333333333
25865,11.616666666666667
25866,11.766666666666667
25867,13.1
25868,11.366666666666667
25869,13.35
25870,16.266666666666666
25871,17.783333333333335
25872,20.816666666666666
25873,19.016666666666666
25874,17.133333333333333
25875,13.3
25876,16.233333333333334
25877,15.516666666666667
25878,16.016666666666666
25879,16.216666666666665
25880,15.05
25881,14.083333333333334
25882,13.4
25883,14.183333333333334
25884,17.066666666666666
25885,17.55
25886,18.1
25887,15.633333333333333
25888,14.566666666666666
25889,15.833333333333334
25890,14.383333333333333
25891,17.033333333333335
25892,14.116666666666667
25893,14.833333333333334
25894,15.833333333333334
25895,13.3
25896,11.616666666666667
25897,13.7
25898,14.183333333333334
25899,17.716666666666665
25900,17.666666666666668
25901,21.183333333333334
25902,12.6
25903,16.533333333333335
25904,17.65
25905,19.183333333333334
25906,14.033333333333333
25907,17.416666666666668
25908,19.183333333333334
25909,16.65
25910,16.283333333333335
25911,15.683333333333334
25912,15.6
25913,19.55
25914,19.166666666666668
25915,25.466666666666665
25916,20.516666666666666
25917,19.016666666666666
25918,19.933333333333334
25919,22.266666666666666
25920,23.966666666666665
25921,21.366666666666667
25922,19.566666666666666
25923,15.283333333333333
25924,14.616666666666667
25925,15.783333333333333
25926,17.2
25927,22.466666666666665
25928,19.0
25929,22.2
25930,20.8
25931,20.116666666666667
25932,21.316666666666666
25933,20.0
25934,22.783333333333335
25935,24.566666666666666
25936,27.983333333333334
25937,18.4
25938,18.95
25939,19.9
25940,26.75
25941,25.383333333333333
25942,23.25
25943,23.583333333333332
25944,19.983333333333334
25945,23.366666666666667
25946,19.133333333333333
25947,19.833333333333332
25948,17.216666666666665
25949,21.516666666666666
25950,21.883333333333333
25951,19.716666666666665
25952,18.633333333333333
25953,20.933333333333334
25954,22.85
25955,23.333333333333332
25956,22.65
25957,22.216666666666665
25958,17.9
25959,18.383333333333333
25960,21.616666666666667
25961,23.483333333333334
25962,25.1
25963,23.933333333333334
25964,25.4
25965,19.666666666666668
25966,21.133333333333333
25967,19.916666666666668
25968,25.25
25969,26.566666666666666
25970,27.433333333333334
25971,27.7
25972,21.0
25973,22.966666666666665
25974,21.133333333333333
25975,25.416666666666668
25976,26.683333333333334
25977,25.216666666666665
25978,23.333333333333332
25979,19.5
25980,21.933333333333334
25981,24.566666666666666
25982,23.2
25983,26.616666666666667
25984,30.983333333333334
25985,29.216666666666665
25986,23.3
25987,23.55
25988,24.3
25989,25.15
25990,24.8
25991,29.266666666666666
25992,29.366666666666667
25993,19.983333333333334
25994,22.866666666666667
25995,23.833333333333332
25996,28.316666666666666
25997,28.1
25998,30.516666666666666
25999,32.5
26000,20.133333333333333
26001,23.666666666666668
26002,26.983333333333334
26003,31.8
26004,24.4
26005,26.966666666666665
26006,26.716666666666665
26007,24.433333333333334
26008,24.95
26009,28.066666666666666
26010,21.9
26011,26.916666666666668
26012,27.816666666666666
26013,27.85
26014,21.016666666666666
26015,23.133333333333333
26016,25.3
26017,23.283333333333335
26018,25.466666666666665
26019,25.95
26020,25.25
26021,18.716666666666665
26022,24.716666666666665
26023,23.483333333333334
26024,32.31666666666667
26025,26.483333333333334
26026,28.95
26027,28.116666666666667
26028,21.533333333333335
26029,22.466666666666665
26030,26.766666666666666
26031,30.016666666666666
26032,27.616666666666667
26033,29.4
26034,32.36666666666667
26035,25.133333333333333
26036,28.133333333333333
26037,25.65
26038,26.866666666666667
26039,25.416666666666668
26040,25.366666666666667
26041,25.816666666666666
26042,17.1
26043,15.666666666666666
26044,23.066666666666666
26045,25.933333333333334
26046,29.983333333333334
26047,29.766666666666666
26048,27.0
26049,23.783333333333335
26050,23.333333333333332
26051,23.483333333333334
26052,23.7
26053,21.433333333333334
26054,22.4
26055,21.7
26056,18.616666666666667
26057,17.516666666666666
26058,23.333333333333332
26059,25.8
26060,24.416666666666668
26061,26.083333333333332
26062,26.45
26063,22.666666666666668
26064,20.05
26065,21.083333333333332
26066,24.183333333333334
26067,25.766666666666666
26068,27.566666666666666
26069,22.1
26070,18.05
26071,21.7
26072,24.883333333333333
26073,27.766666666666666
26074,25.3
26075,27.766666666666666
26076,29.25
26077,19.883333333333333
26078,23.083333333333332
26079,23.3
26080,21.283333333333335
26081,24.8
26082,24.783333333333335
26083,23.816666666666666
26084,20.083333333333332
26085,19.316666666666666
26086,21.7
26087,22.95
26088,21.4
26089,22.3
26090,24.416666666666668
26091,18.566666666666666
26092,18.366666666666667
26093,19.083333333333332
26094,17.366666666666667
26095,21.283333333333335
26096,23.966666666666665
26097,28.55
26098,15.75
26099,27.05
26100,22.833333333333332
26101,22.483333333333334
26102,23.966666666666665
26103,24.766666666666666
26104,28.75
26105,17.333333333333332
26106,22.366666666666667
26107,20.016666666666666
26108,26.3
26109,25.783333333333335
26110,23.233333333333334
26111,25.666666666666668
26112,19.416666666666668
26113,17.666666666666668
26114,17.666666666666668
26115,21.533333333333335
26116,26.516666666666666
26117,25.133333333333333
26118,24.566666666666666
26119,21.25
26120,20.683333333333334
26121,22.816666666666666
26122,23.733333333333334
26123,21.8
26124,21.766666666666666
26125,20.916666666666668
26126,17.333333333333332
26127,18.5
26128,19.366666666666667
26129,19.183333333333334
26130,20.066666666666666
26131,21.866666666666667
26132,21.533333333333335
26133,19.133333333333333
26134,14.75
26135,17.716666666666665
26136,20.466666666666665
26137,19.216666666666665
26138,22.466666666666665
26139,24.1
26140,20.0
26141,19.983333333333334
26142,21.116666666666667
26143,21.583333333333332
26144,21.233333333333334
26145,23.033333333333335
26146,22.033333333333335
26147,19.283333333333335
26148,19.2
26149,17.366666666666667
26150,19.05
26151,21.716666666666665
26152,20.6
26153,24.033333333333335
26154,16.8
26155,21.466666666666665
26156,21.116666666666667
26157,25.416666666666668
26158,24.183333333333334
26159,25.2
26160,23.333333333333332
26161,22.8
26162,23.133333333333333
26163,20.983333333333334
26164,22.416666666666668
26165,24.35
26166,24.55
26167,25.9
26168,22.233333333333334
26169,20.183333333333334
26170,21.85
26171,20.816666666666666
26172,23.166666666666668
26173,23.416666666666668
26174,22.316666666666666
26175,8.633333333333333
26176,16.116666666666667
26177,16.65
26178,17.5
26179,16.166666666666668
26180,16.983333333333334
26181,18.483333333333334
26182,12.216666666666667
26183,16.433333333333334
26184,14.9
26185,16.7
26186,18.816666666666666
26187,20.716666666666665
26188,18.716666666666665
26189,14.483333333333333
26190,16.283333333333335
26191,21.533333333333335
26192,17.883333333333333
26193,15.616666666666667
26194,16.583333333333332
26195,16.866666666666667
26196,13.666666666666666
26197,13.983333333333333
26198,15.15
26199,17.883333333333333
26200,17.916666666666668
26201,16.783333333333335
26202,18.783333333333335
26203,17.15
26204,16.633333333333333
26205,16.316666666666666
26206,18.15
26207,19.833333333333332
26208,16.5
26209,18.283333333333335
26210,18.233333333333334
26211,23.45
26212,15.216666666666667
26213,17.2
26214,20.133333333333333
26215,19.65
26216,18.116666666666667
26217,14.916666666666666
26218,15.35
26219,14.833333333333334
26220,16.383333333333333
26221,18.65
26222,21.05
26223,16.35
26224,13.65
26225,15.133333333333333
26226,14.733333333333333
26227,18.4
26228,18.6
26229,16.716666666666665
26230,16.45
26231,12.966666666666667
26232,14.383333333333333
26233,16.433333333333334
26234,16.6
26235,17.866666666666667
26236,19.8
26237,20.483333333333334
26238,15.233333333333333
26239,17.383333333333333
26240,18.983333333333334
26241,18.716666666666665
26242,18.166666666666668
26243,17.183333333333334
26244,18.283333333333335
26245,15.45
26246,14.783333333333333
26247,14.016666666666667
26248,16.1
26249,19.133333333333333
26250,22.85
26251,19.116666666666667
26252,16.566666666666666
26253,17.183333333333334
26254,18.366666666666667
26255,23.566666666666666
26256,21.6
26257,21.316666666666666
26258,19.533333333333335
26259,15.8
26260,17.916666666666668
26261,16.866666666666667
26262,18.466666666666665
26263,18.7
26264,21.266666666666666
26265,26.266666666666666
26266,16.416666666666668
26267,20.316666666666666
26268,21.866666666666667
26269,22.816666666666666
26270,23.866666666666667
26271,23.966666666666665
26272,25.3
26273,16.233333333333334
26274,21.233333333333334
26275,21.6
26276,20.033333333333335
26277,21.1
26278,23.983333333333334
26279,22.733333333333334
26280,16.45
26281,17.183333333333334
26282,19.0
26283,24.616666666666667
26284,23.2
26285,26.016666666666666
26286,24.866666666666667
26287,19.333333333333332
26288,22.633333333333333
26289,24.066666666666666
26290,25.45
26291,23.4
26292,23.883333333333333
26293,25.816666666666666
26294,16.6
26295,23.35
26296,23.883333333333333
26297,26.816666666666666
26298,29.1
26299,27.766666666666666
26300,33.2
26301,19.366666666666667
26302,25.35
26303,24.583333333333332
26304,30.25
26305,29.383333333333333
26306,29.266666666666666
26307,30.0
26308,19.066666666666666
26309,19.533333333333335
26310,22.083333333333332
26311,26.25
26312,24.2
26313,24.866666666666667
26314,24.616666666666667
26315,16.916666666666668
26316,22.9
26317,23.316666666666666
26318,27.15
26319,29.683333333333334
26320,26.683333333333334
26321,27.083333333333332
26322,19.95
26323,21.116666666666667
26324,20.716666666666665
26325,24.35
26326,25.866666666666667
26327,34.583333333333336
26328,30.166666666666668
26329,19.016666666666666
26330,29.666666666666668
26331,28.466666666666665
26332,28.683333333333334
26333,26.466666666666665
26334,23.983333333333334
26335,26.066666666666666
26336,19.1
26337,23.15
26338,30.616666666666667
26339,22.516666666666666
26340,31.3
26341,32.61666666666667
26342,33.56666666666667
26343,21.816666666666666
26344,28.066666666666666
26345,29.416666666666668
26346,32.25
26347,28.8
26348,26.733333333333334
26349,31.65
26350,19.5
26351,20.633333333333333
26352,20.316666666666666
26353,25.883333333333333
26354,26.783333333333335
26355,25.716666666666665
26356,29.433333333333334
26357,19.633333333333333
26358,24.316666666666666
26359,23.483333333333334
26360,23.1
26361,25.366666666666667
26362,28.666666666666668
26363,29.15
26364,20.933333333333334
26365,23.716666666666665
26366,25.05
26367,21.166666666666668
26368,31.9
26369,29.9
26370,29.0
26371,19.25
26372,24.4
26373,23.116666666666667
26374,28.25
26375,30.4
26376,32.0
26377,30.566666666666666
26378,20.05
26379,26.8
26380,25.2
26381,27.883333333333333
26382,29.016666666666666
26383,26.183333333333334
26384,24.8
26385,18.066666666666666
26386,23.116666666666667
26387,23.666666666666668
26388,26.533333333333335
26389,19.866666666666667
26390,32.71666666666667
26391,30.5
26392,20.9
26393,27.816666666666666
26394,28.3
26395,31.6
26396,29.45
26397,31.25
26398,28.766666666666666
26399,21.316666666666666
26400,23.533333333333335
26401,25.4
26402,29.366666666666667
26403,26.6
26404,33.666666666666664
26405,29.083333333333332
26406,21.766666666666666
26407,24.983333333333334
26408,26.266666666666666
26409,34.416666666666664
26410,31.416666666666668
26411,30.7
26412,31.883333333333333
26413,21.55
26414,26.45
26415,24.35
26416,28.8
26417,33.5
26418,30.4
26419,28.433333333333334
26420,20.45
26421,27.283333333333335
26422,26.4
26423,30.016666666666666
26424,27.316666666666666
26425,28.833333333333332
26426,31.7
26427,20.25
26428,25.783333333333335
26429,26.8
26430,23.766666666666666
26431,30.816666666666666
26432,29.35
26433,32.083333333333336
26434,25.633333333333333
26435,29.35
26436,27.866666666666667
26437,30.783333333333335
26438,27.216666666666665
26439,27.883333333333333
26440,31.766666666666666
26441,20.816666666666666
26442,24.8
26443,26.45
26444,27.416666666666668
26445,30.433333333333334
26446,27.283333333333335
26447,29.983333333333334
26448,24.033333333333335
26449,22.616666666666667
26450,22.85
26451,26.716666666666665
26452,28.716666666666665
26453,26.0
26454,28.333333333333332
26455,18.383333333333333
26456,20.733333333333334
26457,23.983333333333334
26458,25.666666666666668
26459,25.283333333333335
26460,26.683333333333334
26461,26.933333333333334
26462,17.4
26463,22.666666666666668
26464,23.316666666666666
26465,24.2
26466,29.933333333333334
26467,28.716666666666665
26468,26.733333333333334
26469,20.766666666666666
26470,20.95
26471,22.85
26472,23.166666666666668
26473,24.966666666666665
26474,28.033333333333335
26475,33.95
26476,22.733333333333334
26477,22.783333333333335
26478,25.233333333333334
26479,27.383333333333333
26480,24.033333333333335
26481,27.816666666666666
26482,29.6
26483,18.866666666666667
26484,26.6
26485,27.066666666666666
26486,17.35
26487,27.483333333333334
26488,27.65
26489,24.733333333333334
26490,17.483333333333334
26491,18.5
26492,22.016666666666666
26493,23.266666666666666
26494,23.35
26495,25.633333333333333
26496,32.1
26497,18.083333333333332
26498,22.883333333333333
26499,20.966666666666665
26500,22.066666666666666
26501,23.816666666666666
26502,25.4
26503,36.7
26504,19.25
26505,23.5
26506,22.966666666666665
26507,25.316666666666666
26508,27.983333333333334
26509,26.216666666666665
26510,24.4
26511,19.066666666666666
26512,20.683333333333334
26513,24.55
26514,25.116666666666667
26515,25.1
26516,19.866666666666667
26517,23.5
26518,14.6
26519,18.016666666666666
26520,18.483333333333334
26521,23.95
26522,25.583333333333332
26523,26.083333333333332
26524,25.733333333333334
26525,16.3
26526,24.5
26527,22.316666666666666
26528,23.9
26529,29.516666666666666
26530,28.35
26531,25.316666666666666
26532,20.55
26533,22.483333333333334
26534,22.616666666666667
26535,27.483333333333334
26536,26.083333333333332
26537,26.016666666666666
26538,27.166666666666668
26539,22.3
26540,21.2
26541,20.616666666666667
26542,23.966666666666665
26543,23.483333333333334
26544,21.2
26545,23.083333333333332
26546,18.233333333333334
26547,17.3
26548,16.566666666666666
26549,20.3
26550,18.9
26551,16.966666666666665
26552,15.783333333333333
26553,15.883333333333333
26554,15.25
26555,17.9
26556,20.0
26557,21.566666666666666
26558,22.183333333333334
26559,23.366666666666667
26560,17.4
26561,19.5
26562,18.683333333333334
26563,21.666666666666668
26564,20.3
26565,21.133333333333333
26566,18.066666666666666
26567,16.716666666666665
26568,17.133333333333333
26569,15.833333333333334
26570,16.533333333333335
26571,14.266666666666667
26572,15.15
26573,16.283333333333335
26574,11.0
26575,13.566666666666666
26576,17.133333333333333
26577,16.35
26578,20.616666666666667
26579,18.633333333333333
26580,19.4
26581,14.5
26582,17.266666666666666
26583,17.283333333333335
26584,17.683333333333334
26585,16.783333333333335
26586,16.05
26587,14.716666666666667
26588,14.833333333333334
26589,14.683333333333334
26590,15.316666666666666
26591,15.233333333333333
26592,17.95
26593,19.416666666666668
26594,19.2
26595,16.25
26596,13.7
26597,15.35
26598,16.8
26599,15.55
26600,16.583333333333332
26601,19.716666666666665
26602,16.683333333333334
26603,16.116666666666667
26604,16.733333333333334
26605,18.483333333333334
26606,17.233333333333334
26607,19.6
26608,19.866666666666667
26609,13.916666666666666
26610,16.683333333333334
26611,18.483333333333334
26612,18.383333333333333
26613,16.65
26614,20.133333333333333
26615,19.016666666666666
26616,14.9
26617,14.833333333333334
26618,17.033333333333335
26619,21.55
26620,18.933333333333334
26621,19.066666666666666
26622,21.533333333333335
26623,15.2
26624,16.516666666666666
26625,17.9
26626,20.216666666666665
26627,19.766666666666666
26628,22.3
26629,23.066666666666666
26630,14.783333333333333
26631,21.016666666666666
26632,22.566666666666666
26633,27.466666666666665
26634,21.2
26635,26.4
26636,26.716666666666665
26637,16.466666666666665
26638,20.916666666666668
26639,16.5
26640,20.483333333333334
26641,22.1
26642,23.816666666666666
26643,21.566666666666666
26644,17.116666666666667
26645,21.833333333333332
26646,22.833333333333332
26647,28.516666666666666
26648,26.15
26649,26.983333333333334
26650,26.2
26651,17.8
26652,22.033333333333335
26653,19.5
26654,22.733333333333334
26655,23.783333333333335
26656,26.566666666666666
26657,22.533333333333335
26658,16.15
26659,19.333333333333332
26660,24.766666666666666
26661,25.366666666666667
26662,22.883333333333333
26663,28.7
26664,33.233333333333334
26665,17.05
26666,23.983333333333334
26667,27.7
26668,31.333333333333332
26669,30.533333333333335
26670,28.983333333333334
26671,32.95
26672,23.6
26673,31.35
26674,27.183333333333334
26675,27.2
26676,24.85
26677,28.733333333333334
26678,28.383333333333333
26679,20.483333333333334
26680,19.216666666666665
26681,21.783333333333335
26682,26.433333333333334
26683,25.2
26684,29.016666666666666
26685,29.166666666666668
26686,21.816666666666666
26687,21.9
26688,24.15
26689,21.933333333333334
26690,24.316666666666666
26691,25.116666666666667
26692,25.216666666666665
26693,16.716666666666665
26694,20.083333333333332
26695,23.033333333333335
26696,29.016666666666666
26697,28.366666666666667
26698,30.85
26699,33.916666666666664
26700,19.033333333333335
26701,25.116666666666667
26702,25.45
26703,23.683333333333334
26704,35.016666666666666
26705,28.316666666666666
26706,28.216666666666665
26707,18.7
26708,24.766666666666666
26709,27.883333333333333
26710,28.633333333333333
26711,26.8
26712,27.216666666666665
26713,31.133333333333333
26714,21.133333333333333
26715,31.083333333333332
26716,29.15
26717,24.183333333333334
26718,32.3
26719,29.95
26720,30.3
26721,21.933333333333334
26722,26.25
26723,23.9
26724,25.483333333333334
26725,28.5
26726,27.116666666666667
26727,29.733333333333334
26728,20.416666666666668
26729,26.466666666666665
26730,27.566666666666666
26731,29.566666666666666
26732,29.233333333333334
26733,31.283333333333335
26734,35.416666666666664
26735,22.816666666666666
26736,24.75
26737,26.233333333333334
26738,24.266666666666666
26739,28.283333333333335
26740,31.133333333333333
26741,32.43333333333333
26742,21.516666666666666
26743,25.833333333333332
26744,26.4
26745,24.75
26746,27.283333333333335
26747,31.516666666666666
26748,36.416666666666664
26749,23.216666666666665
26750,25.55
26751,34.1
26752,38.75
26753,34.766666666666666
26754,36.3
26755,41.05
26756,24.1
26757,33.68333333333333
26758,31.566666666666666
26759,32.833333333333336
26760,37.13333333333333
26761,35.78333333333333
26762,34.916666666666664
26763,26.983333333333334
26764,27.8
26765,32.15
26766,30.983333333333334
26767,30.066666666666666
26768,32.63333333333333
26769,41.233333333333334
26770,24.0
26771,29.416666666666668
26772,32.18333333333333
26773,37.166666666666664
26774,37.65
26775,31.766666666666666
26776,41.61666666666667
26777,26.9
26778,33.3
26779,29.883333333333333
26780,36.266666666666666
26781,37.35
26782,37.81666666666667
26783,34.45
26784,24.216666666666665
26785,30.233333333333334
26786,29.066666666666666
26787,26.283333333333335
26788,31.683333333333334
26789,30.983333333333334
26790,30.533333333333335
26791,20.466666666666665
26792,27.75
26793,27.5
26794,29.05
26795,31.216666666666665
26796,30.85
26797,31.483333333333334
26798,24.733333333333334
26799,31.433333333333334
26800,26.883333333333333
26801,24.75
26802,26.45
26803,32.7
26804,30.366666666666667
26805,19.316666666666666
26806,26.233333333333334
26807,28.366666666666667
26808,31.933333333333334
26809,27.266666666666666
26810,31.233333333333334
26811,33.35
26812,20.433333333333334
26813,29.2
26814,28.433333333333334
26815,25.716666666666665
26816,30.616666666666667
26817,29.566666666666666
26818,30.166666666666668
26819,20.583333333333332
26820,18.016666666666666
26821,21.0
26822,23.683333333333334
26823,32.75
26824,25.9
26825,26.533333333333335
26826,21.633333333333333
26827,26.333333333333332
26828,28.666666666666668
26829,28.8
26830,25.3
26831,28.216666666666665
26832,30.066666666666666
26833,21.15
26834,20.716666666666665
26835,23.866666666666667
26836,21.05
26837,25.166666666666668
26838,28.383333333333333
26839,29.283333333333335
26840,20.466666666666665
26841,22.5
26842,22.933333333333334
26843,22.266666666666666
26844,25.9
26845,29.0
26846,28.2
26847,18.833333333333332
26848,21.083333333333332
26849,23.25
26850,28.6
26851,23.566666666666666
26852,28.616666666666667
26853,29.166666666666668
26854,23.2
26855,26.4
26856,27.733333333333334
26857,28.083333333333332
26858,28.516666666666666
26859,29.55
26860,30.183333333333334
26861,24.9
26862,23.866666666666667
26863,24.216666666666665
26864,20.8
26865,24.733333333333334
26866,27.383333333333333
26867,27.05
26868,18.9
26869,21.283333333333335
26870,21.966666666666665
26871,23.366666666666667
26872,21.033333333333335
26873,23.933333333333334
26874,24.566666666666666
26875,18.283333333333335
26876,20.166666666666668
26877,23.45
26878,32.03333333333333
26879,29.033333333333335
26880,29.2
26881,30.016666666666666
26882,19.3
26883,26.05
26884,25.866666666666667
26885,27.35
26886,31.85
26887,32.11666666666667
26888,31.55
26889,19.3
26890,26.4
26891,26.55
26892,31.383333333333333
26893,26.383333333333333
26894,25.916666666666668
26895,26.166666666666668
26896,18.166666666666668
26897,20.933333333333334
26898,22.116666666666667
26899,30.5
26900,31.766666666666666
26901,31.116666666666667
26902,28.116666666666667
26903,22.333333333333332
26904,22.933333333333334
26905,20.4
26906,24.9
26907,22.016666666666666
26908,21.25
26909,19.783333333333335
26910,14.45
26911,15.533333333333333
26912,18.633333333333333
26913,16.05
26914,18.833333333333332
26915,19.833333333333332
26916,19.0
26917,15.766666666666667
26918,15.15
26919,17.35
26920,19.433333333333334
26921,21.3
26922,19.766666666666666
26923,23.583333333333332
26924,19.083333333333332
26925,18.383333333333333
26926,18.95
26927,21.266666666666666
26928,21.333333333333332
26929,23.65
26930,24.1
26931,16.65
26932,19.383333333333333
26933,19.083333333333332
26934,21.683333333333334
26935,20.916666666666668
26936,19.366666666666667
26937,18.933333333333334
26938,18.233333333333334
26939,18.966666666666665
26940,17.583333333333332
26941,18.583333333333332
26942,18.55
26943,20.9
26944,19.983333333333334
26945,16.15
26946,16.216666666666665
26947,17.8
26948,16.766666666666666
26949,20.033333333333335
26950,18.35
26951,26.3
26952,15.383333333333333
26953,14.866666666666667
26954,14.483333333333333
26955,13.85
26956,17.65
26957,18.033333333333335
26958,17.566666666666666
26959,17.4
26960,17.183333333333334
26961,18.783333333333335
26962,19.383333333333333
26963,16.316666666666666
26964,18.666666666666668
26965,15.983333333333333
26966,6.0
26967,17.3
26968,15.1
26969,14.533333333333333
26970,17.4
26971,17.6
26972,18.683333333333334
26973,15.1
26974,17.416666666666668
26975,17.983333333333334
26976,18.783333333333335
26977,20.25
26978,17.2
26979,19.116666666666667
26980,13.866666666666667
26981,17.35
26982,18.15
26983,15.616666666666667
26984,20.333333333333332
26985,20.216666666666665
26986,21.766666666666666
26987,13.666666666666666
26988,18.483333333333334
26989,20.8
26990,20.233333333333334
26991,19.583333333333332
26992,14.483333333333333
26993,17.816666666666666
26994,13.683333333333334
26995,15.8
26996,19.3
26997,18.966666666666665
26998,24.1
26999,23.816666666666666
27000,28.233333333333334
27001,16.633333333333333
27002,18.6
27003,20.033333333333335
27004,21.066666666666666
27005,22.3
27006,22.683333333333334
27007,26.316666666666666
27008,17.283333333333335
27009,19.75
27010,21.433333333333334
27011,24.183333333333334
27012,27.7
27013,26.05
27014,28.283333333333335
27015,18.25
27016,23.816666666666666
27017,23.483333333333334
27018,26.733333333333334
27019,23.616666666666667
27020,31.183333333333334
27021,27.4
27022,20.083333333333332
27023,21.183333333333334
27024,23.266666666666666
27025,22.066666666666666
27026,24.3
27027,28.433333333333334
27028,34.21666666666667
27029,19.25
27030,25.683333333333334
27031,28.416666666666668
27032,26.083333333333332
27033,32.93333333333333
27034,33.166666666666664
27035,33.31666666666667
27036,20.366666666666667
27037,27.3
27038,30.166666666666668
27039,30.483333333333334
27040,28.316666666666666
27041,28.233333333333334
27042,31.8
27043,23.733333333333334
27044,24.516666666666666
27045,28.383333333333333
27046,26.55
27047,27.2
27048,28.683333333333334
27049,31.633333333333333
27050,21.4
27051,25.2
27052,27.683333333333334
27053,27.716666666666665
27054,31.2
27055,29.2
27056,32.55
27057,22.833333333333332
27058,26.85
27059,28.45
27060,31.083333333333332
27061,35.21666666666667
27062,38.38333333333333
27063,35.516666666666666
27064,23.316666666666666
27065,30.516666666666666
27066,31.533333333333335
27067,35.86666666666667
27068,33.63333333333333
27069,33.3
27070,29.933333333333334
27071,22.983333333333334
27072,25.483333333333334
27073,23.2
27074,29.083333333333332
27075,28.0
27076,38.18333333333333
27077,31.05
27078,22.55
27079,27.766666666666666
27080,32.25
27081,32.5
27082,32.46666666666667
27083,32.3
27084,33.86666666666667
27085,26.066666666666666
27086,27.283333333333335
27087,27.466666666666665
27088,32.2
27089,35.4
27090,31.216666666666665
27091,35.9
27092,22.033333333333335
27093,30.633333333333333
27094,31.75
27095,32.95
27096,29.3
27097,30.75
27098,30.066666666666666
27099,23.65
27100,29.466666666666665
27101,29.766666666666666
27102,25.333333333333332
27103,34.18333333333333
27104,32.583333333333336
27105,34.56666666666667
27106,25.15
27107,32.96666666666667
27108,31.666666666666668
27109,34.25
27110,29.766666666666666
27111,35.483333333333334
27112,40.733333333333334
27113,26.566666666666666
27114,29.666666666666668
27115,28.816666666666666
27116,27.85
27117,29.333333333333332
27118,32.6
27119,33.11666666666667
27120,22.616666666666667
27121,29.816666666666666
27122,30.95
27123,27.35
27124,30.466666666666665
27125,34.25
27126,36.333333333333336
27127,23.683333333333334
27128,34.78333333333333
27129,30.75
27130,29.35
27131,35.36666666666667
27132,35.1
27133,35.06666666666667
27134,24.916666666666668
27135,27.083333333333332
27136,32.31666666666667
27137,36.93333333333333
27138,36.36666666666667
27139,40.56666666666667
27140,44.666666666666664
27141,27.65
27142,32.0
27143,34.833333333333336
27144,34.78333333333333
27145,34.21666666666667
27146,35.25
27147,38.06666666666667
27148,21.683333333333334
27149,32.733333333333334
27150,35.583333333333336
27151,35.083333333333336
27152,34.38333333333333
27153,31.783333333333335
27154,36.15
27155,23.95
27156,25.45
27157,29.216666666666665
27158,29.0
27159,35.2
27160,37.03333333333333
27161,32.083333333333336
27162,26.766666666666666
27163,29.833333333333332
27164,31.883333333333333
27165,41.333333333333336
27166,31.083333333333332
27167,36.05
27168,34.266666666666666
27169,25.033333333333335
27170,30.383333333333333
27171,30.6
27172,25.683333333333334
27173,30.366666666666667
27174,31.183333333333334
27175,34.266666666666666
27176,20.233333333333334
27177,22.316666666666666
27178,27.116666666666667
27179,28.966666666666665
27180,28.416666666666668
27181,32.35
27182,31.783333333333335
27183,19.283333333333335
27184,27.766666666666666
27185,27.0
27186,27.983333333333334
27187,29.45
27188,30.683333333333334
27189,28.933333333333334
27190,22.633333333333333
27191,25.633333333333333
27192,26.7
27193,29.533333333333335
27194,27.566666666666666
27195,28.566666666666666
27196,28.366666666666667
27197,22.283333333333335
27198,27.333333333333332
27199,27.983333333333334
27200,29.233333333333334
27201,32.666666666666664
27202,29.416666666666668
27203,29.416666666666668
27204,21.85
27205,25.883333333333333
27206,30.333333333333332
27207,30.383333333333333
27208,30.816666666666666
27209,31.716666666666665
27210,31.35
27211,22.583333333333332
27212,28.583333333333332
27213,26.15
27214,28.983333333333334
27215,29.133333333333333
27216,31.033333333333335
27217,28.8
27218,17.866666666666667
27219,25.35
27220,26.416666666666668
27221,24.433333333333334
27222,25.816666666666666
27223,26.966666666666665
27224,25.966666666666665
27225,19.416666666666668
27226,21.366666666666667
27227,22.533333333333335
27228,23.816666666666666
27229,29.883333333333333
27230,34.56666666666667
27231,31.016666666666666
27232,19.033333333333335
27233,26.666666666666668
27234,26.916666666666668
27235,31.55
27236,27.116666666666667
27237,32.733333333333334
27238,30.05
27239,19.383333333333333
27240,25.283333333333335
27241,23.6
27242,16.616666666666667
27243,26.333333333333332
27244,25.683333333333334
27245,24.883333333333333
27246,21.066666666666666
27247,27.666666666666668
27248,24.616666666666667
27249,28.783333333333335
27250,18.266666666666666
27251,28.75
27252,28.983333333333334
27253,24.966666666666665
27254,25.066666666666666
27255,30.9
27256,30.75
27257,34.25
27258,30.65
27259,34.5
27260,21.166666666666668
27261,24.65
27262,28.516666666666666
27263,30.133333333333333
27264,31.0
27265,30.7
27266,30.383333333333333
27267,23.1
27268,20.8
27269,26.316666666666666
27270,29.316666666666666
27271,22.833333333333332
27272,24.9
27273,26.133333333333333
27274,22.4
27275,21.066666666666666
27276,21.266666666666666
27277,22.483333333333334
27278,22.516666666666666
27279,24.416666666666668
27280,25.8
27281,17.933333333333334
27282,19.683333333333334
27283,20.0
27284,22.366666666666667
27285,26.05
27286,25.633333333333333
27287,23.433333333333334
27288,18.533333333333335
27289,17.533333333333335
27290,19.7
27291,18.533333333333335
27292,20.366666666666667
27293,22.483333333333334
27294,25.516666666666666
27295,17.733333333333334
27296,19.166666666666668
27297,23.466666666666665
27298,22.9
27299,24.333333333333332
27300,22.433333333333334
27301,20.25
27302,18.066666666666666
27303,16.316666666666666
27304,15.066666666666666
27305,18.6
27306,19.233333333333334
27307,20.9
27308,19.8
27309,16.15
27310,19.25
27311,17.666666666666668
27312,17.583333333333332
27313,22.75
27314,23.55
27315,22.983333333333334
27316,19.133333333333333
27317,20.533333333333335
27318,20.283333333333335
27319,21.033333333333335
27320,19.216666666666665
27321,19.033333333333335
27322,19.033333333333335
27323,16.433333333333334
27324,16.5
27325,14.766666666666667
27326,15.25
27327,18.583333333333332
27328,21.033333333333335
27329,25.183333333333334
27330,17.416666666666668
27331,17.033333333333335
27332,21.166666666666668
27333,24.883333333333333
27334,24.866666666666667
27335,25.833333333333332
27336,23.433333333333334
27337,16.683333333333334
27338,22.233333333333334
27339,20.466666666666665
27340,22.533333333333335
27341,19.916666666666668
27342,26.25
27343,24.733333333333334
27344,17.983333333333334
27345,18.55
27346,18.533333333333335
27347,20.0
27348,22.7
27349,24.766666666666666
27350,26.45
27351,18.166666666666668
27352,19.9
27353,20.383333333333333
27354,21.483333333333334
27355,20.233333333333334
27356,17.75
27357,22.216666666666665
27358,19.166666666666668
27359,18.266666666666666
27360,21.416666666666668
27361,24.133333333333333
27362,25.233333333333334
27363,29.05
27364,25.3
27365,19.566666666666666
27366,25.566666666666666
27367,23.1
27368,26.65
27369,25.216666666666665
27370,24.45
27371,25.3
27372,17.45
27373,19.483333333333334
27374,22.65
27375,26.8
27376,28.416666666666668
27377,28.383333333333333
27378,28.916666666666668
27379,18.216666666666665
27380,23.2
27381,26.15
27382,20.4
27383,24.066666666666666
27384,26.3
27385,26.2
27386,18.116666666666667
27387,23.066666666666666
27388,22.85
27389,23.15
27390,27.1
27391,28.966666666666665
27392,26.8
27393,19.033333333333335
27394,28.1
27395,37.05
27396,29.116666666666667
27397,28.65
27398,32.8
27399,31.983333333333334
27400,22.4
27401,23.65
27402,23.8
27403,19.216666666666665
27404,25.066666666666666
27405,28.616666666666667
27406,36.61666666666667
27407,21.433333333333334
27408,26.4
27409,29.033333333333335
27410,32.6
27411,26.633333333333333
27412,32.233333333333334
27413,29.933333333333334
27414,22.116666666666667
27415,27.416666666666668
27416,25.416666666666668
27417,31.383333333333333
27418,29.2
27419,32.15
27420,33.38333333333333
27421,23.35
27422,28.2
27423,32.53333333333333
27424,35.95
27425,33.65
27426,34.46666666666667
27427,39.333333333333336
27428,24.883333333333333
27429,30.583333333333332
27430,30.566666666666666
27431,33.11666666666667
27432,32.06666666666667
27433,32.083333333333336
27434,32.53333333333333
27435,23.833333333333332
27436,29.0
27437,25.85
27438,28.1
27439,30.433333333333334
27440,31.733333333333334
27441,31.9
27442,21.016666666666666
27443,25.766666666666666
27444,27.0
27445,31.916666666666668
27446,29.466666666666665
27447,35.5
27448,30.133333333333333
27449,23.05
27450,27.766666666666666
27451,30.0
27452,32.03333333333333
27453,26.666666666666668
27454,36.8
27455,34.93333333333333
27456,24.85
27457,25.0
27458,31.766666666666666
27459,35.0
27460,37.35
27461,37.18333333333333
27462,36.583333333333336
27463,25.483333333333334
27464,33.38333333333333
27465,33.7
27466,35.8
27467,30.35
27468,31.783333333333335
27469,34.55
27470,25.883333333333333
27471,28.033333333333335
27472,32.56666666666667
27473,27.6
27474,33.55
27475,35.1
27476,32.85
27477,25.65
27478,32.766666666666666
27479,31.316666666666666
27480,30.7
27481,36.61666666666667
27482,43.56666666666667
27483,41.13333333333333
27484,26.466666666666665
27485,31.35
27486,32.583333333333336
27487,31.083333333333332
27488,36.65
27489,39.833333333333336
27490,38.016666666666666
27491,23.066666666666666
27492,31.6
27493,31.883333333333333
27494,32.86666666666667
27495,39.483333333333334
27496,42.03333333333333
27497,42.96666666666667
27498,26.983333333333334
27499,34.75
27500,34.81666666666667
27501,39.333333333333336
27502,34.1
27503,37.916666666666664
27504,39.13333333333333
27505,27.383333333333333
27506,30.75
27507,31.583333333333332
27508,25.833333333333332
27509,33.68333333333333
27510,48.53333333333333
27511,40.8
27512,25.416666666666668
27513,35.016666666666666
27514,31.783333333333335
27515,29.466666666666665
27516,36.15
27517,32.583333333333336
27518,36.63333333333333
27519,22.6
27520,26.883333333333333
27521,30.316666666666666
27522,29.566666666666666
27523,37.63333333333333
27524,37.36666666666667
27525,36.233333333333334
27526,24.216666666666665
27527,29.566666666666666
27528,31.216666666666665
27529,35.78333333333333
27530,30.55
27531,36.083333333333336
27532,36.5
27533,25.916666666666668
27534,28.15
27535,22.716666666666665
27536,18.85
27537,33.016666666666666
27538,31.033333333333335
27539,31.166666666666668
27540,23.116666666666667
27541,22.783333333333335
27542,27.05
27543,31.433333333333334
27544,32.75
27545,32.016666666666666
27546,38.21666666666667
27547,23.3
27548,28.95
27549,29.133333333333333
27550,30.433333333333334
27551,30.816666666666666
27552,31.05
27553,31.733333333333334
27554,21.35
27555,26.4
27556,33.6
27557,30.916666666666668
27558,38.46666666666667
27559,29.016666666666666
27560,31.85
27561,22.783333333333335
27562,27.183333333333334
27563,30.483333333333334
27564,31.533333333333335
27565,28.416666666666668
27566,29.683333333333334
27567,28.9
27568,21.883333333333333
27569,25.233333333333334
27570,26.0
27571,29.8
27572,33.03333333333333
27573,28.866666666666667
27574,31.233333333333334
27575,22.4
27576,26.916666666666668
27577,28.65
27578,27.183333333333334
27579,29.133333333333333
27580,26.666666666666668
27581,30.616666666666667
27582,19.566666666666666
27583,27.266666666666666
27584,26.45
27585,30.65
27586,24.366666666666667
27587,30.516666666666666
27588,31.633333333333333
27589,23.0
27590,26.083333333333332
27591,25.45
27592,27.9
27593,26.433333333333334
27594,29.333333333333332
27595,28.15
27596,20.5
27597,23.866666666666667
27598,28.833333333333332
27599,28.0
27600,28.3
27601,28.683333333333334
27602,33.35
27603,19.633333333333333
27604,24.666666666666668
27605,24.866666666666667
27606,29.666666666666668
27607,32.35
27608,34.0
27609,29.15
27610,19.716666666666665
27611,26.333333333333332
27612,26.883333333333333
27613,29.7
27614,27.866666666666667
27615,30.016666666666666
27616,33.483333333333334
27617,19.65
27618,24.916666666666668
27619,28.383333333333333
27620,30.483333333333334
27621,37.96666666666667
27622,32.71666666666667
27623,31.7
27624,24.566666666666666
27625,27.783333333333335
27626,31.483333333333334
27627,32.25
27628,32.18333333333333
27629,30.25
27630,32.016666666666666
27631,19.233333333333334
27632,24.583333333333332
27633,25.883333333333333
27634,33.53333333333333
27635,26.2
27636,29.633333333333333
27637,28.416666666666668
27638,21.433333333333334
27639,22.466666666666665
27640,23.566666666666666
27641,25.583333333333332
27642,21.666666666666668
27643,25.816666666666666
27644,26.25
27645,18.333333333333332
27646,20.416666666666668
27647,21.8
27648,22.266666666666666
27649,23.766666666666666
27650,27.1
27651,24.333333333333332
27652,20.183333333333334
27653,23.4
27654,18.0
27655,19.583333333333332
27656,22.383333333333333
27657,22.766666666666666
27658,24.283333333333335
27659,18.666666666666668
27660,20.3
27661,19.9
27662,17.283333333333335
27663,22.266666666666666
27664,23.033333333333335
27665,21.416666666666668
27666,7.416666666666667
27667,4.583333333333333
27668,4.733333333333333
27669,4.116666666666666
27670,5.1
27671,6.65
27672,6.7
27673,2.1
27674,4.7
27675,4.7
27676,4.0
27677,3.9166666666666665
27678,6.2
27679,6.433333333333334
27680,4.966666666666667
27681,4.433333333333334
27682,4.566666666666666
27683,3.7333333333333334
27684,3.783333333333333
27685,6.716666666666667
27686,6.966666666666667
27687,2.15
27688,5.016666666666667
27689,5.1
27690,4.466666666666667
27691,4.4
27692,7.183333333333334
27693,7.05
27694,5.116666666666666
27695,5.25
27696,5.5
27697,4.3
27698,4.566666666666666
27699,6.616666666666666
27700,6.666666666666667
27701,2.0
27702,4.95
27703,4.866666666666666
27704,3.966666666666667
27705,4.383333333333334
27706,6.716666666666667
27707,6.583333333333333
27708,2.3666666666666667
27709,4.683333333333334
27710,4.716666666666667
27711,3.683333333333333
27712,4.05
27713,6.766666666666667
27714,6.616666666666666
27715,2.75
27716,5.0
27717,4.966666666666667
27718,3.9166666666666665
27719,4.216666666666667
27720,7.116666666666666
27721,6.916666666666667
27722,4.8
27723,5.05
27724,5.65
27725,4.3
27726,4.566666666666666
27727,6.65
27728,6.766666666666667
27729,5.133333333333334
27730,4.766666666666667
27731,4.933333333333334
27732,4.0
27733,4.416666666666667
27734,6.75
27735,6.683333333333334
27736,2.0
27737,4.583333333333333
27738,4.783333333333333
27739,3.716666666666667
27740,4.05
27741,6.766666666666667
27742,6.616666666666666
27743,5.15
27744,4.85
27745,5.0
27746,3.966666666666667
27747,4.233333333333333
27748,7.116666666666666
27749,6.916666666666667
27750,5.366666666666666
27751,5.083333333333333
27752,5.483333333333333
27753,4.283333333333333
27754,4.566666666666666
27755,7.216666666666667
27756,3.9
27757,16.1
27758,13.333333333333334
27759,19.216666666666665
27760,11.883333333333333
27761,17.766666666666666
27762,16.966666666666665
27763,21.35
27764,18.716666666666665
27765,24.816666666666666
27766,23.466666666666665
27767,21.833333333333332
27768,23.566666666666666
27769,17.316666666666666
27770,17.316666666666666
27771,16.1
27772,20.533333333333335
27773,16.333333333333332
27774,18.916666666666668
27775,20.816666666666666
27776,17.933333333333334
27777,18.166666666666668
27778,18.116666666666667
27779,26.216666666666665
27780,26.916666666666668
27781,22.933333333333334
27782,25.883333333333333
27783,17.15
27784,19.75
27785,18.733333333333334
27786,24.5
27787,26.083333333333332
27788,27.0
27789,24.333333333333332
27790,21.233333333333334
27791,22.033333333333335
27792,22.7
27793,23.033333333333335
27794,26.816666666666666
27795,23.216666666666665
27796,24.633333333333333
27797,18.0
27798,21.116666666666667
27799,24.166666666666668
27800,30.6
27801,26.566666666666666
27802,24.966666666666665
27803,27.6
27804,17.533333333333335
27805,23.616666666666667
27806,22.066666666666666
27807,24.566666666666666
27808,24.983333333333334
27809,23.9
27810,25.816666666666666
27811,21.2
27812,24.016666666666666
27813,25.033333333333335
27814,26.95
27815,31.033333333333335
27816,31.95
27817,31.633333333333333
27818,25.583333333333332
27819,25.716666666666665
27820,27.133333333333333
27821,30.25
27822,29.85
27823,33.666666666666664
27824,30.766666666666666
27825,28.883333333333333
27826,25.316666666666666
27827,29.083333333333332
27828,34.03333333333333
27829,34.38333333333333
27830,34.56666666666667
27831,34.63333333333333
27832,24.483333333333334
27833,29.616666666666667
27834,31.1
27835,30.233333333333334
27836,28.6
27837,27.916666666666668
27838,31.433333333333334
27839,25.533333333333335
27840,29.366666666666667
27841,33.38333333333333
27842,32.61666666666667
27843,37.4
27844,35.55
27845,37.63333333333333
27846,30.216666666666665
27847,30.566666666666666
27848,35.43333333333333
27849,41.13333333333333
27850,38.8
27851,39.75
27852,37.43333333333333
27853,27.933333333333334
27854,34.333333333333336
27855,34.233333333333334
27856,41.31666666666667
27857,44.53333333333333
27858,41.9
27859,42.2
27860,31.533333333333335
27861,32.983333333333334
27862,32.38333333333333
27863,32.0
27864,40.11666666666667
27865,37.583333333333336
27866,40.1
27867,29.4
27868,30.3
27869,31.8
27870,36.56666666666667
27871,40.016666666666666
27872,40.55
27873,41.78333333333333
27874,33.0
27875,33.833333333333336
27876,35.1
27877,42.416666666666664
27878,39.75
27879,43.25
27880,43.483333333333334
27881,26.833333333333332
27882,37.2
27883,37.4
27884,35.9
27885,42.95
27886,45.88333333333333
27887,44.96666666666667
27888,30.333333333333332
27889,33.733333333333334
27890,40.65
27891,44.21666666666667
27892,45.43333333333333
27893,45.11666666666667
27894,41.11666666666667
27895,34.7
27896,39.88333333333333
27897,38.666666666666664
27898,44.96666666666667
27899,41.266666666666666
27900,45.666666666666664
27901,52.583333333333336
27902,33.56666666666667
27903,38.35
27904,32.833333333333336
27905,49.583333333333336
27906,39.1
27907,40.166666666666664
27908,43.46666666666667
27909,29.566666666666666
27910,37.86666666666667
27911,34.8
27912,40.65
27913,44.516666666666666
27914,47.38333333333333
27915,43.833333333333336
27916,37.38333333333333
27917,37.81666666666667
27918,36.266666666666666
27919,41.31666666666667
27920,34.666666666666664
27921,43.5
27922,45.083333333333336
27923,34.05
27924,39.016666666666666
27925,40.6
27926,32.916666666666664
27927,40.11666666666667
27928,40.5
27929,40.11666666666667
27930,28.366666666666667
27931,32.18333333333333
27932,37.8
27933,37.95
27934,38.2
27935,42.21666666666667
27936,41.53333333333333
27937,30.2
27938,38.11666666666667
27939,39.483333333333334
27940,37.36666666666667
27941,43.516666666666666
27942,44.06666666666667
27943,44.65
27944,32.7
27945,37.6
27946,38.43333333333333
27947,37.5
27948,49.833333333333336
27949,45.0
27950,47.5
27951,31.55
27952,40.96666666666667
27953,38.38333333333333
27954,49.5
27955,50.083333333333336
27956,50.35
27957,53.63333333333333
27958,29.1
27959,44.75
27960,44.03333333333333
27961,45.5
27962,51.3
27963,52.083333333333336
27964,50.43333333333333
27965,29.383333333333333
27966,42.36666666666667
27967,41.86666666666667
27968,49.63333333333333
27969,46.56666666666667
27970,45.63333333333333
27971,47.666666666666664
27972,33.85
27973,36.083333333333336
27974,37.5
27975,45.833333333333336
27976,45.166666666666664
27977,43.36666666666667
27978,46.31666666666667
27979,31.383333333333333
27980,38.65
27981,42.28333333333333
27982,37.2
27983,44.68333333333333
27984,45.36666666666667
27985,41.68333333333333
27986,33.93333333333333
27987,31.4
27988,33.63333333333333
27989,41.416666666666664
27990,40.2
27991,40.516666666666666
27992,43.983333333333334
27993,25.866666666666667
27994,35.53333333333333
27995,40.63333333333333
27996,43.3
27997,43.833333333333336
27998,45.45
27999,41.18333333333333
28000,27.033333333333335
28001,31.75
28002,37.016666666666666
28003,33.28333333333333
28004,38.516666666666666
28005,39.85
28006,38.68333333333333
28007,28.9
28008,30.916666666666668
28009,32.416666666666664
28010,38.95
28011,35.4
28012,37.6
28013,37.61666666666667
28014,31.466666666666665
28015,31.833333333333332
28016,32.53333333333333
28017,32.96666666666667
28018,37.78333333333333
28019,40.06666666666667
28020,39.083333333333336
28021,31.783333333333335
28022,28.183333333333334
28023,34.13333333333333
28024,33.36666666666667
28025,33.68333333333333
28026,38.05
28027,36.6
28028,26.083333333333332
28029,31.083333333333332
28030,33.083333333333336
28031,36.666666666666664
28032,42.31666666666667
28033,45.583333333333336
28034,41.06666666666667
28035,34.3
28036,35.03333333333333
28037,35.516666666666666
28038,44.88333333333333
28039,37.11666666666667
28040,32.4
28041,37.65
28042,28.016666666666666
28043,29.833333333333332
28044,30.333333333333332
28045,31.466666666666665
28046,37.1
28047,38.28333333333333
28048,37.583333333333336
28049,31.516666666666666
28050,30.65
28051,33.21666666666667
28052,35.18333333333333
28053,37.45
28054,35.3
28055,35.1
28056,33.766666666666666
28057,33.233333333333334
28058,31.6
28059,41.05
28060,36.166666666666664
28061,40.483333333333334
28062,38.666666666666664
28063,29.133333333333333
28064,30.35
28065,31.783333333333335
28066,34.85
28067,34.65
28068,36.666666666666664
28069,39.516666666666666
28070,25.75
28071,31.633333333333333
28072,31.8
28073,33.06666666666667
28074,35.68333333333333
28075,38.833333333333336
28076,36.083333333333336
28077,28.3
28078,31.25
28079,33.96666666666667
28080,34.266666666666666
28081,38.31666666666667
28082,46.516666666666666
28083,37.61666666666667
28084,27.15
28085,32.13333333333333
28086,34.13333333333333
28087,36.38333333333333
28088,32.71666666666667
28089,32.35
28090,32.06666666666667
28091,27.883333333333333
28092,28.3
28093,31.7
28094,29.95
28095,29.8
28096,29.5
28097,29.433333333333334
28098,23.416666666666668
28099,20.666666666666668
28100,20.916666666666668
28101,23.733333333333334
28102,30.833333333333332
28103,29.816666666666666
28104,27.566666666666666
28105,23.966666666666665
28106,27.8
28107,24.366666666666667
28108,23.183333333333334
28109,31.3
28110,28.633333333333333
28111,30.8
28112,23.7
28113,27.35
28114,24.366666666666667
28115,29.316666666666666
28116,25.866666666666667
28117,26.533333333333335
28118,26.633333333333333
28119,24.066666666666666
28120,24.6
28121,22.433333333333334
28122,24.283333333333335
28123,27.233333333333334
28124,32.266666666666666
28125,34.016666666666666
28126,19.75
28127,25.716666666666665
28128,26.55
28129,30.266666666666666
28130,30.983333333333334
28131,28.2
28132,32.233333333333334
28133,27.15
28134,26.933333333333334
28135,24.466666666666665
28136,26.45
28137,26.833333333333332
28138,27.216666666666665
28139,27.416666666666668
28140,19.4
28141,26.133333333333333
28142,26.416666666666668
28143,28.8
28144,29.833333333333332
28145,28.383333333333333
28146,29.7
28147,25.333333333333332
28148,26.95
28149,27.733333333333334
28150,26.916666666666668
28151,32.36666666666667
28152,27.8
28153,34.46666666666667
28154,19.333333333333332
28155,26.216666666666665
28156,31.233333333333334
28157,33.21666666666667
28158,31.816666666666666
28159,34.7
28160,32.81666666666667
28161,29.066666666666666
28162,30.033333333333335
28163,29.9
28164,25.583333333333332
28165,27.2
28166,28.533333333333335
28167,28.233333333333334
28168,22.366666666666667
28169,22.983333333333334
28170,24.75
28171,30.833333333333332
28172,35.083333333333336
28173,31.433333333333334
28174,32.93333333333333
28175,23.65
28176,28.833333333333332
28177,32.333333333333336
28178,29.166666666666668
28179,28.4
28180,31.733333333333334
28181,33.03333333333333
28182,22.083333333333332
28183,24.566666666666666
28184,30.466666666666665
28185,32.68333333333333
28186,33.11666666666667
28187,40.15
28188,40.766666666666666
28189,25.933333333333334
28190,29.833333333333332
28191,32.7
28192,35.416666666666664
28193,37.2
28194,36.983333333333334
28195,42.28333333333333
28196,28.5
28197,31.45
28198,34.38333333333333
28199,36.45
28200,33.9
28201,34.75
28202,41.28333333333333
28203,26.5
28204,33.0
28205,35.55
28206,33.3
28207,42.55
28208,40.983333333333334
28209,40.733333333333334
28210,27.5
28211,35.0
28212,35.81666666666667
28213,41.18333333333333
28214,40.45
28215,41.45
28216,53.36666666666667
28217,27.533333333333335
28218,36.88333333333333
28219,37.05
28220,36.56666666666667
28221,49.6
28222,43.38333333333333
28223,43.833333333333336
28224,31.45
28225,36.2
28226,38.05
28227,44.5
28228,54.28333333333333
28229,47.21666666666667
28230,52.05
28231,35.81666666666667
28232,38.86666666666667
28233,42.43333333333333
28234,45.88333333333333
28235,38.416666666666664
28236,50.75
28237,51.55
28238,32.5
28239,42.13333333333333
28240,49.45
28241,45.38333333333333
28242,43.03333333333333
28243,50.43333333333333
28244,50.016666666666666
28245,34.45
28246,42.36666666666667
28247,43.083333333333336
28248,37.583333333333336
28249,41.63333333333333
28250,49.03333333333333
28251,45.516666666666666
28252,33.1
28253,35.583333333333336
28254,41.4
28255,41.86666666666667
28256,48.13333333333333
28257,51.13333333333333
28258,45.25
28259,31.05
28260,40.86666666666667
28261,45.766666666666666
28262,55.63333333333333
28263,41.7
28264,49.266666666666666
28265,50.45
28266,34.983333333333334
28267,40.95
28268,42.733333333333334
28269,36.18333333333333
28270,46.68333333333333
28271,47.96666666666667
28272,54.65
28273,29.983333333333334
28274,43.25
28275,46.11666666666667
28276,44.88333333333333
28277,53.15
28278,56.71666666666667
28279,53.05
28280,38.833333333333336
28281,44.4
28282,46.03333333333333
28283,49.35
28284,43.983333333333334
28285,51.0
28286,53.55
28287,32.86666666666667
28288,43.583333333333336
28289,45.06666666666667
28290,36.68333333333333
28291,49.55
28292,60.06666666666667
28293,52.96666666666667
28294,36.266666666666666
28295,45.96666666666667
28296,46.0
28297,44.25
28298,48.333333333333336
28299,50.61666666666667
28300,50.733333333333334
28301,27.233333333333334
28302,43.4
28303,49.78333333333333
28304,53.56666666666667
28305,51.18333333333333
28306,55.516666666666666
28307,57.18333333333333
28308,37.68333333333333
28309,44.35
28310,48.13333333333333
28311,49.416666666666664
28312,48.55
28313,55.516666666666666
28314,53.6
28315,34.983333333333334
28316,45.35
28317,50.8
28318,52.166666666666664
28319,58.71666666666667
28320,57.016666666666666
28321,56.733333333333334
28322,37.55
28323,47.666666666666664
28324,51.25
28325,57.03333333333333
28326,47.733333333333334
28327,55.733333333333334
28328,51.7
28329,36.06666666666667
28330,40.9
28331,44.083333333333336
28332,48.18333333333333
28333,59.3
28334,55.4
28335,52.95
28336,45.56666666666667
28337,46.9
28338,48.483333333333334
28339,53.2
28340,47.85
28341,48.65
28342,51.5
28343,30.75
28344,37.6
28345,42.35
28346,45.416666666666664
28347,47.11666666666667
28348,49.983333333333334
28349,51.916666666666664
28350,29.933333333333334
28351,43.95
28352,47.65
28353,55.016666666666666
28354,42.71666666666667
28355,49.88333333333333
28356,51.9
28357,36.06666666666667
28358,39.31666666666667
28359,39.88333333333333
28360,36.233333333333334
28361,45.4
28362,45.166666666666664
28363,46.333333333333336
28364,30.983333333333334
28365,36.95
28366,43.43333333333333
28367,41.1
28368,43.3
28369,44.083333333333336
28370,42.2
28371,31.466666666666665
28372,37.833333333333336
28373,41.7
28374,37.483333333333334
28375,46.93333333333333
28376,46.56666666666667
28377,50.666666666666664
28378,29.966666666666665
28379,39.61666666666667
28380,41.166666666666664
28381,40.71666666666667
28382,44.416666666666664
28383,53.11666666666667
28384,44.416666666666664
28385,32.916666666666664
28386,38.93333333333333
28387,41.983333333333334
28388,41.35
28389,37.05
28390,46.416666666666664
28391,44.85
28392,31.516666666666666
28393,41.31666666666667
28394,38.583333333333336
28395,33.71666666666667
28396,44.45
28397,45.43333333333333
28398,46.266666666666666
28399,30.266666666666666
28400,36.46666666666667
28401,39.36666666666667
28402,34.416666666666664
28403,55.06666666666667
28404,45.8
28405,46.266666666666666
28406,35.5
28407,36.4
28408,45.9
28409,42.833333333333336
28410,39.31666666666667
28411,40.11666666666667
28412,41.2
28413,27.683333333333334
28414,34.1
28415,38.03333333333333
28416,40.983333333333334
28417,40.86666666666667
28418,47.333333333333336
28419,41.95
28420,35.3
28421,40.15
28422,40.93333333333333
28423,40.1
28424,45.81666666666667
28425,46.15
28426,53.95
28427,30.783333333333335
28428,35.43333333333333
28429,36.81666666666667
28430,47.61666666666667
28431,44.68333333333333
28432,41.55
28433,41.266666666666666
28434,25.25
28435,34.333333333333336
28436,34.31666666666667
28437,38.416666666666664
28438,38.916666666666664
28439,42.266666666666666
28440,44.81666666666667
28441,29.633333333333333
28442,36.666666666666664
28443,44.083333333333336
28444,45.13333333333333
28445,41.266666666666666
28446,45.11666666666667
28447,47.583333333333336
28448,34.05
28449,38.05
28450,44.46666666666667
28451,48.03333333333333
28452,48.18333333333333
28453,42.93333333333333
28454,45.483333333333334
28455,28.183333333333334
28456,35.65
28457,35.7
28458,40.166666666666664
28459,30.85
28460,34.916666666666664
28461,32.93333333333333
28462,22.55
28463,24.35
28464,27.916666666666668
28465,28.05
28466,27.633333333333333
28467,32.28333333333333
28468,35.18333333333333
28469,23.133333333333333
28470,30.033333333333335
28471,31.2
28472,29.183333333333334
28473,35.78333333333333
28474,36.88333333333333
28475,33.766666666666666
28476,20.233333333333334
28477,27.2
28478,27.15
28479,28.2
28480,32.5
28481,29.416666666666668
28482,32.2
28483,24.25
28484,26.383333333333333
28485,27.166666666666668
28486,31.033333333333335
28487,31.216666666666665
28488,31.516666666666666
28489,33.06666666666667
28490,23.533333333333335
28491,29.716666666666665
28492,29.35
28493,32.56666666666667
28494,31.633333333333333
28495,34.28333333333333
28496,31.466666666666665
28497,23.6
28498,27.833333333333332
28499,29.8
28500,30.75
28501,32.483333333333334
28502,31.533333333333335
28503,34.0
28504,25.366666666666667
28505,29.05
28506,30.316666666666666
28507,33.666666666666664
28508,31.483333333333334
28509,33.75
28510,32.416666666666664
28511,21.916666666666668
28512,24.2
28513,26.016666666666666
28514,29.883333333333333
28515,29.066666666666666
28516,24.233333333333334
28517,29.083333333333332
28518,18.233333333333334
28519,27.516666666666666
28520,28.5
28521,34.1
28522,24.45
28523,33.28333333333333
28524,32.983333333333334
28525,20.35
28526,25.033333333333335
28527,27.866666666666667
28528,35.86666666666667
28529,32.36666666666667
28530,29.916666666666668
28531,32.75
28532,27.95
28533,27.933333333333334
28534,29.366666666666667
28535,33.11666666666667
28536,32.8
28537,33.55
28538,30.95
28539,25.366666666666667
28540,25.733333333333334
28541,28.216666666666665
28542,33.21666666666667
28543,29.5
28544,37.85
28545,36.583333333333336
28546,25.2
28547,29.483333333333334
28548,30.816666666666666
28549,38.0
28550,36.65
28551,48.8
28552,51.766666666666666
28553,31.583333333333332
28554,35.833333333333336
28555,36.7
28556,34.666666666666664
28557,34.61666666666667
28558,39.61666666666667
28559,44.31666666666667
28560,26.033333333333335
28561,32.61666666666667
28562,32.5
28563,38.38333333333333
28564,44.21666666666667
28565,41.28333333333333
28566,45.333333333333336
28567,28.783333333333335
28568,36.81666666666667
28569,37.416666666666664
28570,41.016666666666666
28571,33.7
28572,38.483333333333334
28573,39.86666666666667
28574,28.566666666666666
28575,29.2
28576,35.583333333333336
28577,39.93333333333333
28578,42.2
28579,43.88333333333333
28580,47.45
28581,31.033333333333335
28582,39.13333333333333
28583,37.95
28584,41.28333333333333
28585,43.0
28586,40.68333333333333
28587,42.06666666666667
28588,36.483333333333334
28589,36.25
28590,36.8
28591,41.2
28592,43.36666666666667
28593,40.36666666666667
28594,36.61666666666667
28595,31.433333333333334
28596,35.516666666666666
28597,40.45
28598,41.733333333333334
28599,40.5
28600,43.96666666666667
28601,48.43333333333333
28602,32.31666666666667
28603,36.416666666666664
28604,38.2
28605,41.6
28606,46.733333333333334
28607,53.56666666666667
28608,50.46666666666667
28609,32.68333333333333
28610,42.71666666666667
28611,42.03333333333333
28612,48.68333333333333
28613,50.28333333333333
28614,56.95
28615,51.75
28616,34.233333333333334
28617,43.63333333333333
28618,44.55
28619,48.016666666666666
28620,51.36666666666667
28621,51.13333333333333
28622,59.733333333333334
28623,37.4
28624,45.15
28625,46.85
28626,41.61666666666667
28627,43.166666666666664
28628,55.266666666666666
28629,52.03333333333333
28630,36.766666666666666
28631,44.9
28632,49.71666666666667
28633,45.78333333333333
28634,46.45
28635,45.71666666666667
28636,54.06666666666667
28637,31.0
28638,49.36666666666667
28639,49.766666666666666
28640,38.9
28641,56.85
28642,59.5
28643,54.81666666666667
28644,39.78333333333333
28645,42.65
28646,47.31666666666667
28647,49.55
28648,52.416666666666664
28649,51.21666666666667
28650,55.766666666666666
28651,38.95
28652,43.083333333333336
28653,45.166666666666664
28654,51.88333333333333
28655,47.81666666666667
28656,51.416666666666664
28657,51.65
28658,38.583333333333336
28659,43.61666666666667
28660,43.93333333333333
28661,35.86666666666667
28662,59.35
28663,56.483333333333334
28664,53.483333333333334
28665,35.983333333333334
28666,46.03333333333333
28667,50.86666666666667
28668,54.166666666666664
28669,52.15
28670,59.95
28671,59.45
28672,40.983333333333334
28673,46.75
28674,50.233333333333334
28675,52.35
28676,51.2
28677,54.06666666666667
28678,65.2
28679,39.61666666666667
28680,43.03333333333333
28681,50.916666666666664
28682,47.15
28683,56.666666666666664
28684,54.4
28685,55.25
28686,38.13333333333333
28687,45.18333333333333
28688,46.88333333333333
28689,54.81666666666667
28690,69.55
28691,66.65
28692,71.33333333333333
28693,41.68333333333333
28694,52.1
28695,55.9
28696,63.733333333333334
28697,56.65
28698,57.733333333333334
28699,58.6
28700,38.666666666666664
28701,49.21666666666667
28702,47.88333333333333
28703,57.766666666666666
28704,66.3
28705,56.583333333333336
28706,62.03333333333333
28707,41.18333333333333
28708,46.45
28709,48.916666666666664
28710,54.55
28711,52.75
28712,52.916666666666664
28713,58.9
28714,39.96666666666667
28715,47.333333333333336
28716,50.31666666666667
28717,40.516666666666666
28718,52.75
28719,54.68333333333333
28720,53.1
28721,40.55
28722,43.71666666666667
28723,45.81666666666667
28724,55.8
28725,52.43333333333333
28726,53.71666666666667
28727,54.483333333333334
28728,39.03333333333333
28729,41.88333333333333
28730,45.85
28731,47.4
28732,50.61666666666667
28733,50.93333333333333
28734,46.61666666666667
28735,37.5
28736,46.06666666666667
28737,43.35
28738,44.95
28739,53.583333333333336
28740,53.43333333333333
28741,51.85
28742,35.86666666666667
28743,41.85
28744,43.3
28745,45.416666666666664
28746,44.38333333333333
28747,50.06666666666667
28748,50.2
28749,37.13333333333333
28750,37.36666666666667
28751,40.8
28752,37.68333333333333
28753,49.583333333333336
28754,40.666666666666664
28755,42.766666666666666
28756,32.55
28757,36.06666666666667
28758,35.88333333333333
28759,41.31666666666667
28760,40.63333333333333
28761,49.56666666666667
28762,53.13333333333333
28763,31.166666666666668
28764,38.36666666666667
28765,37.56666666666667
28766,33.7
28767,44.61666666666667
28768,40.53333333333333
28769,40.43333333333333
28770,26.5
28771,36.266666666666666
28772,38.583333333333336
28773,42.7
28774,43.333333333333336
28775,46.03333333333333
28776,42.983333333333334
28777,26.7
28778,39.833333333333336
28779,39.28333333333333
28780,46.0
28781,36.416666666666664
28782,42.43333333333333
28783,45.15
28784,25.416666666666668
28785,36.75
28786,36.86666666666667
28787,39.233333333333334
28788,40.4
28789,46.06666666666667
28790,38.1
28791,27.1
28792,36.18333333333333
28793,39.8
28794,52.0
28795,53.6
28796,53.56666666666667
28797,54.75
28798,36.733333333333334
28799,45.0
28800,45.13333333333333
28801,45.85
28802,46.95
28803,48.516666666666666
28804,50.78333333333333
28805,36.05
28806,38.11666666666667
28807,43.06666666666667
28808,46.7
28809,47.81666666666667
28810,43.666666666666664
28811,48.416666666666664
28812,33.9
28813,39.86666666666667
28814,44.31666666666667
28815,42.416666666666664
28816,46.333333333333336
28817,48.56666666666667
28818,50.61666666666667
28819,36.766666666666666
28820,38.03333333333333
28821,29.783333333333335
28822,31.4
28823,35.5
28824,41.78333333333333
28825,40.38333333333333
28826,25.766666666666666
28827,31.85
28828,35.36666666666667
28829,31.65
28830,35.61666666666667
28831,38.2
28832,30.866666666666667
28833,22.0
28834,30.383333333333333
28835,33.81666666666667
28836,28.05
28837,37.63333333333333
28838,34.416666666666664
28839,33.11666666666667
28840,25.083333333333332
28841,25.65
28842,29.666666666666668
28843,31.533333333333335
28844,30.716666666666665
28845,33.78333333333333
28846,35.68333333333333
28847,21.966666666666665
28848,25.75
28849,28.55
28850,28.35
28851,28.35
28852,29.116666666666667
28853,29.566666666666666
28854,23.416666666666668
28855,29.283333333333335
28856,30.183333333333334
28857,32.55
28858,32.61666666666667
28859,39.016666666666666
28860,33.583333333333336
28861,26.1
28862,26.75
28863,28.483333333333334
28864,29.816666666666666
28865,29.466666666666665
28866,28.383333333333333
28867,31.983333333333334
28868,20.033333333333335
28869,28.85
28870,27.166666666666668
28871,26.266666666666666
28872,27.866666666666667
28873,32.55
28874,30.533333333333335
28875,22.3
28876,25.933333333333334
28877,28.2
28878,31.333333333333332
28879,31.466666666666665
28880,34.766666666666666
28881,34.166666666666664
28882,28.1
28883,31.05
28884,39.083333333333336
28885,32.266666666666666
28886,33.93333333333333
28887,39.43333333333333
28888,41.15
28889,30.583333333333332
28890,32.45
28891,35.15
28892,41.233333333333334
28893,30.4
28894,35.85
28895,44.13333333333333
28896,32.88333333333333
28897,32.0
28898,33.916666666666664
28899,31.5
28900,37.983333333333334
28901,36.583333333333336
28902,40.18333333333333
28903,29.216666666666665
28904,32.18333333333333
28905,31.883333333333333
28906,33.8
28907,32.083333333333336
28908,33.666666666666664
28909,36.55
28910,23.65
28911,28.716666666666665
28912,35.36666666666667
28913,33.55
28914,41.15
28915,42.81666666666667
28916,41.68333333333333
28917,32.2
28918,32.4
28919,34.5
28920,40.416666666666664
28921,39.083333333333336
28922,39.083333333333336
28923,41.31666666666667
28924,24.983333333333334
28925,36.416666666666664
28926,39.55
28927,48.35
28928,43.06666666666667
28929,48.35
28930,37.28333333333333
28931,29.266666666666666
28932,32.86666666666667
28933,33.5
28934,25.45
28935,33.583333333333336
28936,46.38333333333333
28937,49.18333333333333
28938,30.533333333333335
28939,34.88333333333333
28940,36.11666666666667
28941,34.05
28942,46.35
28943,42.333333333333336
28944,44.55
28945,30.583333333333332
28946,37.78333333333333
28947,42.4
28948,44.4
28949,42.63333333333333
28950,51.6
28951,45.86666666666667
28952,30.616666666666667
28953,40.75
28954,41.68333333333333
28955,42.85
28956,39.266666666666666
28957,48.983333333333334
28958,51.61666666666667
28959,30.7
28960,41.21666666666667
28961,45.71666666666667
28962,49.1
28963,53.31666666666667
28964,52.166666666666664
28965,50.55
28966,35.15
28967,41.35
28968,43.03333333333333
28969,50.71666666666667
28970,52.46666666666667
28971,50.53333333333333
28972,59.266666666666666
28973,36.71666666666667
28974,41.233333333333334
28975,47.05
28976,49.85
28977,42.13333333333333
28978,54.11666666666667
28979,53.56666666666667
28980,35.4
28981,42.766666666666666
28982,49.88333333333333
28983,49.38333333333333
28984,50.9
28985,54.05
28986,57.483333333333334
28987,39.18333333333333
28988,46.21666666666667
28989,46.38333333333333
28990,50.233333333333334
28991,57.516666666666666
28992,56.166666666666664
28993,55.93333333333333
28994,39.68333333333333
28995,45.516666666666666
28996,49.53333333333333
28997,48.016666666666666
28998,61.9
28999,57.53333333333333
29000,60.2
29001,37.38333333333333
29002,47.583333333333336
29003,51.416666666666664
29004,54.233333333333334
29005,50.05
29006,53.53333333333333
29007,56.46666666666667
29008,39.46666666666667
29009,42.266666666666666
29010,45.0
29011,41.03333333333333
29012,49.266666666666666
29013,52.81666666666667
29014,54.4
29015,32.03333333333333
29016,47.166666666666664
29017,56.333333333333336
29018,55.15
29019,56.266666666666666
29020,56.56666666666667
29021,58.95
29022,40.416666666666664
29023,46.8
29024,49.56666666666667
29025,57.416666666666664
29026,55.21666666666667
29027,61.46666666666667
29028,60.21666666666667
29029,38.81666666666667
29030,53.68333333333333
29031,53.5
29032,59.25
29033,60.983333333333334
29034,62.266666666666666
29035,59.766666666666666
29036,44.9
29037,49.3
29038,50.416666666666664
29039,57.63333333333333
29040,60.53333333333333
29041,59.1
29042,62.63333333333333
29043,37.0
29044,53.016666666666666
29045,48.95
29046,60.2
29047,71.91666666666667
29048,67.28333333333333
29049,64.11666666666666
29050,43.833333333333336
29051,54.43333333333333
29052,52.35
29053,60.5
29054,57.35
29055,57.78333333333333
29056,57.15
29057,39.43333333333333
29058,53.03333333333333
29059,60.333333333333336
29060,62.733333333333334
29061,63.3
29062,66.31666666666666
29063,60.55
29064,45.016666666666666
29065,47.31666666666667
29066,52.016666666666666
29067,57.233333333333334
29068,54.53333333333333
29069,55.43333333333333
29070,57.25
29071,38.81666666666667
29072,42.233333333333334
29073,46.86666666666667
29074,51.583333333333336
29075,52.13333333333333
29076,51.06666666666667
29077,56.78333333333333
29078,35.85
29079,44.38333333333333
29080,49.06666666666667
29081,53.6
29082,55.833333333333336
29083,56.4
29084,54.333333333333336
29085,46.083333333333336
29086,46.5
29087,50.18333333333333
29088,52.71666666666667
29089,49.333333333333336
29090,54.38333333333333
29091,58.2
29092,36.733333333333334
29093,44.53333333333333
29094,48.18333333333333
29095,55.1
29096,43.5
29097,52.85
29098,53.75
29099,37.483333333333334
29100,39.21666666666667
29101,44.016666666666666
29102,45.31666666666667
29103,46.25
29104,55.88333333333333
29105,59.31666666666667
29106,38.516666666666666
29107,41.016666666666666
29108,48.2
29109,46.0
29110,48.65
29111,53.31666666666667
29112,51.95
29113,35.083333333333336
29114,41.766666666666666
29115,42.7
29116,42.13333333333333
29117,44.166666666666664
29118,48.833333333333336
29119,48.65
29120,36.833333333333336
29121,43.46666666666667
29122,44.71666666666667
29123,42.85
29124,45.1
29125,56.35
29126,55.56666666666667
29127,39.28333333333333
29128,42.016666666666666
29129,44.68333333333333
29130,41.88333333333333
29131,46.3
29132,41.03333333333333
29133,49.46666666666667
29134,30.633333333333333
29135,37.9
29136,43.06666666666667
29137,43.9
29138,46.43333333333333
29139,47.43333333333333
29140,47.88333333333333
29141,30.616666666666667
29142,40.38333333333333
29143,41.483333333333334
29144,43.266666666666666
29145,45.88333333333333
29146,49.666666666666664
29147,45.11666666666667
29148,32.43333333333333
29149,36.85
29150,38.166666666666664
29151,36.43333333333333
29152,45.05
29153,44.55
29154,40.96666666666667
29155,32.61666666666667
29156,31.45
29157,37.43333333333333
29158,42.55
29159,43.38333333333333
29160,58.46666666666667
29161,52.38333333333333
29162,35.05
29163,45.15
29164,44.06666666666667
29165,44.11666666666667
29166,50.333333333333336
29167,51.21666666666667
29168,51.88333333333333
29169,32.483333333333334
29170,40.71666666666667
29171,43.333333333333336
29172,52.53333333333333
29173,51.38333333333333
29174,56.733333333333334
29175,57.45
29176,36.86666666666667
29177,41.083333333333336
29178,45.0
29179,45.5
29180,52.61666666666667
29181,51.06666666666667
29182,52.1
29183,35.71666666666667
29184,43.833333333333336
29185,45.983333333333334
29186,49.4
29187,33.31666666666667
29188,43.3
29189,40.916666666666664
29190,27.2
29191,32.833333333333336
29192,34.233333333333334
29193,28.966666666666665
29194,38.733333333333334
29195,35.516666666666666
29196,39.63333333333333
29197,25.15
29198,29.866666666666667
29199,31.983333333333334
29200,30.816666666666666
29201,33.36666666666667
29202,35.666666666666664
29203,37.36666666666667
29204,23.983333333333334
29205,29.633333333333333
29206,32.416666666666664
29207,28.666666666666668
29208,37.05
29209,40.85
29210,41.983333333333334
29211,26.3
29212,33.35
29213,34.21666666666667
29214,37.266666666666666
29215,35.766666666666666
29216,38.61666666666667
29217,31.283333333333335
29218,24.833333333333332
29219,29.55
29220,32.583333333333336
29221,30.3
29222,29.233333333333334
29223,35.3
29224,32.63333333333333
29225,23.883333333333333
29226,30.183333333333334
29227,30.766666666666666
29228,27.8
29229,37.666666666666664
29230,33.516666666666666
29231,39.11666666666667
29232,24.75
29233,29.416666666666668
29234,31.466666666666665
29235,35.516666666666666
29236,33.81666666666667
29237,32.68333333333333
29238,34.5
29239,24.65
29240,29.933333333333334
29241,28.55
29242,30.7
29243,32.68333333333333
29244,38.18333333333333
29245,34.25
29246,26.35
29247,29.333333333333332
29248,31.133333333333333
29249,27.283333333333335
29250,34.333333333333336
29251,33.78333333333333
29252,37.53333333333333
29253,23.85
29254,28.366666666666667
29255,32.56666666666667
29256,39.7
29257,38.06666666666667
29258,37.166666666666664
29259,39.93333333333333
29260,29.75
29261,33.666666666666664
29262,31.316666666666666
29263,36.38333333333333
29264,38.96666666666667
29265,36.4
29266,36.31666666666667
29267,27.983333333333334
29268,29.083333333333332
29269,31.733333333333334
29270,37.516666666666666
29271,37.666666666666664
29272,38.46666666666667
29273,38.86666666666667
29274,30.1
29275,31.383333333333333
29276,38.2
29277,39.95
29278,56.63333333333333
29279,55.78333333333333
29280,44.7
29281,37.4
29282,37.8
29283,37.28333333333333
29284,54.483333333333334
29285,48.03333333333333
29286,48.53333333333333
29287,51.983333333333334
29288,32.0
29289,38.45
29290,43.833333333333336
29291,51.86666666666667
29292,46.35
29293,41.43333333333333
29294,45.13333333333333
29295,30.933333333333334
29296,36.78333333333333
29297,40.766666666666666
29298,44.4
29299,45.733333333333334
29300,47.2
29301,46.85
29302,31.666666666666668
29303,37.36666666666667
29304,44.88333333333333
29305,45.43333333333333
29306,46.65
29307,51.81666666666667
29308,62.46666666666667
29309,33.75
29310,42.3
29311,46.35
29312,41.666666666666664
29313,51.06666666666667
29314,53.483333333333334
29315,55.016666666666666
29316,30.316666666666666
29317,42.333333333333336
29318,44.31666666666667
29319,40.7
29320,46.28333333333333
29321,45.68333333333333
29322,51.03333333333333
29323,35.766666666666666
29324,42.916666666666664
29325,45.75
29326,51.45
29327,49.63333333333333
29328,52.583333333333336
29329,50.666666666666664
29330,36.68333333333333
29331,40.983333333333334
29332,47.6
29333,38.88333333333333
29334,51.61666666666667
29335,52.766666666666666
29336,53.06666666666667
29337,39.43333333333333
29338,45.31666666666667
29339,49.31666666666667
29340,51.416666666666664
29341,55.46666666666667
29342,58.55
29343,57.2
29344,38.733333333333334
29345,45.583333333333336
29346,48.166666666666664
29347,55.03333333333333
29348,52.2
29349,61.36666666666667
29350,60.36666666666667
29351,40.31666666666667
29352,46.983333333333334
29353,50.68333333333333
29354,48.05
29355,45.9
29356,50.1
29357,52.483333333333334
29358,36.983333333333334
29359,46.43333333333333
29360,47.083333333333336
29361,55.35
29362,58.916666666666664
29363,61.7
29364,58.93333333333333
29365,40.05
29366,52.15
29367,51.833333333333336
29368,49.03333333333333
29369,56.733333333333334
29370,61.31666666666667
29371,60.5
29372,38.8
29373,49.81666666666667
29374,54.333333333333336
29375,57.56666666666667
29376,56.36666666666667
29377,62.233333333333334
29378,62.03333333333333
29379,39.6
29380,54.36666666666667
29381,55.833333333333336
29382,52.65
29383,62.43333333333333
29384,69.75
29385,62.86666666666667
29386,42.3
29387,55.6
29388,57.733333333333334
29389,64.98333333333333
29390,64.25
29391,65.33333333333333
29392,71.1
29393,45.71666666666667
29394,52.28333333333333
29395,56.666666666666664
29396,56.06666666666667
29397,55.71666666666667
29398,62.18333333333333
29399,65.88333333333334
29400,43.7
29401,59.4
29402,60.2
29403,54.63333333333333
29404,52.6
29405,59.31666666666667
29406,67.46666666666667
29407,41.833333333333336
29408,51.0
29409,54.88333333333333
29410,53.4
29411,60.4
29412,63.166666666666664
29413,68.45
29414,45.25
29415,54.78333333333333
29416,58.2
29417,56.68333333333333
29418,60.7
29419,67.71666666666667
29420,76.0
29421,45.766666666666666
29422,52.016666666666666
29423,59.416666666666664
29424,62.96666666666667
29425,67.53333333333333
29426,70.88333333333334
29427,66.9
29428,45.53333333333333
29429,61.0
29430,55.916666666666664
29431,63.36666666666667
29432,49.583333333333336
29433,57.06666666666667
29434,57.38333333333333
29435,38.46666666666667
29436,47.6
29437,46.916666666666664
29438,49.983333333333334
29439,52.96666666666667
29440,59.78333333333333
29441,56.083333333333336
29442,39.13333333333333
29443,49.38333333333333
29444,49.96666666666667
29445,57.13333333333333
29446,55.63333333333333
29447,54.483333333333334
29448,56.666666666666664
29449,38.11666666666667
29450,46.96666666666667
29451,48.11666666666667
29452,40.8
29453,52.45
29454,52.483333333333334
29455,59.43333333333333
29456,36.7
29457,44.75
29458,49.31666666666667
29459,53.083333333333336
29460,60.916666666666664
29461,54.65
29462,54.78333333333333
29463,37.1
29464,41.266666666666666
29465,45.7
29466,48.666666666666664
29467,44.4
29468,53.36666666666667
29469,53.15
29470,34.483333333333334
29471,44.416666666666664
29472,47.55
29473,48.96666666666667
29474,47.81666666666667
29475,59.983333333333334
29476,55.9
29477,38.516666666666666
29478,47.36666666666667
29479,49.36666666666667
29480,50.06666666666667
29481,51.25
29482,59.15
29483,59.81666666666667
29484,37.5
29485,46.083333333333336
29486,47.61666666666667
29487,41.78333333333333
29488,53.8
29489,49.93333333333333
29490,47.38333333333333
29491,35.95
29492,38.43333333333333
29493,42.78333333333333
29494,45.71666666666667
29495,49.3
29496,49.43333333333333
29497,48.6
29498,30.633333333333333
29499,41.46666666666667
29500,43.18333333333333
29501,52.766666666666666
29502,45.916666666666664
29503,51.18333333333333
29504,48.15
29505,35.7
29506,38.31666666666667
29507,37.21666666666667
29508,42.15
29509,40.28333333333333
29510,45.31666666666667
29511,48.78333333333333
29512,32.38333333333333
29513,36.416666666666664
29514,45.86666666666667
29515,41.05
29516,47.95
29517,45.8
29518,49.21666666666667
29519,30.95
29520,41.7
29521,40.733333333333334
29522,43.55
29523,47.4
29524,53.21666666666667
29525,59.28333333333333
29526,36.3
29527,39.8
29528,47.13333333333333
29529,50.11666666666667
29530,47.78333333333333
29531,48.916666666666664
29532,50.75
29533,29.516666666666666
29534,42.1
29535,43.6
29536,45.416666666666664
29537,47.016666666666666
29538,53.083333333333336
29539,49.983333333333334
29540,34.083333333333336
29541,45.13333333333333
29542,43.6
29543,47.28333333333333
29544,43.583333333333336
29545,53.95
29546,58.25
29547,37.85
29548,41.266666666666666
29549,44.96666666666667
29550,49.233333333333334
29551,47.38333333333333
29552,45.95
29553,46.233333333333334
29554,24.65
29555,37.43333333333333
29556,35.583333333333336
29557,42.3
29558,35.8
29559,38.8
29560,37.25
29561,22.9
29562,34.36666666666667
29563,36.28333333333333
29564,39.7
29565,40.483333333333334
29566,38.516666666666666
29567,41.18333333333333
29568,27.133333333333333
29569,30.583333333333332
29570,34.916666666666664
29571,37.31666666666667
29572,35.55
29573,40.06666666666667
29574,37.35
29575,22.4
29576,33.2
29577,32.666666666666664
29578,32.666666666666664
29579,39.2
29580,40.6
29581,36.5
29582,7.916666666666667
29583,5.183333333333334
29584,5.183333333333334
29585,4.85
29586,5.1
29587,6.666666666666667
29588,6.716666666666667
29589,5.233333333333333
29590,4.716666666666667
29591,4.666666666666667
29592,3.9833333333333334
29593,3.966666666666667
29594,6.3
29595,6.533333333333333
29596,5.233333333333333
29597,4.433333333333334
29598,4.5
29599,3.65
29600,3.816666666666667
29601,6.566666666666666
29602,7.016666666666667
29603,5.233333333333333
29604,5.016666666666667
29605,5.1
29606,4.116666666666666
29607,4.4
29608,7.05
29609,7.066666666666666
29610,5.383333333333334
29611,5.35
29612,5.516666666666667
29613,4.35
29614,4.616666666666666
29615,6.666666666666667
29616,6.716666666666667
29617,5.25
29618,4.8
29619,4.866666666666666
29620,4.05
29621,4.466666666666667
29622,6.783333333333333
29623,6.633333333333334
29624,5.25
29625,4.65
29626,4.716666666666667
29627,3.7333333333333334
29628,4.1
29629,6.816666666666666
29630,6.616666666666666
29631,5.3
29632,4.833333333333333
29633,4.933333333333334
29634,3.95
29635,4.233333333333333
29636,7.116666666666666
29637,6.933333333333334
29638,5.4
29639,5.05
29640,5.483333333333333
29641,4.35
29642,4.616666666666666
29643,6.7
29644,6.816666666666666
29645,5.283333333333333
29646,4.85
29647,4.883333333333334
29648,4.05
29649,4.466666666666667
29650,6.816666666666666
29651,6.733333333333333
29652,5.25
29653,4.7
29654,4.733333333333333
29655,3.7666666666666666
29656,4.1
29657,6.816666666666666
29658,6.616666666666666
29659,5.3
29660,4.816666666666666
29661,4.95
29662,3.95
29663,4.233333333333333
29664,7.116666666666666
29665,6.933333333333334
29666,5.4
29667,5.05
29668,5.483333333333333
29669,4.3
29670,4.583333333333333
29671,7.233333333333333
29672,3.9
29673,12.5
29674,21.283333333333335
29675,26.583333333333332
29676,18.933333333333334
29677,20.5
29678,19.866666666666667
29679,29.683333333333334
29680,28.8
29681,28.4
29682,32.21666666666667
29683,32.15
29684,28.55
29685,24.35
29686,30.9
29687,29.85
29688,36.96666666666667
29689,31.233333333333334
29690,36.85
29691,36.233333333333334
29692,25.516666666666666
29693,30.35
29694,29.516666666666666
29695,32.666666666666664
29696,34.46666666666667
29697,37.28333333333333
29698,34.7
29699,25.583333333333332
29700,27.483333333333334
29701,33.88333333333333
29702,35.96666666666667
29703,37.78333333333333
29704,38.68333333333333
29705,37.666666666666664
29706,31.666666666666668
29707,28.783333333333335
29708,34.35
29709,37.61666666666667
29710,38.71666666666667
29711,38.35
29712,38.583333333333336
29713,32.71666666666667
29714,31.066666666666666
29715,33.583333333333336
29716,35.45
29717,37.833333333333336
29718,37.63333333333333
29719,37.5
29720,31.466666666666665
29721,32.93333333333333
29722,30.9
29723,35.15
29724,37.666666666666664
29725,40.016666666666666
29726,39.483333333333334
29727,32.25
29728,29.383333333333333
29729,35.0
29730,33.666666666666664
29731,37.833333333333336
29732,40.983333333333334
29733,40.2
29734,29.95
29735,35.93333333333333
29736,38.25
29737,44.03333333333333
29738,39.36666666666667
29739,44.36666666666667
29740,44.18333333333333
29741,31.25
29742,37.71666666666667
29743,37.2
29744,40.483333333333334
29745,41.3
29746,45.06666666666667
29747,44.4
29748,32.35
29749,37.56666666666667
29750,36.31666666666667
29751,39.03333333333333
29752,48.21666666666667
29753,51.43333333333333
29754,51.05
29755,37.15
29756,44.31666666666667
29757,41.21666666666667
29758,44.85
29759,46.766666666666666
29760,50.666666666666664
29761,51.93333333333333
29762,35.666666666666664
29763,44.95
29764,53.5
29765,48.78333333333333
29766,50.61666666666667
29767,49.86666666666667
29768,46.166666666666664
29769,33.766666666666666
29770,44.56666666666667
29771,42.583333333333336
29772,46.38333333333333
29773,52.983333333333334
29774,56.266666666666666
29775,56.7
29776,38.43333333333333
29777,45.666666666666664
29778,47.95
29779,52.25
29780,50.916666666666664
29781,58.05
29782,60.55
29783,39.88333333333333
29784,48.06666666666667
29785,50.78333333333333
29786,48.61666666666667
29787,54.06666666666667
29788,56.11666666666667
29789,54.25
29790,47.833333333333336
29791,45.9
29792,49.25
29793,64.06666666666666
29794,55.28333333333333
29795,50.266666666666666
29796,52.666666666666664
29797,40.416666666666664
29798,45.38333333333333
29799,52.833333333333336
29800,52.4
29801,57.95
29802,58.06666666666667
29803,63.78333333333333
29804,42.61666666666667
29805,53.45
29806,59.7
29807,64.81666666666666
29808,65.38333333333334
29809,68.96666666666667
29810,63.43333333333333
29811,46.0
29812,54.583333333333336
29813,57.733333333333334
29814,59.21666666666667
29815,47.516666666666666
29816,57.81666666666667
29817,56.333333333333336
29818,39.61666666666667
29819,50.3
29820,49.833333333333336
29821,46.733333333333334
29822,60.5
29823,65.95
29824,61.233333333333334
29825,50.483333333333334
29826,47.983333333333334
29827,50.233333333333334
29828,56.53333333333333
29829,60.9
29830,60.38333333333333
29831,63.86666666666667
29832,52.916666666666664
29833,48.55
29834,55.65
29835,64.96666666666667
29836,65.05
29837,63.36666666666667
29838,65.06666666666666
29839,44.71666666666667
29840,55.13333333333333
29841,58.93333333333333
29842,62.65
29843,55.5
29844,59.833333333333336
29845,62.4
29846,39.8
29847,46.88333333333333
29848,54.36666666666667
29849,62.68333333333333
29850,56.63333333333333
29851,59.516666666666666
29852,59.31666666666667
29853,46.266666666666666
29854,50.916666666666664
29855,55.583333333333336
29856,64.63333333333334
29857,69.38333333333334
29858,68.53333333333333
29859,75.51666666666667
29860,50.4
29861,55.18333333333333
29862,59.61666666666667
29863,65.55
29864,74.8
29865,72.65
29866,74.43333333333334
29867,59.75
29868,57.81666666666667
29869,63.266666666666666
29870,69.2
29871,75.03333333333333
29872,67.8
29873,72.66666666666667
29874,54.333333333333336
29875,55.083333333333336
29876,63.35
29877,68.81666666666666
29878,59.43333333333333
29879,70.08333333333333
29880,77.13333333333334
29881,47.2
29882,57.78333333333333
29883,57.46666666666667
29884,51.8
29885,61.71666666666667
29886,64.45
29887,59.8
29888,45.78333333333333
29889,51.1
29890,55.85
29891,52.85
29892,63.68333333333333
29893,61.35
29894,59.5
29895,39.916666666666664
29896,52.35
29897,55.15
29898,53.93333333333333
29899,56.766666666666666
29900,60.35
29901,61.65
29902,47.45
29903,49.28333333333333
29904,47.68333333333333
29905,53.06666666666667
29906,55.35
29907,60.4
29908,55.4
29909,47.43333333333333
29910,45.93333333333333
29911,47.333333333333336
29912,46.3
29913,54.81666666666667
29914,52.85
29915,54.55
29916,42.31666666666667
29917,44.63333333333333
29918,45.4
29919,52.96666666666667
29920,48.96666666666667
29921,57.166666666666664
29922,54.45
29923,35.95
29924,42.833333333333336
29925,44.916666666666664
29926,49.333333333333336
29927,49.21666666666667
29928,53.583333333333336
29929,52.5
29930,38.06666666666667
29931,44.0
29932,46.416666666666664
29933,40.5
29934,53.35
29935,54.43333333333333
29936,54.766666666666666
29937,45.15
29938,43.88333333333333
29939,48.766666666666666
29940,45.8
29941,53.53333333333333
29942,53.31666666666667
29943,49.13333333333333
29944,38.71666666666667
29945,41.85
29946,44.96666666666667
29947,48.15
29948,52.166666666666664
29949,49.7
29950,52.733333333333334
29951,34.833333333333336
29952,45.45
29953,46.81666666666667
29954,51.56666666666667
29955,52.483333333333334
29956,50.4
29957,57.0
29958,34.03333333333333
29959,47.266666666666666
29960,48.28333333333333
29961,50.333333333333336
29962,49.233333333333334
29963,49.85
29964,48.88333333333333
29965,38.03333333333333
29966,43.766666666666666
29967,41.75
29968,40.81666666666667
29969,46.15
29970,49.06666666666667
29971,50.55
29972,29.55
29973,43.7
29974,44.96666666666667
29975,52.266666666666666
29976,47.7
29977,52.11666666666667
29978,54.38333333333333
29979,30.0
29980,48.15
29981,43.166666666666664
29982,45.4
29983,43.31666666666667
29984,56.05
29985,56.11666666666667
29986,36.63333333333333
29987,47.65
29988,51.28333333333333
29989,46.4
29990,57.18333333333333
29991,56.11666666666667
29992,57.016666666666666
29993,36.93333333333333
29994,44.25
29995,48.78333333333333
29996,54.733333333333334
29997,52.53333333333333
29998,54.15
29999,52.75
30000,40.11666666666667
30001,43.15
30002,45.166666666666664
30003,43.8
30004,48.55
30005,58.3
30006,51.3
30007,33.55
30008,43.766666666666666
30009,43.733333333333334
30010,42.36666666666667
30011,40.65
30012,39.733333333333334
30013,43.71666666666667
30014,33.583333333333336
30015,35.18333333333333
30016,37.983333333333334
30017,39.78333333333333
30018,42.13333333333333
30019,40.71666666666667
30020,39.68333333333333
30021,34.36666666666667
30022,36.8
30023,34.516666666666666
30024,35.55
30025,41.4
30026,42.0
30027,40.266666666666666
30028,25.066666666666666
30029,30.283333333333335
30030,31.8
30031,29.0
30032,39.21666666666667
30033,41.0
30034,40.28333333333333
30035,27.316666666666666
30036,32.416666666666664
30037,36.31666666666667
30038,39.7
30039,41.516666666666666
30040,43.43333333333333
30041,40.0
30042,28.766666666666666
30043,33.7
30044,38.38333333333333
30045,37.85
30046,31.966666666666665
30047,41.916666666666664
30048,42.36666666666667
30049,30.516666666666666
30050,35.36666666666667
30051,36.43333333333333
30052,34.7
30053,42.233333333333334
30054,41.71666666666667
30055,42.71666666666667
30056,30.133333333333333
30057,35.916666666666664
30058,38.93333333333333
30059,42.31666666666667
30060,36.733333333333334
30061,43.21666666666667
30062,44.75
30063,31.3
30064,36.766666666666666
30065,39.266666666666666
30066,34.416666666666664
30067,37.15
30068,42.1
30069,38.0
30070,30.35
30071,37.916666666666664
30072,42.083333333333336
30073,33.3
30074,43.18333333333333
30075,51.56666666666667
30076,47.38333333333333
30077,32.8
30078,41.9
30079,39.916666666666664
30080,44.166666666666664
30081,42.333333333333336
30082,42.7
30083,44.28333333333333
30084,29.683333333333334
30085,34.28333333333333
30086,37.65
30087,34.03333333333333
30088,39.13333333333333
30089,46.36666666666667
30090,44.78333333333333
30091,33.1
30092,39.5
30093,42.1
30094,44.56666666666667
30095,47.833333333333336
30096,45.71666666666667
30097,54.25
30098,37.95
30099,48.18333333333333
30100,46.88333333333333
30101,49.35
30102,55.233333333333334
30103,55.88333333333333
30104,62.56666666666667
30105,33.083333333333336
30106,46.53333333333333
30107,49.78333333333333
30108,49.233333333333334
30109,45.28333333333333
30110,53.18333333333333
30111,50.85
30112,31.8
30113,45.18333333333333
30114,47.93333333333333
30115,44.333333333333336
30116,43.6
30117,53.8
30118,54.11666666666667
30119,33.05
30120,42.15
30121,45.28333333333333
30122,41.38333333333333
30123,49.96666666666667
30124,55.86666666666667
30125,50.916666666666664
30126,39.96666666666667
30127,49.15
30128,57.5
30129,48.85
30130,63.03333333333333
30131,64.83333333333333
30132,73.96666666666667
30133,44.733333333333334
30134,50.61666666666667
30135,61.25
30136,55.7
30137,53.71666666666667
30138,59.916666666666664
30139,61.56666666666667
30140,38.483333333333334
30141,51.0
30142,50.18333333333333
30143,56.1
30144,58.53333333333333
30145,59.7
30146,67.11666666666666
30147,40.95
30148,58.2
30149,52.31666666666667
30150,52.266666666666666
30151,62.13333333333333
30152,61.2
30153,62.11666666666667
30154,40.733333333333334
30155,48.6
30156,56.45
30157,62.38333333333333
30158,61.733333333333334
30159,67.51666666666667
30160,65.01666666666667
30161,46.766666666666666
30162,53.06666666666667
30163,64.23333333333333
30164,63.63333333333333
30165,70.86666666666666
30166,72.8
30167,81.76666666666667
30168,52.96666666666667
30169,58.7
30170,60.93333333333333
30171,71.0
30172,68.76666666666667
30173,65.41666666666667
30174,68.58333333333333
30175,46.916666666666664
30176,57.75
30177,63.266666666666666
30178,67.16666666666667
30179,66.0
30180,63.016666666666666
30181,69.38333333333334
30182,44.233333333333334
30183,58.65
30184,60.46666666666667
30185,63.63333333333333
30186,65.1
30187,69.76666666666667
30188,72.53333333333333
30189,47.53333333333333
30190,60.46666666666667
30191,62.05
30192,65.55
30193,67.78333333333333
30194,82.15
30195,70.31666666666666
30196,49.2
30197,59.833333333333336
30198,61.5
30199,65.85
30200,67.28333333333333
30201,69.0
30202,72.78333333333333
30203,46.46666666666667
30204,61.75
30205,60.9
30206,53.666666666666664
30207,66.65
30208,75.73333333333333
30209,75.1
30210,48.65
30211,60.45
30212,67.0
30213,54.61666666666667
30214,56.833333333333336
30215,71.66666666666667
30216,72.73333333333333
30217,46.38333333333333
30218,57.75
30219,65.8
30220,74.61666666666666
30221,59.7
30222,73.58333333333333
30223,97.88333333333334
30224,51.9
30225,63.21666666666667
30226,65.71666666666667
30227,70.26666666666667
30228,76.15
30229,77.01666666666667
30230,73.16666666666667
30231,50.38333333333333
30232,60.983333333333334
30233,68.36666666666666
30234,70.25
30235,67.96666666666667
30236,81.51666666666667
30237,79.33333333333333
30238,55.483333333333334
30239,62.28333333333333
30240,62.28333333333333
30241,59.2
30242,73.6
30243,77.5
30244,74.5
30245,49.18333333333333
30246,63.833333333333336
30247,64.78333333333333
30248,70.48333333333333
30249,70.45
30250,71.15
30251,72.66666666666667
30252,48.733333333333334
30253,58.21666666666667
30254,60.833333333333336
30255,67.1
30256,60.8
30257,70.56666666666666
30258,71.06666666666666
30259,46.96666666666667
30260,58.75
30261,61.9
30262,51.416666666666664
30263,56.666666666666664
30264,65.38333333333334
30265,67.38333333333334
30266,44.583333333333336
30267,57.68333333333333
30268,60.766666666666666
30269,67.5
30270,67.65
30271,65.15
30272,72.11666666666666
30273,46.71666666666667
30274,57.55
30275,57.333333333333336
30276,63.06666666666667
30277,67.36666666666666
30278,62.13333333333333
30279,62.666666666666664
30280,43.35
30281,49.0
30282,53.833333333333336
30283,56.56666666666667
30284,53.333333333333336
30285,61.983333333333334
30286,64.16666666666667
30287,39.35
30288,49.0
30289,60.71666666666667
30290,52.43333333333333
30291,58.3
30292,66.7
30293,64.8
30294,43.06666666666667
30295,53.583333333333336
30296,53.86666666666667
30297,51.583333333333336
30298,51.3
30299,64.21666666666667
30300,65.08333333333333
30301,39.96666666666667
30302,50.21666666666667
30303,53.8
30304,56.516666666666666
30305,55.03333333333333
30306,59.78333333333333
30307,63.35
30308,40.06666666666667
30309,50.333333333333336
30310,58.733333333333334
30311,50.45
30312,60.5
30313,62.36666666666667
30314,57.483333333333334
30315,38.93333333333333
30316,46.56666666666667
30317,48.8
30318,52.81666666666667
30319,50.53333333333333
30320,62.233333333333334
30321,60.28333333333333
30322,37.3
30323,50.9
30324,50.68333333333333
30325,50.016666666666666
30326,53.5
30327,61.06666666666667
30328,58.15
30329,42.56666666666667
30330,57.333333333333336
30331,61.55
30332,53.3
30333,55.68333333333333
30334,59.9
30335,58.9
30336,38.65
30337,42.666666666666664
30338,45.95
30339,50.983333333333334
30340,57.6
30341,59.166666666666664
30342,65.63333333333334
30343,39.81666666666667
30344,52.483333333333334
30345,54.13333333333333
30346,58.81666666666667
30347,56.233333333333334
30348,61.56666666666667
30349,60.21666666666667
30350,41.46666666666667
30351,52.916666666666664
30352,61.0
30353,57.21666666666667
30354,53.43333333333333
30355,63.983333333333334
30356,60.43333333333333
30357,41.28333333333333
30358,53.03333333333333
30359,56.18333333333333
30360,70.33333333333333
30361,53.31666666666667
30362,70.35
30363,80.01666666666667
30364,43.28333333333333
30365,59.266666666666666
30366,61.53333333333333
30367,61.25
30368,64.35
30369,68.66666666666667
30370,68.0
30371,41.333333333333336
30372,45.56666666666667
30373,44.78333333333333
30374,57.016666666666666
30375,53.516666666666666
30376,49.21666666666667
30377,44.71666666666667
30378,34.516666666666666
30379,44.2
30380,39.03333333333333
30381,46.083333333333336
30382,47.3
30383,45.53333333333333
30384,46.46666666666667
30385,32.06666666666667
30386,38.233333333333334
30387,37.25
30388,43.46666666666667
30389,41.25
30390,44.833333333333336
30391,43.8
30392,34.46666666666667
30393,38.15
30394,39.75
30395,45.1
30396,47.03333333333333
30397,47.93333333333333
30398,45.38333333333333
30399,36.68333333333333
30400,36.266666666666666
30401,33.766666666666666
30402,42.8
30403,36.6
30404,48.06666666666667
30405,45.46666666666667
30406,37.21666666666667
30407,36.88333333333333
30408,39.416666666666664
30409,36.55
30410,38.416666666666664
30411,40.166666666666664
30412,42.13333333333333
30413,29.583333333333332
30414,34.63333333333333
30415,34.2
30416,29.6
30417,39.65
30418,43.53333333333333
30419,44.25
30420,31.433333333333334
30421,37.05
30422,37.78333333333333
30423,39.766666666666666
30424,35.31666666666667
30425,36.0
30426,41.083333333333336
30427,29.783333333333335
30428,40.65
30429,36.483333333333334
30430,28.433333333333334
30431,40.21666666666667
30432,43.05
30433,43.38333333333333
30434,31.666666666666668
30435,37.3
30436,36.9
30437,45.95
30438,45.05
30439,47.666666666666664
30440,49.083333333333336
30441,33.85
30442,41.61666666666667
30443,36.416666666666664
30444,39.733333333333334
30445,44.3
30446,43.28333333333333
30447,44.11666666666667
30448,30.316666666666666
30449,35.43333333333333
30450,37.666666666666664
30451,40.916666666666664
30452,43.5
30453,51.3
30454,62.25
30455,34.05
30456,43.25
30457,42.45
30458,41.0
30459,47.63333333333333
30460,49.11666666666667
30461,52.46666666666667
30462,32.06666666666667
30463,48.8
30464,55.68333333333333
30465,51.25
30466,47.766666666666666
30467,63.55
30468,56.78333333333333
30469,40.55
30470,45.416666666666664
30471,49.65
30472,50.6
30473,52.55
30474,61.93333333333333
30475,60.766666666666666
30476,39.766666666666666
30477,49.483333333333334
30478,48.7
30479,48.13333333333333
30480,48.233333333333334
30481,59.63333333333333
30482,63.71666666666667
30483,39.8
30484,44.36666666666667
30485,54.36666666666667
30486,50.25
30487,58.516666666666666
30488,54.083333333333336
30489,57.916666666666664
30490,41.93333333333333
30491,48.88333333333333
30492,58.516666666666666
30493,64.43333333333334
30494,69.16666666666667
30495,72.86666666666666
30496,69.18333333333334
30497,43.5
30498,52.45
30499,60.266666666666666
30500,67.95
30501,57.916666666666664
30502,60.28333333333333
30503,61.2
30504,42.38333333333333
30505,59.3
30506,59.31666666666667
30507,57.5
30508,68.48333333333333
30509,73.06666666666666
30510,74.48333333333333
30511,47.21666666666667
30512,56.333333333333336
30513,62.61666666666667
30514,67.43333333333334
30515,61.666666666666664
30516,71.15
30517,69.55
30518,47.21666666666667
30519,58.68333333333333
30520,56.516666666666666
30521,56.083333333333336
30522,68.95
30523,69.08333333333333
30524,69.4
30525,46.5
30526,59.733333333333334
30527,61.0
30528,72.45
30529,71.73333333333333
30530,74.8
30531,74.25
30532,51.733333333333334
30533,58.31666666666667
30534,63.75
30535,64.08333333333333
30536,73.6
30537,75.3
30538,71.31666666666666
30539,50.78333333333333
30540,61.18333333333333
30541,65.21666666666667
30542,68.78333333333333
30543,67.95
30544,82.4
30545,73.23333333333333
30546,52.68333333333333
30547,62.1
30548,63.31666666666667
30549,65.7
30550,70.21666666666667
30551,68.96666666666667
30552,71.46666666666667
30553,48.53333333333333
30554,60.016666666666666
30555,64.88333333333334
30556,69.3
30557,75.56666666666666
30558,77.95
30559,74.36666666666666
30560,51.016666666666666
30561,67.46666666666667
30562,63.4
30563,69.93333333333334
30564,67.06666666666666
30565,71.8
30566,72.35
30567,48.63333333333333
30568,59.85
30569,64.66666666666667
30570,67.23333333333333
30571,61.233333333333334
30572,74.38333333333334
30573,70.35
30574,50.46666666666667
30575,59.65
30576,61.71666666666667
30577,52.983333333333334
30578,66.66666666666667
30579,71.55
30580,70.91666666666667
30581,50.166666666666664
30582,55.916666666666664
30583,71.18333333333334
30584,82.66666666666667
30585,83.35
30586,87.95
30587,78.81666666666666
30588,57.766666666666666
30589,69.15
30590,70.35
30591,74.2
30592,75.81666666666666
30593,83.73333333333333
30594,81.86666666666666
30595,56.65
30596,66.35
30597,69.33333333333333
30598,71.28333333333333
30599,77.98333333333333
30600,78.46666666666667
30601,84.18333333333334
30602,54.6
30603,69.3
30604,74.7
30605,76.88333333333334
30606,77.76666666666667
30607,80.73333333333333
30608,76.66666666666667
30609,56.35
30610,67.48333333333333
30611,69.21666666666667
30612,72.06666666666666
30613,66.36666666666666
30614,74.76666666666667
30615,71.81666666666666
30616,51.0
30617,63.15
30618,67.7
30619,66.4
30620,69.7
30621,76.3
30622,83.08333333333333
30623,53.35
30624,60.11666666666667
30625,64.55
30626,75.38333333333334
30627,71.31666666666666
30628,75.16666666666667
30629,78.4
30630,50.983333333333334
30631,63.983333333333334
30632,64.8
30633,72.95
30634,74.33333333333333
30635,69.81666666666666
30636,71.25
30637,47.5
30638,55.43333333333333
30639,62.983333333333334
30640,68.2
30641,73.1
30642,71.85
30643,67.58333333333333
30644,51.45
30645,58.55
30646,59.7
30647,60.25
30648,60.3
30649,61.81666666666667
30650,61.05
30651,41.9
30652,51.13333333333333
30653,51.233333333333334
30654,49.9
30655,63.0
30656,62.38333333333333
30657,62.1
30658,40.21666666666667
30659,49.31666666666667
30660,53.083333333333336
30661,58.18333333333333
30662,61.95
30663,56.46666666666667
30664,57.85
30665,41.916666666666664
30666,45.45
30667,49.75
30668,57.56666666666667
30669,62.1
30670,63.083333333333336
30671,67.11666666666666
30672,44.6
30673,53.36666666666667
30674,62.166666666666664
30675,64.08333333333333
30676,67.71666666666667
30677,66.58333333333333
30678,71.15
30679,43.71666666666667
30680,57.15
30681,53.21666666666667
30682,58.61666666666667
30683,47.983333333333334
30684,57.666666666666664
30685,62.483333333333334
30686,38.416666666666664
30687,49.03333333333333
30688,55.05
30689,53.0
30690,62.71666666666667
30691,67.23333333333333
30692,66.66666666666667
30693,43.35
30694,54.95
30695,61.733333333333334
30696,61.483333333333334
30697,51.5
30698,61.81666666666667
30699,62.68333333333333
30700,45.05
30701,46.916666666666664
30702,52.083333333333336
30703,55.43333333333333
30704,63.2
30705,59.68333333333333
30706,67.83333333333333
30707,44.05
30708,56.833333333333336
30709,53.5
30710,59.2
30711,62.25
30712,71.36666666666666
30713,70.95
30714,47.2
30715,60.2
30716,65.0
30717,62.016666666666666
30718,66.56666666666666
30719,67.56666666666666
30720,68.91666666666667
30721,45.53333333333333
30722,59.21666666666667
30723,61.05
30724,58.46666666666667
30725,53.93333333333333
30726,65.75
30727,60.95
30728,45.733333333333334
30729,53.15
30730,54.733333333333334
30731,64.53333333333333
30732,65.35
30733,68.08333333333333
30734,66.4
30735,48.4
30736,44.21666666666667
30737,42.166666666666664
30738,53.916666666666664
30739,52.7
30740,55.583333333333336
30741,48.93333333333333
30742,39.333333333333336
30743,44.96666666666667
30744,42.9
30745,42.81666666666667
30746,50.983333333333334
30747,48.56666666666667
30748,52.25
30749,34.1
30750,38.15
30751,43.0
30752,50.78333333333333
30753,46.93333333333333
30754,52.56666666666667
30755,51.61666666666667
30756,33.31666666666667
30757,41.31666666666667
30758,40.93333333333333
30759,48.96666666666667
30760,53.416666666666664
30761,47.36666666666667
30762,44.95
30763,29.1
30764,38.96666666666667
30765,40.75
30766,53.5
30767,51.53333333333333
30768,53.1
30769,48.63333333333333
30770,33.833333333333336
30771,40.166666666666664
30772,46.31666666666667
30773,52.31666666666667
30774,47.833333333333336
30775,47.56666666666667
30776,47.733333333333334
30777,40.18333333333333
30778,40.18333333333333
30779,43.6
30780,45.18333333333333
30781,46.03333333333333
30782,44.43333333333333
30783,44.55
30784,37.916666666666664
30785,36.9
30786,42.583333333333336
30787,41.45
30788,46.56666666666667
30789,49.46666666666667
30790,49.28333333333333
30791,38.1
30792,41.55
30793,39.916666666666664
30794,46.5
30795,46.88333333333333
30796,46.71666666666667
30797,48.81666666666667
30798,36.016666666666666
30799,42.016666666666666
30800,47.0
30801,47.21666666666667
30802,47.766666666666666
30803,48.96666666666667
30804,52.2
30805,32.983333333333334
30806,44.43333333333333
30807,44.166666666666664
30808,49.0
30809,52.5
30810,46.733333333333334
30811,48.2
30812,38.56666666666667
30813,40.016666666666666
30814,43.5
30815,46.21666666666667
30816,44.61666666666667
30817,48.35
30818,56.083333333333336
30819,39.25
30820,43.86666666666667
30821,48.55
30822,45.733333333333334
30823,53.46666666666667
30824,52.53333333333333
30825,52.166666666666664
30826,33.766666666666666
30827,44.483333333333334
30828,49.916666666666664
30829,51.5
30830,58.6
30831,59.9
30832,57.28333333333333
30833,41.13333333333333
30834,47.5
30835,47.68333333333333
30836,50.53333333333333
30837,54.11666666666667
30838,70.28333333333333
30839,73.53333333333333
30840,41.36666666666667
30841,51.65
30842,53.93333333333333
30843,49.35
30844,62.63333333333333
30845,58.81666666666667
30846,60.11666666666667
30847,36.85
30848,54.7
30849,58.0
30850,66.6
30851,62.28333333333333
30852,65.83333333333333
30853,61.85
30854,43.03333333333333
30855,56.4
30856,55.43333333333333
30857,63.233333333333334
30858,55.96666666666667
30859,77.75
30860,76.35
30861,51.666666666666664
30862,59.68333333333333
30863,62.733333333333334
30864,65.9
30865,68.43333333333334
30866,70.11666666666666
30867,72.11666666666666
30868,48.0
30869,58.916666666666664
30870,66.01666666666667
30871,65.2
30872,55.916666666666664
30873,65.45
30874,70.05
30875,45.333333333333336
30876,57.15
30877,62.0
30878,64.13333333333334
30879,70.85
30880,73.23333333333333
30881,74.13333333333334
30882,51.7
30883,64.25
30884,59.083333333333336
30885,64.3
30886,65.8
30887,72.41666666666667
30888,71.96666666666667
30889,50.35
30890,60.11666666666667
30891,67.58333333333333
30892,70.15
30893,67.56666666666666
30894,71.6
30895,70.33333333333333
30896,48.2
30897,64.31666666666666
30898,64.88333333333334
30899,70.43333333333334
30900,68.71666666666667
30901,75.3
30902,75.4
30903,49.93333333333333
30904,61.516666666666666
30905,64.68333333333334
30906,66.6
30907,63.45
30908,74.73333333333333
30909,78.08333333333333
30910,49.55
30911,62.93333333333333
30912,71.18333333333334
30913,71.75
30914,66.61666666666666
30915,77.16666666666667
30916,86.01666666666667
30917,55.4
30918,66.21666666666667
30919,70.88333333333334
30920,69.68333333333334
30921,76.51666666666667
30922,78.1
30923,79.31666666666666
30924,55.18333333333333
30925,72.31666666666666
30926,76.46666666666667
30927,80.33333333333333
30928,81.73333333333333
30929,77.63333333333334
30930,84.46666666666667
30931,54.53333333333333
30932,70.7
30933,71.81666666666666
30934,74.46666666666667
30935,86.15
30936,77.11666666666666
30937,83.06666666666666
30938,58.71666666666667
30939,67.18333333333334
30940,74.06666666666666
30941,82.75
30942,81.71666666666667
30943,82.56666666666666
30944,85.05
30945,55.733333333333334
30946,68.81666666666666
30947,71.55
30948,79.68333333333334
30949,86.03333333333333
30950,83.81666666666666
30951,87.16666666666667
30952,56.333333333333336
30953,69.25
30954,76.25
30955,82.35
30956,77.03333333333333
30957,84.63333333333334
30958,85.45
30959,57.916666666666664
30960,67.58333333333333
30961,75.91666666666667
30962,72.88333333333334
30963,94.6
30964,84.03333333333333
30965,79.61666666666666
30966,63.2
30967,78.16666666666667
30968,75.4
30969,84.38333333333334
30970,78.16666666666667
30971,84.43333333333334
30972,88.43333333333334
30973,60.63333333333333
30974,73.36666666666666
30975,77.85
30976,79.46666666666667
30977,76.96666666666667
30978,85.61666666666666
30979,87.53333333333333
30980,55.916666666666664
30981,69.73333333333333
30982,69.8
30983,60.25
30984,70.85
30985,75.95
30986,84.43333333333334
30987,54.2
30988,67.41666666666667
30989,75.18333333333334
30990,64.2
30991,78.91666666666667
30992,81.83333333333333
30993,84.51666666666667
30994,57.68333333333333
30995,59.46666666666667
30996,65.48333333333333
30997,73.9
30998,71.9
30999,76.08333333333333
31000,79.28333333333333
31001,52.25
31002,62.5
31003,64.76666666666667
31004,73.05
31005,66.33333333333333
31006,72.56666666666666
31007,74.68333333333334
31008,51.3
31009,60.75
31010,68.3
31011,63.15
31012,75.01666666666667
31013,78.96666666666667
31014,82.31666666666666
31015,52.31666666666667
31016,70.38333333333334
31017,66.63333333333334
31018,66.71666666666667
31019,69.05
31020,77.18333333333334
31021,78.56666666666666
31022,51.21666666666667
31023,61.45
31024,64.86666666666666
31025,72.26666666666667
31026,61.61666666666667
31027,68.95
31028,75.06666666666666
31029,49.68333333333333
31030,62.266666666666666
31031,62.666666666666664
31032,61.0
31033,69.36666666666666
31034,71.56666666666666
31035,69.35
31036,49.0
31037,62.36666666666667
31038,68.15
31039,68.41666666666667
31040,72.61666666666666
31041,74.85
31042,72.0
31043,51.55
31044,61.166666666666664
31045,64.48333333333333
31046,70.1
31047,57.6
31048,67.18333333333334
31049,66.25
31050,43.3
31051,59.31666666666667
31052,65.63333333333334
31053,68.48333333333333
31054,70.25
31055,69.63333333333334
31056,68.75
31057,47.93333333333333
31058,59.666666666666664
31059,63.016666666666666
31060,56.71666666666667
31061,67.11666666666666
31062,73.21666666666667
31063,71.66666666666667
31064,46.4
31065,58.78333333333333
31066,62.21666666666667
31067,62.88333333333333
31068,65.01666666666667
31069,64.25
31070,66.38333333333334
31071,45.95
31072,52.333333333333336
31073,56.63333333333333
31074,63.53333333333333
31075,66.68333333333334
31076,73.36666666666666
31077,71.15
31078,45.21666666666667
31079,60.28333333333333
31080,65.58333333333333
31081,71.15
31082,74.68333333333334
31083,73.55
31084,72.11666666666666
31085,50.833333333333336
31086,61.7
31087,63.81666666666667
31088,70.75
31089,66.68333333333334
31090,70.1
31091,69.53333333333333
31092,47.766666666666666
31093,58.15
31094,59.61666666666667
31095,52.68333333333333
31096,69.38333333333334
31097,80.46666666666667
31098,72.61666666666666
31099,50.416666666666664
31100,64.96666666666667
31101,63.5
31102,69.51666666666667
31103,58.733333333333334
31104,61.4
31105,60.516666666666666
31106,45.2
31107,42.11666666666667
31108,43.583333333333336
31109,54.85
31110,52.11666666666667
31111,55.13333333333333
31112,53.96666666666667
31113,39.15
31114,46.78333333333333
31115,48.06666666666667
31116,53.25
31117,50.4
31118,57.65
31119,42.5
31120,37.583333333333336
31121,40.9
31122,44.21666666666667
31123,38.03333333333333
31124,47.93333333333333
31125,50.583333333333336
31126,45.983333333333334
31127,34.083333333333336
31128,46.233333333333334
31129,45.88333333333333
31130,44.0
31131,48.68333333333333
31132,54.21666666666667
31133,50.833333333333336
31134,36.233333333333334
31135,39.666666666666664
31136,42.516666666666666
31137,44.95
31138,43.61666666666667
31139,51.7
31140,51.2
31141,32.8
31142,41.083333333333336
31143,42.916666666666664
31144,48.266666666666666
31145,58.35
31146,50.05
31147,46.6
31148,42.56666666666667
31149,43.0
31150,43.11666666666667
31151,50.833333333333336
31152,47.13333333333333
31153,54.15
31154,56.333333333333336
31155,45.53333333333333
31156,41.0
31157,45.18333333333333
31158,43.3
31159,50.766666666666666
31160,49.86666666666667
31161,53.56666666666667
31162,35.38333333333333
31163,43.63333333333333
31164,46.166666666666664
31165,49.333333333333336
31166,48.11666666666667
31167,53.333333333333336
31168,54.2
31169,41.38333333333333
31170,42.63333333333333
31171,44.53333333333333
31172,39.916666666666664
31173,51.85
31174,51.766666666666666
31175,55.766666666666666
31176,38.35
31177,42.78333333333333
31178,45.06666666666667
31179,49.93333333333333
31180,42.7
31181,50.3
31182,49.81666666666667
31183,42.233333333333334
31184,43.733333333333334
31185,44.96666666666667
31186,45.18333333333333
31187,51.583333333333336
31188,53.11666666666667
31189,60.583333333333336
31190,38.5
31191,44.266666666666666
31192,51.71666666666667
31193,56.916666666666664
31194,64.28333333333333
31195,63.53333333333333
31196,61.0
31197,41.516666666666666
31198,55.28333333333333
31199,60.516666666666666
31200,67.16666666666667
31201,62.166666666666664
31202,55.65
31203,65.88333333333334
31204,43.28333333333333
31205,53.21666666666667
31206,56.36666666666667
31207,61.11666666666667
31208,66.3
31209,61.85
31210,67.2
31211,44.68333333333333
31212,52.63333333333333
31213,55.916666666666664
31214,64.41666666666667
31215,64.38333333333334
31216,67.83333333333333
31217,70.16666666666667
31218,46.53333333333333
31219,56.38333333333333
31220,58.11666666666667
31221,62.75
31222,61.0
31223,62.63333333333333
31224,65.51666666666667
31225,50.266666666666666
31226,64.35
31227,61.2
31228,61.11666666666667
31229,76.73333333333333
31230,78.65
31231,74.23333333333333
31232,51.63333333333333
31233,61.766666666666666
31234,61.166666666666664
31235,58.63333333333333
31236,70.66666666666667
31237,68.28333333333333
31238,81.28333333333333
31239,50.55
31240,67.95
31241,70.86666666666666
31242,70.48333333333333
31243,74.23333333333333
31244,78.01666666666667
31245,78.38333333333334
31246,50.0
31247,63.166666666666664
31248,69.2
31249,72.38333333333334
31250,64.56666666666666
31251,73.6
31252,74.7
31253,54.1
31254,66.95
31255,65.41666666666667
31256,60.96666666666667
31257,68.88333333333334
31258,79.9
31259,81.5
31260,50.5
31261,65.43333333333334
31262,68.86666666666666
31263,69.0
31264,78.16666666666667
31265,77.11666666666666
31266,80.03333333333333
31267,56.4
31268,87.0
31269,73.15
31270,67.41666666666667
31271,78.63333333333334
31272,89.73333333333333
31273,94.83333333333333
31274,58.266666666666666
31275,69.73333333333333
31276,68.16666666666667
31277,68.06666666666666
31278,76.58333333333333
31279,77.88333333333334
31280,78.56666666666666
31281,54.06666666666667
31282,63.15
31283,73.33333333333333
31284,64.98333333333333
31285,83.51666666666667
31286,86.45
31287,85.46666666666667
31288,58.81666666666667
31289,68.31666666666666
31290,72.9
31291,73.1
31292,82.1
31293,77.76666666666667
31294,82.36666666666666
31295,55.15
31296,71.35
31297,70.08333333333333
31298,74.31666666666666
31299,98.56666666666666
31300,93.9
31301,94.58333333333333
31302,60.0
31303,75.51666666666667
31304,85.03333333333333
31305,89.75
31306,82.86666666666666
31307,85.13333333333334
31308,85.03333333333333
31309,57.56666666666667
31310,67.71666666666667
31311,74.85
31312,80.23333333333333
31313,82.25
31314,85.75
31315,87.73333333333333
31316,62.916666666666664
31317,70.28333333333333
31318,77.3
31319,79.91666666666667
31320,76.68333333333334
31321,83.5
31322,93.75
31323,60.88333333333333
31324,69.83333333333333
31325,77.81666666666666
31326,77.11666666666666
31327,85.23333333333333
31328,94.33333333333333
31329,89.76666666666667
31330,61.68333333333333
31331,83.36666666666666
31332,72.76666666666667
31333,74.0
31334,87.48333333333333
31335,86.95
31336,89.76666666666667
31337,66.91666666666667
31338,69.7
31339,77.28333333333333
31340,73.51666666666667
31341,87.58333333333333
31342,93.0
31343,95.81666666666666
31344,58.35
31345,75.53333333333333
31346,78.86666666666666
31347,73.01666666666667
31348,81.38333333333334
31349,81.53333333333333
31350,75.81666666666666
31351,50.28333333333333
31352,61.0
31353,68.55
31354,72.55
31355,80.86666666666666
31356,79.81666666666666
31357,80.71666666666667
31358,53.733333333333334
31359,62.666666666666664
31360,72.85
31361,82.68333333333334
31362,71.73333333333333
31363,80.51666666666667
31364,85.08333333333333
31365,55.4
31366,70.26666666666667
31367,73.38333333333334
31368,66.75
31369,78.56666666666666
31370,87.25
31371,86.68333333333334
31372,56.416666666666664
31373,69.2
31374,69.76666666666667
31375,72.28333333333333
31376,79.33333333333333
31377,76.86666666666666
31378,78.26666666666667
31379,56.71666666666667
31380,61.95
31381,67.25
31382,73.56666666666666
31383,71.33333333333333
31384,74.35
31385,73.9
31386,49.13333333333333
31387,62.483333333333334
31388,63.38333333333333
31389,64.0
31390,72.18333333333334
31391,78.26666666666667
31392,91.5
31393,55.61666666666667
31394,66.93333333333334
31395,70.46666666666667
31396,72.0
31397,73.98333333333333
31398,74.26666666666667
31399,72.1
31400,49.333333333333336
31401,62.28333333333333
31402,60.28333333333333
31403,64.83333333333333
31404,68.16666666666667
31405,69.98333333333333
31406,69.03333333333333
31407,50.583333333333336
31408,60.016666666666666
31409,64.23333333333333
31410,57.2
31411,67.91666666666667
31412,71.38333333333334
31413,66.91666666666667
31414,44.083333333333336
31415,55.78333333333333
31416,60.4
31417,68.68333333333334
31418,76.16666666666667
31419,68.71666666666667
31420,81.08333333333333
31421,47.05
31422,63.96666666666667
31423,62.833333333333336
31424,71.3
31425,59.85
31426,68.26666666666667
31427,71.9
31428,46.93333333333333
31429,52.2
31430,62.36666666666667
31431,56.88333333333333
31432,67.96666666666667
31433,68.71666666666667
31434,69.71666666666667
31435,47.333333333333336
31436,60.45
31437,64.06666666666666
31438,77.11666666666666
31439,72.51666666666667
31440,74.06666666666666
31441,79.91666666666667
31442,55.81666666666667
31443,65.81666666666666
31444,64.63333333333334
31445,74.7
31446,60.71666666666667
31447,67.46666666666667
31448,76.98333333333333
31449,51.18333333333333
31450,65.81666666666666
31451,67.85
31452,72.16666666666667
31453,68.9
31454,83.26666666666667
31455,75.78333333333333
31456,52.05
31457,66.41666666666667
31458,67.6
31459,77.95
31460,76.71666666666667
31461,69.25
31462,66.23333333333333
31463,53.9
31464,59.016666666666666
31465,54.88333333333333
31466,65.16666666666667
31467,60.63333333333333
31468,61.2
31469,59.43333333333333
31470,45.78333333333333
31471,51.61666666666667
31472,49.18333333333333
31473,53.78333333333333
31474,56.06666666666667
31475,55.516666666666666
31476,61.31666666666667
31477,41.5
31478,43.5
31479,48.266666666666666
31480,55.38333333333333
31481,53.13333333333333
31482,53.8
31483,56.18333333333333
31484,37.35
31485,48.083333333333336
31486,53.96666666666667
31487,47.21666666666667
31488,54.88333333333333
31489,58.083333333333336
31490,56.85
31491,39.36666666666667
31492,44.45
31493,47.9
31494,43.25
31495,52.266666666666666
31496,54.53333333333333
31497,52.2
31498,7.966666666666667
31499,5.183333333333334
31500,5.183333333333334
31501,4.85
31502,5.116666666666666
31503,6.666666666666667
31504,6.716666666666667
31505,5.233333333333333
31506,4.716666666666667
31507,4.666666666666667
31508,3.9833333333333334
31509,3.966666666666667
31510,6.3
31511,6.533333333333333
31512,5.233333333333333
31513,4.55
31514,4.533333333333333
31515,3.65
31516,3.816666666666667
31517,6.566666666666666
31518,7.016666666666667
31519,5.233333333333333
31520,4.983333333333333
31521,5.1
31522,4.116666666666666
31523,4.4
31524,7.05
31525,7.066666666666666
31526,5.383333333333334
31527,5.266666666666667
31528,5.466666666666667
31529,4.35
31530,4.616666666666666
31531,6.666666666666667
31532,6.716666666666667
31533,5.25
31534,4.916666666666667
31535,4.866666666666666
31536,4.05
31537,4.466666666666667
31538,6.783333333333333
31539,6.633333333333334
31540,5.25
31541,4.766666666666667
31542,4.716666666666667
31543,3.7666666666666666
31544,4.1
31545,6.816666666666666
31546,6.616666666666666
31547,5.3
31548,4.8
31549,4.933333333333334
31550,3.95
31551,4.233333333333333
31552,7.116666666666666
31553,6.933333333333334
31554,5.4
31555,5.05
31556,5.483333333333333
31557,4.35
31558,4.616666666666666
31559,6.7
31560,6.816666666666666
31561,5.283333333333333
31562,4.85
31563,4.883333333333334
31564,4.05
31565,4.466666666666667
31566,6.816666666666666
31567,6.733333333333333
31568,5.25
31569,4.7
31570,4.733333333333333
31571,3.7666666666666666
31572,4.1
31573,6.816666666666666
31574,6.616666666666666
31575,5.3
31576,4.816666666666666
31577,4.95
31578,3.95
31579,4.233333333333333
31580,7.116666666666666
31581,6.933333333333334
31582,5.4
31583,5.05
31584,5.483333333333333
31585,4.3
31586,4.583333333333333
31587,7.233333333333333
31588,3.9
31589,12.3
31590,7.266666666666667
31591,16.05
31592,10.333333333333334
31593,17.633333333333333
31594,16.566666666666666
31595,13.983333333333333
31596,14.45
31597,18.1
31598,20.05
31599,19.85
31600,18.616666666666667
31601,18.716666666666665
31602,15.316666666666666
31603,15.883333333333333
31604,19.916666666666668
31605,19.3
31606,21.2
31607,18.1
31608,17.4
31609,20.966666666666665
31610,18.366666666666667
31611,17.583333333333332
31612,21.716666666666665
31613,18.15
31614,18.066666666666666
31615,17.833333333333332
31616,19.1
31617,19.45
31618,22.766666666666666
31619,22.4
31620,21.233333333333334
31621,25.2
31622,19.283333333333335
31623,13.816666666666666
31624,19.516666666666666
31625,22.166666666666668
31626,21.65
31627,21.016666666666666
31628,21.516666666666666
31629,18.666666666666668
31630,15.983333333333333
31631,19.716666666666665
31632,21.266666666666666
31633,22.833333333333332
31634,21.733333333333334
31635,19.233333333333334
31636,18.983333333333334
31637,19.85
31638,20.166666666666668
31639,21.533333333333335
31640,19.466666666666665
31641,20.983333333333334
31642,20.133333333333333
31643,19.466666666666665
31644,17.233333333333334
31645,19.316666666666666
31646,22.433333333333334
31647,23.95
31648,26.5
31649,26.616666666666667
31650,19.266666666666666
31651,21.483333333333334
31652,21.533333333333335
31653,23.383333333333333
31654,27.583333333333332
31655,24.4
31656,26.683333333333334
31657,18.95
31658,21.183333333333334
31659,21.4
31660,22.983333333333334
31661,25.783333333333335
31662,24.25
31663,24.55
31664,20.15
31665,19.05
31666,22.733333333333334
31667,23.233333333333334
31668,25.733333333333334
31669,27.966666666666665
31670,29.166666666666668
31671,19.0
31672,22.183333333333334
31673,22.016666666666666
31674,26.316666666666666
31675,26.766666666666666
31676,28.233333333333334
31677,29.333333333333332
31678,26.283333333333335
31679,27.783333333333335
31680,28.216666666666665
31681,29.516666666666666
31682,26.716666666666665
31683,27.016666666666666
31684,27.9
31685,20.683333333333334
31686,32.53333333333333
31687,27.666666666666668
31688,28.783333333333335
31689,30.85
31690,31.3
31691,34.1
31692,23.716666666666665
31693,28.3
31694,29.466666666666665
31695,30.933333333333334
31696,32.333333333333336
31697,32.516666666666666
31698,29.616666666666667
31699,24.066666666666666
31700,29.75
31701,26.333333333333332
31702,26.5
31703,27.183333333333334
31704,30.7
31705,29.116666666666667
31706,22.9
31707,25.566666666666666
31708,25.883333333333333
31709,28.05
31710,30.983333333333334
31711,29.583333333333332
31712,35.38333333333333
31713,26.466666666666665
31714,28.766666666666666
31715,32.95
31716,32.68333333333333
31717,31.5
31718,34.21666666666667
31719,31.733333333333334
31720,25.0
31721,26.466666666666665
31722,28.35
31723,27.45
31724,29.466666666666665
31725,30.216666666666665
31726,31.2
31727,23.283333333333335
31728,28.2
31729,29.566666666666666
31730,33.71666666666667
31731,29.85
31732,32.233333333333334
31733,30.583333333333332
31734,22.016666666666666
31735,26.983333333333334
31736,26.066666666666666
31737,31.45
31738,33.55
31739,30.35
31740,29.016666666666666
31741,26.416666666666668
31742,26.283333333333335
31743,26.133333333333333
31744,31.266666666666666
31745,31.616666666666667
31746,34.666666666666664
31747,37.8
31748,25.1
31749,28.5
31750,32.31666666666667
31751,38.05
31752,38.833333333333336
31753,36.86666666666667
31754,39.3
31755,25.616666666666667
31756,30.65
31757,33.3
31758,35.96666666666667
31759,34.43333333333333
31760,39.15
31761,38.2
31762,27.25
31763,34.05
31764,33.35
31765,35.15
31766,35.46666666666667
31767,39.45
31768,33.95
31769,30.466666666666665
31770,32.3
31771,30.7
31772,37.9
31773,36.96666666666667
31774,38.71666666666667
31775,40.666666666666664
31776,25.216666666666665
31777,31.216666666666665
31778,31.083333333333332
31779,35.666666666666664
31780,36.36666666666667
31781,40.36666666666667
31782,36.233333333333334
31783,30.983333333333334
31784,31.433333333333334
31785,32.983333333333334
31786,34.88333333333333
31787,35.15
31788,32.28333333333333
31789,39.96666666666667
31790,29.5
31791,30.633333333333333
31792,30.4
31793,31.233333333333334
31794,35.86666666666667
31795,36.95
31796,39.96666666666667
31797,29.983333333333334
31798,30.566666666666666
31799,33.05
31800,29.35
31801,35.016666666666666
31802,36.516666666666666
31803,30.433333333333334
31804,26.216666666666665
31805,32.416666666666664
31806,32.63333333333333
31807,37.983333333333334
31808,32.21666666666667
31809,34.7
31810,31.316666666666666
31811,24.133333333333333
31812,24.316666666666666
31813,26.116666666666667
31814,30.216666666666665
31815,30.716666666666665
31816,30.883333333333333
31817,32.233333333333334
31818,21.866666666666667
31819,28.966666666666665
31820,30.5
31821,34.88333333333333
31822,33.083333333333336
31823,35.13333333333333
31824,32.833333333333336
31825,27.75
31826,25.883333333333333
31827,23.866666666666667
31828,29.483333333333334
31829,29.183333333333334
31830,29.25
31831,30.833333333333332
31832,21.033333333333335
31833,24.75
31834,26.8
31835,32.483333333333334
31836,31.516666666666666
31837,31.866666666666667
31838,32.78333333333333
31839,19.7
31840,26.866666666666667
31841,25.35
31842,31.066666666666666
31843,30.1
31844,27.466666666666665
31845,31.5
31846,24.216666666666665
31847,24.316666666666666
31848,26.45
31849,27.85
31850,31.033333333333335
31851,33.55
31852,31.966666666666665
31853,23.133333333333333
31854,27.45
31855,28.533333333333335
31856,33.75
31857,35.36666666666667
31858,38.03333333333333
31859,38.31666666666667
31860,26.733333333333334
31861,31.383333333333333
31862,34.46666666666667
31863,36.166666666666664
31864,28.466666666666665
31865,32.68333333333333
31866,32.96666666666667
31867,23.4
31868,26.383333333333333
31869,21.883333333333333
31870,20.45
31871,28.4
31872,25.233333333333334
31873,23.466666666666665
31874,19.133333333333333
31875,21.883333333333333
31876,21.966666666666665
31877,25.816666666666666
31878,28.483333333333334
31879,26.133333333333333
31880,26.7
31881,25.116666666666667
31882,25.916666666666668
31883,26.916666666666668
31884,28.633333333333333
31885,29.366666666666667
31886,27.033333333333335
31887,31.883333333333333
31888,21.066666666666666
31889,26.483333333333334
31890,27.866666666666667
31891,30.533333333333335
31892,31.933333333333334
31893,31.6
31894,28.016666666666666
31895,21.25
31896,26.15
31897,26.1
31898,26.233333333333334
31899,29.716666666666665
31900,32.18333333333333
31901,29.783333333333335
31902,25.6
31903,29.933333333333334
31904,28.55
31905,33.45
31906,31.283333333333335
31907,33.1
31908,37.6
31909,22.133333333333333
31910,27.933333333333334
31911,29.066666666666666
31912,31.05
31913,30.566666666666666
31914,32.016666666666666
31915,27.85
31916,26.3
31917,24.316666666666666
31918,29.366666666666667
31919,35.25
31920,31.333333333333332
31921,36.63333333333333
31922,33.11666666666667
31923,20.3
31924,23.2
31925,23.433333333333334
31926,27.7
31927,25.516666666666666
31928,26.416666666666668
31929,22.883333333333333
31930,15.916666666666666
31931,20.016666666666666
31932,19.233333333333334
31933,22.35
31934,21.1
31935,23.9
31936,27.033333333333335
31937,19.95
31938,21.583333333333332
31939,23.216666666666665
31940,22.216666666666665
31941,19.933333333333334
31942,22.766666666666666
31943,20.9
31944,18.983333333333334
31945,19.583333333333332
31946,18.016666666666666
31947,15.666666666666666
31948,19.833333333333332
31949,25.216666666666665
31950,20.75
31951,19.283333333333335
31952,18.75
31953,21.383333333333333
31954,22.15
31955,23.783333333333335
31956,24.033333333333335
31957,26.783333333333335
31958,14.583333333333334
31959,20.0
31960,21.3
31961,23.616666666666667
31962,23.066666666666666
31963,23.6
31964,23.116666666666667
31965,16.783333333333335
31966,21.1
31967,20.966666666666665
31968,20.3
31969,24.4
31970,24.283333333333335
31971,22.433333333333334
31972,20.316666666666666
31973,18.583333333333332
31974,19.6
31975,22.733333333333334
31976,24.45
31977,20.633333333333333
31978,23.7
31979,17.85
31980,21.85
31981,20.55
31982,25.15
31983,18.916666666666668
31984,25.566666666666666
31985,22.95
31986,19.75
31987,23.583333333333332
31988,21.933333333333334
31989,26.233333333333334
31990,24.916666666666668
31991,24.7
31992,23.983333333333334
31993,20.466666666666665
31994,20.666666666666668
31995,20.116666666666667
31996,21.75
31997,18.716666666666665
31998,27.683333333333334
31999,31.066666666666666
32000,17.0
32001,22.033333333333335
32002,22.25
32003,24.083333333333332
32004,26.333333333333332
32005,25.1
32006,26.716666666666665
32007,17.183333333333334
32008,21.95
32009,22.633333333333333
32010,21.35
32011,25.766666666666666
32012,26.333333333333332
32013,30.066666666666666
32014,15.85
32015,24.816666666666666
32016,27.033333333333335
32017,32.21666666666667
32018,34.65
32019,32.25
32020,29.116666666666667
32021,18.483333333333334
32022,28.183333333333334
32023,30.383333333333333
32024,28.65
32025,24.083333333333332
32026,35.8
32027,30.166666666666668
32028,18.95
32029,26.733333333333334
32030,27.516666666666666
32031,25.916666666666668
32032,28.916666666666668
32033,29.8
32034,34.86666666666667
32035,21.1
32036,28.483333333333334
32037,29.166666666666668
32038,23.4
32039,34.166666666666664
32040,35.083333333333336
32041,33.416666666666664
32042,23.283333333333335
32043,24.25
32044,30.483333333333334
32045,30.216666666666665
32046,26.316666666666666
32047,33.733333333333334
32048,32.3
32049,20.933333333333334
32050,29.3
32051,31.683333333333334
32052,26.55
32053,28.8
32054,34.7
32055,34.68333333333333
32056,25.433333333333334
32057,25.516666666666666
32058,31.966666666666665
32059,32.35
32060,35.31666666666667
32061,35.766666666666666
32062,40.2
32063,28.333333333333332
32064,32.0
32065,32.35
32066,36.4
32067,37.13333333333333
32068,43.28333333333333
32069,40.483333333333334
32070,29.85
32071,32.266666666666666
32072,33.2
32073,34.833333333333336
32074,38.88333333333333
32075,38.36666666666667
32076,41.983333333333334
32077,25.666666666666668
32078,28.1
32079,32.68333333333333
32080,33.083333333333336
32081,35.516666666666666
32082,31.45
32083,38.083333333333336
32084,24.55
32085,28.1
32086,33.38333333333333
32087,35.7
32088,33.5
32089,41.68333333333333
32090,47.55
32091,27.933333333333334
32092,33.1
32093,33.15
32094,31.366666666666667
32095,35.233333333333334
32096,40.06666666666667
32097,41.03333333333333
32098,26.966666666666665
32099,35.416666666666664
32100,44.516666666666666
32101,32.483333333333334
32102,29.9
32103,47.35
32104,47.4
32105,27.616666666666667
32106,35.6
32107,35.483333333333334
32108,34.88333333333333
32109,41.63333333333333
32110,37.53333333333333
32111,43.233333333333334
32112,27.833333333333332
32113,30.866666666666667
32114,37.11666666666667
32115,40.11666666666667
32116,40.7
32117,43.75
32118,39.416666666666664
32119,28.683333333333334
32120,31.783333333333335
32121,34.5
32122,39.016666666666666
32123,39.666666666666664
32124,38.9
32125,42.25
32126,29.466666666666665
32127,34.68333333333333
32128,35.4
32129,36.583333333333336
32130,45.68333333333333
32131,41.1
32132,41.3
32133,27.9
32134,33.9
32135,37.96666666666667
32136,40.166666666666664
32137,39.75
32138,43.46666666666667
32139,49.45
32140,31.083333333333332
32141,36.2
32142,36.31666666666667
32143,33.96666666666667
32144,39.55
32145,40.78333333333333
32146,44.56666666666667
32147,28.2
32148,33.25
32149,39.516666666666666
32150,47.03333333333333
32151,44.38333333333333
32152,50.233333333333334
32153,44.81666666666667
32154,29.266666666666666
32155,38.416666666666664
32156,40.85
32157,47.65
32158,43.88333333333333
32159,45.8
32160,46.85
32161,27.233333333333334
32162,41.1
32163,43.3
32164,44.78333333333333
32165,40.3
32166,37.583333333333336
32167,45.38333333333333
32168,28.05
32169,32.55
32170,32.083333333333336
32171,29.666666666666668
32172,38.71666666666667
32173,40.63333333333333
32174,34.86666666666667
32175,28.0
32176,32.85
32177,36.81666666666667
32178,37.95
32179,39.86666666666667
32180,38.81666666666667
32181,40.21666666666667
32182,27.016666666666666
32183,34.21666666666667
32184,34.81666666666667
32185,34.0
32186,39.483333333333334
32187,38.81666666666667
32188,40.06666666666667
32189,26.75
32190,34.3
32191,41.46666666666667
32192,35.88333333333333
32193,34.61666666666667
32194,35.85
32195,33.983333333333334
32196,22.95
32197,27.083333333333332
32198,34.31666666666667
32199,35.03333333333333
32200,35.983333333333334
32201,39.71666666666667
32202,40.31666666666667
32203,27.483333333333334
32204,32.46666666666667
32205,33.583333333333336
32206,36.88333333333333
32207,34.06666666666667
32208,38.733333333333334
32209,35.8
32210,23.183333333333334
32211,34.016666666666666
32212,33.483333333333334
32213,35.03333333333333
32214,27.866666666666667
32215,38.31666666666667
32216,37.85
32217,24.633333333333333
32218,30.133333333333333
32219,32.75
32220,32.0
32221,36.6
32222,37.083333333333336
32223,37.583333333333336
32224,27.066666666666666
32225,31.083333333333332
32226,33.43333333333333
32227,27.55
32228,32.75
32229,33.05
32230,36.333333333333336
32231,23.366666666666667
32232,25.816666666666666
32233,28.8
32234,27.383333333333333
32235,31.266666666666666
32236,29.45
32237,30.433333333333334
32238,20.183333333333334
32239,27.7
32240,27.9
32241,21.716666666666665
32242,29.983333333333334
32243,29.533333333333335
32244,31.683333333333334
32245,19.316666666666666
32246,29.45
32247,31.8
32248,36.3
32249,38.05
32250,35.11666666666667
32251,34.0
32252,25.65
32253,27.483333333333334
32254,30.133333333333333
32255,31.25
32256,31.233333333333334
32257,34.93333333333333
32258,33.95
32259,23.216666666666665
32260,26.483333333333334
32261,28.266666666666666
32262,34.0
32263,34.28333333333333
32264,35.93333333333333
32265,37.1
32266,25.1
32267,30.983333333333334
32268,32.25
32269,30.133333333333333
32270,33.1
32271,34.36666666666667
32272,37.78333333333333
32273,23.2
32274,28.15
32275,34.166666666666664
32276,31.233333333333334
32277,36.833333333333336
32278,36.416666666666664
32279,37.9
32280,23.8
32281,32.5
32282,33.18333333333333
32283,36.61666666666667
32284,32.78333333333333
32285,31.383333333333333
32286,40.65
32287,22.25
32288,27.483333333333334
32289,21.25
32290,23.166666666666668
32291,27.883333333333333
32292,27.533333333333335
32293,24.816666666666666
32294,18.383333333333333
32295,22.416666666666668
32296,22.216666666666665
32297,23.5
32298,25.316666666666666
32299,25.583333333333332
32300,24.6
32301,17.166666666666668
32302,20.866666666666667
32303,22.633333333333333
32304,25.633333333333333
32305,27.133333333333333
32306,27.033333333333335
32307,28.666666666666668
32308,17.3
32309,22.233333333333334
32310,21.766666666666666
32311,24.866666666666667
32312,26.55
32313,25.833333333333332
32314,23.3
32315,20.883333333333333
32316,20.516666666666666
32317,19.166666666666668
32318,24.766666666666666
32319,25.683333333333334
32320,25.85
32321,26.7
32322,16.583333333333332
32323,20.783333333333335
32324,22.383333333333333
32325,24.9
32326,22.933333333333334
32327,24.333333333333332
32328,25.533333333333335
32329,19.15
32330,19.75
32331,19.35
32332,20.266666666666666
32333,22.416666666666668
32334,28.316666666666666
32335,26.333333333333332
32336,22.566666666666666
32337,20.783333333333335
32338,23.75
32339,24.3
32340,23.816666666666666
32341,23.333333333333332
32342,23.05
32343,17.283333333333335
32344,22.333333333333332
32345,22.05
32346,22.833333333333332
32347,25.25
32348,26.366666666666667
32349,24.4
32350,22.25
32351,22.233333333333334
32352,22.483333333333334
32353,27.05
32354,30.983333333333334
32355,30.866666666666667
32356,27.216666666666665
32357,20.433333333333334
32358,22.45
32359,23.483333333333334
32360,27.633333333333333
32361,23.283333333333335
32362,27.983333333333334
32363,31.916666666666668
32364,17.166666666666668
32365,24.616666666666667
32366,23.716666666666665
32367,20.333333333333332
32368,23.483333333333334
32369,23.966666666666665
32370,25.366666666666667
32371,17.766666666666666
32372,25.016666666666666
32373,24.783333333333335
32374,24.0
32375,27.85
32376,28.35
32377,30.35
32378,19.833333333333332
32379,25.833333333333332
32380,24.9
32381,26.3
32382,29.383333333333333
32383,35.56666666666667
32384,34.31666666666667
32385,23.4
32386,27.333333333333332
32387,28.216666666666665
32388,35.6
32389,29.5
32390,33.733333333333334
32391,31.133333333333333
32392,20.533333333333335
32393,27.1
32394,26.716666666666665
32395,31.666666666666668
32396,26.633333333333333
32397,29.65
32398,31.2
32399,21.45
32400,25.483333333333334
32401,28.15
32402,23.3
32403,29.383333333333333
32404,26.716666666666665
32405,29.433333333333334
32406,20.25
32407,28.183333333333334
32408,28.0
32409,32.25
32410,33.8
32411,35.96666666666667
32412,37.833333333333336
32413,24.8
32414,27.816666666666666
32415,31.316666666666666
32416,34.416666666666664
32417,36.65
32418,38.61666666666667
32419,45.45
32420,27.9
32421,31.166666666666668
32422,33.3
32423,34.03333333333333
32424,39.25
32425,35.68333333333333
32426,38.4
32427,24.866666666666667
32428,31.483333333333334
32429,31.9
32430,35.916666666666664
32431,35.8
32432,39.36666666666667
32433,36.766666666666666
32434,25.883333333333333
32435,29.666666666666668
32436,32.8
32437,34.86666666666667
32438,37.4
32439,40.96666666666667
32440,42.28333333333333
32441,30.05
32442,34.083333333333336
32443,35.28333333333333
32444,39.71666666666667
32445,46.4
32446,41.333333333333336
32447,47.56666666666667
32448,29.033333333333335
32449,34.6
32450,36.56666666666667
32451,42.0
32452,35.05
32453,35.86666666666667
32454,39.083333333333336
32455,26.633333333333333
32456,32.833333333333336
32457,35.28333333333333
32458,40.25
32459,41.28333333333333
32460,44.03333333333333
32461,44.55
32462,27.5
32463,35.85
32464,36.3
32465,39.81666666666667
32466,40.916666666666664
32467,40.18333333333333
32468,39.56666666666667
32469,25.533333333333335
32470,35.03333333333333
32471,36.81666666666667
32472,43.61666666666667
32473,40.53333333333333
32474,42.333333333333336
32475,40.96666666666667
32476,25.416666666666668
32477,37.3
32478,43.46666666666667
32479,37.333333333333336
32480,40.233333333333334
32481,43.7
32482,45.13333333333333
32483,30.8
32484,35.53333333333333
32485,39.733333333333334
32486,45.233333333333334
32487,39.833333333333336
32488,39.45
32489,37.36666666666667
32490,29.65
32491,38.5
32492,40.85
32493,36.88333333333333
32494,44.63333333333333
32495,43.166666666666664
32496,41.583333333333336
32497,31.466666666666665
32498,31.05
32499,40.18333333333333
32500,42.833333333333336
32501,43.85
32502,46.63333333333333
32503,53.7
32504,35.18333333333333
32505,38.28333333333333
32506,42.43333333333333
32507,42.083333333333336
32508,44.43333333333333
32509,50.85
32510,47.11666666666667
32511,33.483333333333334
32512,38.083333333333336
32513,41.36666666666667
32514,43.35
32515,49.55
32516,44.68333333333333
32517,47.516666666666666
32518,30.4
32519,36.016666666666666
32520,41.85
32521,43.43333333333333
32522,42.8
32523,50.8
32524,40.266666666666666
32525,30.9
32526,36.88333333333333
32527,39.53333333333333
32528,44.666666666666664
32529,39.68333333333333
32530,42.4
32531,43.666666666666664
32532,31.0
32533,37.71666666666667
32534,38.666666666666664
32535,33.1
32536,42.85
32537,42.166666666666664
32538,40.233333333333334
32539,26.8
32540,34.666666666666664
32541,39.95
32542,30.35
32543,43.88333333333333
32544,43.166666666666664
32545,44.65
32546,30.466666666666665
32547,34.93333333333333
32548,41.416666666666664
32549,43.68333333333333
32550,32.833333333333336
32551,40.61666666666667
32552,43.25
32553,28.65
32554,37.55
32555,33.733333333333334
32556,33.2
32557,42.56666666666667
32558,42.05
32559,43.35
32560,29.616666666666667
32561,32.5
32562,35.083333333333336
32563,35.93333333333333
32564,32.45
32565,35.833333333333336
32566,37.68333333333333
32567,24.85
32568,30.583333333333332
32569,33.9
32570,35.36666666666667
32571,33.68333333333333
32572,36.56666666666667
32573,40.95
32574,23.666666666666668
32575,31.883333333333333
32576,35.36666666666667
32577,37.0
32578,39.06666666666667
32579,40.6
32580,38.61666666666667
32581,28.0
32582,35.63333333333333
32583,35.266666666666666
32584,32.75
32585,40.81666666666667
32586,42.3
32587,44.983333333333334
32588,28.633333333333333
32589,35.766666666666666
32590,40.18333333333333
32591,37.8
32592,35.18333333333333
32593,33.483333333333334
32594,34.93333333333333
32595,26.5
32596,27.35
32597,31.45
32598,29.883333333333333
32599,31.716666666666665
32600,31.233333333333334
32601,36.61666666666667
32602,24.133333333333333
32603,26.133333333333333
32604,33.833333333333336
32605,34.86666666666667
32606,34.56666666666667
32607,40.18333333333333
32608,35.8
32609,22.45
32610,28.116666666666667
32611,29.95
32612,25.15
32613,27.516666666666666
32614,34.016666666666666
32615,29.983333333333334
32616,24.516666666666666
32617,27.116666666666667
32618,33.18333333333333
32619,31.833333333333332
32620,32.03333333333333
32621,34.5
32622,35.25
32623,24.4
32624,34.733333333333334
32625,36.916666666666664
32626,33.416666666666664
32627,40.2
32628,38.266666666666666
32629,36.333333333333336
32630,25.683333333333334
32631,33.11666666666667
32632,35.11666666666667
32633,37.233333333333334
32634,36.06666666666667
32635,38.55
32636,42.88333333333333
32637,25.266666666666666
32638,30.966666666666665
32639,31.2
32640,37.05
32641,35.43333333333333
32642,36.516666666666666
32643,31.683333333333334
32644,28.2
32645,26.5
32646,27.733333333333334
32647,31.55
32648,35.28333333333333
32649,40.31666666666667
32650,36.86666666666667
32651,28.433333333333334
32652,30.566666666666666
32653,30.233333333333334
32654,22.85
32655,27.983333333333334
32656,27.2
32657,24.0
32658,16.116666666666667
32659,24.166666666666668
32660,25.333333333333332
32661,22.866666666666667
32662,27.633333333333333
32663,29.75
32664,35.766666666666666
32665,23.716666666666665
32666,25.383333333333333
32667,27.483333333333334
32668,29.066666666666666
32669,28.233333333333334
32670,27.3
32671,31.033333333333335
32672,19.4
32673,24.266666666666666
32674,20.683333333333334
32675,24.633333333333333
32676,25.933333333333334
32677,25.983333333333334
32678,30.733333333333334
32679,16.933333333333334
32680,21.5
32681,19.15
32682,17.366666666666667
32683,24.316666666666666
32684,26.983333333333334
32685,27.766666666666666
32686,21.716666666666665
32687,22.116666666666667
32688,24.216666666666665
32689,27.6
32690,25.833333333333332
32691,28.866666666666667
32692,28.266666666666666
32693,21.983333333333334
32694,21.85
32695,20.816666666666666
32696,24.783333333333335
32697,25.05
32698,22.366666666666667
32699,26.683333333333334
32700,18.883333333333333
32701,23.833333333333332
32702,25.166666666666668
32703,23.65
32704,26.966666666666665
32705,25.766666666666666
32706,23.416666666666668
32707,19.883333333333333
32708,18.75
32709,19.05
32710,20.65
32711,24.666666666666668
32712,23.05
32713,25.266666666666666
32714,16.866666666666667
32715,22.866666666666667
32716,26.866666666666667
32717,20.666666666666668
32718,22.05
32719,27.816666666666666
32720,29.783333333333335
32721,17.516666666666666
32722,22.266666666666666
32723,23.65
32724,29.833333333333332
32725,27.4
32726,27.933333333333334
32727,30.6
32728,19.116666666666667
32729,24.95
32730,25.75
32731,26.15
32732,26.833333333333332
32733,30.583333333333332
32734,32.46666666666667
32735,19.133333333333333
32736,25.683333333333334
32737,26.05
32738,27.816666666666666
32739,32.083333333333336
32740,31.683333333333334
32741,31.316666666666666
32742,22.816666666666666
32743,29.683333333333334
32744,30.333333333333332
32745,30.15
32746,32.71666666666667
32747,38.11666666666667
32748,37.583333333333336
32749,26.583333333333332
32750,28.633333333333333
32751,29.366666666666667
32752,32.88333333333333
32753,32.45
32754,31.483333333333334
32755,32.5
32756,23.383333333333333
32757,25.416666666666668
32758,27.183333333333334
32759,31.8
32760,31.183333333333334
32761,35.2
32762,41.68333333333333
32763,24.516666666666666
32764,33.11666666666667
32765,33.8
32766,31.266666666666666
32767,30.366666666666667
32768,36.85
32769,36.85
32770,25.166666666666668
32771,28.683333333333334
32772,33.65
32773,30.3
32774,30.533333333333335
32775,36.7
32776,43.3
32777,27.8
32778,32.9
32779,36.18333333333333
32780,37.35
32781,33.016666666666666
32782,39.65
32783,40.583333333333336
32784,26.183333333333334
32785,33.6
32786,30.266666666666666
32787,36.7
32788,33.78333333333333
32789,39.45
32790,38.3
32791,29.3
32792,32.583333333333336
32793,30.366666666666667
32794,27.583333333333332
32795,38.7
32796,39.56666666666667
32797,39.38333333333333
32798,25.566666666666666
32799,33.483333333333334
32800,34.63333333333333
32801,39.63333333333333
32802,38.93333333333333
32803,46.43333333333333
32804,40.666666666666664
32805,31.0
32806,37.3
32807,38.8
32808,41.71666666666667
32809,38.95
32810,41.75
32811,44.1
32812,30.883333333333333
32813,36.28333333333333
32814,36.9
32815,36.0
32816,39.95
32817,42.38333333333333
32818,44.983333333333334
32819,29.0
32820,36.2
32821,35.916666666666664
32822,34.233333333333334
32823,39.516666666666666
32824,39.96666666666667
32825,38.88333333333333
32826,28.783333333333335
32827,29.666666666666668
32828,32.03333333333333
32829,30.833333333333332
32830,33.11666666666667
32831,36.93333333333333
32832,38.43333333333333
32833,23.6
32834,30.216666666666665
32835,39.2
32836,35.833333333333336
32837,47.2
32838,48.15
32839,48.016666666666666
32840,32.78333333333333
32841,45.983333333333334
32842,41.25
32843,48.166666666666664
32844,39.666666666666664
32845,49.35
32846,46.28333333333333
32847,32.416666666666664
32848,39.86666666666667
32849,38.333333333333336
32850,37.583333333333336
32851,41.233333333333334
32852,43.1
32853,46.21666666666667
32854,30.15
32855,36.2
32856,41.266666666666666
32857,40.68333333333333
32858,51.18333333333333
32859,50.63333333333333
32860,48.03333333333333
32861,31.983333333333334
32862,43.6
32863,43.25
32864,47.55
32865,48.2
32866,48.2
32867,49.666666666666664
32868,31.9
32869,41.36666666666667
32870,41.416666666666664
32871,46.1
32872,40.81666666666667
32873,45.11666666666667
32874,42.35
32875,33.78333333333333
32876,37.983333333333334
32877,38.266666666666666
32878,37.733333333333334
32879,39.86666666666667
32880,45.88333333333333
32881,49.483333333333334
32882,32.416666666666664
32883,42.56666666666667
32884,41.7
32885,45.25
32886,49.81666666666667
32887,53.083333333333336
32888,50.38333333333333
32889,35.11666666666667
32890,43.016666666666666
32891,45.31666666666667
32892,46.583333333333336
32893,47.1
32894,43.88333333333333
32895,53.56666666666667
32896,36.21666666666667
32897,40.86666666666667
32898,42.166666666666664
32899,44.766666666666666
32900,42.13333333333333
32901,45.8
32902,49.03333333333333
32903,32.35
32904,37.3
32905,41.516666666666666
32906,41.38333333333333
32907,45.63333333333333
32908,47.81666666666667
32909,47.63333333333333
32910,32.516666666666666
32911,38.06666666666667
32912,40.96666666666667
32913,42.55
32914,40.88333333333333
32915,46.11666666666667
32916,45.8
32917,31.866666666666667
32918,35.55
32919,36.46666666666667
32920,37.96666666666667
32921,39.233333333333334
32922,43.65
32923,43.166666666666664
32924,32.31666666666667
32925,40.86666666666667
32926,37.13333333333333
32927,33.4
32928,44.1
32929,40.68333333333333
32930,43.233333333333334
32931,28.733333333333334
32932,34.333333333333336
32933,37.71666666666667
32934,42.833333333333336
32935,42.916666666666664
32936,43.35
32937,39.4
32938,29.733333333333334
32939,34.416666666666664
32940,36.55
32941,40.083333333333336
32942,37.483333333333334
32943,43.666666666666664
32944,47.516666666666666
32945,30.916666666666668
32946,36.88333333333333
32947,36.71666666666667
32948,40.666666666666664
32949,44.983333333333334
32950,42.11666666666667
32951,43.016666666666666
32952,28.433333333333334
32953,35.983333333333334
32954,39.93333333333333
32955,40.516666666666666
32956,38.516666666666666
32957,39.416666666666664
32958,37.95
32959,27.216666666666665
32960,30.516666666666666
32961,30.833333333333332
32962,28.966666666666665
32963,36.86666666666667
32964,38.6
32965,38.96666666666667
32966,25.016666666666666
32967,31.616666666666667
32968,33.65
32969,35.166666666666664
32970,38.916666666666664
32971,38.05
32972,40.63333333333333
32973,25.833333333333332
32974,32.06666666666667
32975,35.75
32976,36.9
32977,36.06666666666667
32978,38.06666666666667
32979,38.38333333333333
32980,26.166666666666668
32981,31.083333333333332
32982,31.45
32983,34.166666666666664
32984,38.28333333333333
32985,35.416666666666664
32986,38.45
32987,28.533333333333335
32988,31.25
32989,34.8
32990,44.0
32991,44.53333333333333
32992,38.0
32993,41.88333333333333
32994,27.266666666666666
32995,33.56666666666667
32996,35.483333333333334
32997,39.1
32998,38.43333333333333
32999,37.71666666666667
33000,37.9
33001,28.116666666666667
33002,31.583333333333332
33003,33.833333333333336
33004,38.28333333333333
33005,41.85
33006,38.35
33007,41.583333333333336
33008,32.93333333333333
33009,33.983333333333334
33010,32.38333333333333
33011,38.06666666666667
33012,34.45
33013,42.06666666666667
33014,43.96666666666667
33015,27.4
33016,36.28333333333333
33017,40.61666666666667
33018,43.63333333333333
33019,34.88333333333333
33020,35.2
33021,33.38333333333333
33022,28.383333333333333
33023,26.05
33024,22.85
33025,27.4
33026,26.8
33027,27.633333333333333
33028,35.166666666666664
33029,18.833333333333332
33030,24.666666666666668
33031,28.433333333333334
33032,27.966666666666665
33033,32.71666666666667
33034,29.4
33035,29.866666666666667
33036,19.216666666666665
33037,25.5
33038,23.05
33039,24.95
33040,28.316666666666666
33041,29.7
33042,28.666666666666668
33043,22.033333333333335
33044,25.266666666666666
33045,25.733333333333334
33046,29.25
33047,27.766666666666666
33048,30.316666666666666
33049,30.933333333333334
33050,25.0
33051,25.816666666666666
33052,27.466666666666665
33053,29.0
33054,25.183333333333334
33055,24.416666666666668
33056,27.4
33057,20.833333333333332
33058,23.25
33059,23.216666666666665
33060,27.35
33061,27.683333333333334
33062,31.766666666666666
33063,29.633333333333333
33064,22.133333333333333
33065,23.833333333333332
33066,23.233333333333334
33067,25.4
33068,29.733333333333334
33069,28.633333333333333
33070,27.9
33071,22.85
33072,23.8
33073,25.566666666666666
33074,28.766666666666666
33075,24.55
33076,25.9
33077,24.9
33078,20.25
33079,20.416666666666668
33080,22.5
33081,24.566666666666666
33082,26.316666666666666
33083,29.416666666666668
33084,29.966666666666665
33085,22.1
33086,23.633333333333333
33087,23.916666666666668
33088,25.2
33089,29.016666666666666
33090,27.2
33091,30.483333333333334
33092,18.083333333333332
33093,26.35
33094,28.533333333333335
33095,32.56666666666667
33096,31.666666666666668
33097,30.516666666666666
33098,33.6
33099,22.0
33100,27.133333333333333
33101,28.916666666666668
33102,32.266666666666666
33103,26.333333333333332
33104,27.733333333333334
33105,30.583333333333332
33106,19.666666666666668
33107,22.7
33108,24.733333333333334
33109,32.916666666666664
33110,26.883333333333333
33111,31.833333333333332
33112,32.833333333333336
33113,23.4
33114,25.366666666666667
33115,28.583333333333332
33116,31.266666666666666
33117,29.766666666666666
33118,29.65
33119,33.31666666666667
33120,23.683333333333334
33121,39.43333333333333
33122,29.233333333333334
33123,30.95
33124,35.81666666666667
33125,31.85
33126,35.166666666666664
33127,23.05
33128,28.083333333333332
33129,30.5
33130,35.86666666666667
33131,34.416666666666664
33132,36.95
33133,40.0
33134,26.366666666666667
33135,32.85
33136,34.983333333333334
33137,31.166666666666668
33138,36.78333333333333
33139,36.5
33140,40.45
33141,29.866666666666667
33142,40.11666666666667
33143,35.333333333333336
33144,39.983333333333334
33145,42.333333333333336
33146,38.68333333333333
33147,49.833333333333336
33148,30.7
33149,36.13333333333333
33150,38.43333333333333
33151,36.7
33152,46.68333333333333
33153,46.43333333333333
33154,39.416666666666664
33155,30.1
33156,34.5
33157,35.483333333333334
33158,35.35
33159,45.53333333333333
33160,43.3
33161,47.05
33162,30.366666666666667
33163,34.15
33164,41.3
33165,44.03333333333333
33166,41.03333333333333
33167,44.21666666666667
33168,43.3
33169,30.433333333333334
33170,35.35
33171,35.13333333333333
33172,42.95
33173,42.983333333333334
33174,52.28333333333333
33175,46.93333333333333
33176,30.733333333333334
33177,39.28333333333333
33178,40.85
33179,44.03333333333333
33180,53.53333333333333
33181,44.03333333333333
33182,41.11666666666667
33183,32.3
33184,37.55
33185,40.7
33186,44.25
33187,44.45
33188,51.266666666666666
33189,53.2
33190,34.6
33191,40.15
33192,45.233333333333334
33193,43.7
33194,52.56666666666667
33195,49.86666666666667
33196,48.38333333333333
33197,34.0
33198,40.266666666666666
33199,39.833333333333336
33200,43.11666666666667
33201,40.21666666666667
33202,53.833333333333336
33203,46.8
33204,33.61666666666667
33205,40.55
33206,42.083333333333336
33207,46.95
33208,40.18333333333333
33209,47.03333333333333
33210,46.2
33211,32.583333333333336
33212,41.416666666666664
33213,41.06666666666667
33214,50.68333333333333
33215,37.13333333333333
33216,46.25
33217,49.9
33218,31.066666666666666
33219,40.81666666666667
33220,39.733333333333334
33221,46.46666666666667
33222,55.7
33223,53.06666666666667
33224,48.86666666666667
33225,34.333333333333336
33226,40.95
33227,45.28333333333333
33228,48.583333333333336
33229,42.916666666666664
33230,47.516666666666666
33231,45.916666666666664
33232,30.683333333333334
33233,36.3
33234,41.166666666666664
33235,45.5
33236,50.9
33237,50.71666666666667
33238,46.93333333333333
33239,35.86666666666667
33240,42.75
33241,46.266666666666666
33242,47.15
33243,41.1
33244,54.516666666666666
33245,47.96666666666667
33246,35.166666666666664
33247,42.85
33248,42.9
33249,41.15
33250,44.86666666666667
33251,42.916666666666664
33252,54.63333333333333
33253,34.483333333333334
33254,42.583333333333336
33255,42.11666666666667
33256,42.0
33257,45.833333333333336
33258,46.68333333333333
33259,46.38333333333333
33260,32.61666666666667
33261,41.016666666666666
33262,42.233333333333334
33263,35.2
33264,45.0
33265,52.28333333333333
33266,45.75
33267,30.183333333333334
33268,42.28333333333333
33269,40.666666666666664
33270,43.416666666666664
33271,44.93333333333333
33272,48.016666666666666
33273,45.6
33274,34.38333333333333
33275,37.06666666666667
33276,41.233333333333334
33277,48.71666666666667
33278,47.85
33279,48.21666666666667
33280,50.016666666666666
33281,33.78333333333333
33282,39.4
33283,40.81666666666667
33284,44.833333333333336
33285,43.55
33286,42.483333333333334
33287,45.46666666666667
33288,32.85
33289,35.55
33290,36.7
33291,41.266666666666666
33292,48.0
33293,43.18333333333333
33294,41.766666666666666
33295,31.433333333333334
33296,31.916666666666668
33297,42.13333333333333
33298,44.18333333333333
33299,41.05
33300,42.13333333333333
33301,41.233333333333334
33302,31.766666666666666
33303,35.18333333333333
33304,35.233333333333334
33305,37.4
33306,37.416666666666664
33307,42.28333333333333
33308,41.56666666666667
33309,30.05
33310,36.86666666666667
33311,38.8
33312,43.71666666666667
33313,40.31666666666667
33314,46.03333333333333
33315,42.11666666666667
33316,32.45
33317,34.61666666666667
33318,37.583333333333336
33319,37.38333333333333
33320,39.93333333333333
33321,41.833333333333336
33322,42.416666666666664
33323,29.333333333333332
33324,33.6
33325,36.96666666666667
33326,35.35
33327,40.85
33328,40.68333333333333
33329,41.71666666666667
33330,31.033333333333335
33331,33.43333333333333
33332,36.983333333333334
33333,40.86666666666667
33334,40.11666666666667
33335,40.46666666666667
33336,47.46666666666667
33337,29.833333333333332
33338,35.36666666666667
33339,36.31666666666667
33340,38.81666666666667
33341,43.38333333333333
33342,44.016666666666666
33343,41.96666666666667
33344,29.466666666666665
33345,34.333333333333336
33346,37.28333333333333
33347,40.43333333333333
33348,35.0
33349,43.56666666666667
33350,41.9
33351,31.6
33352,33.81666666666667
33353,37.88333333333333
33354,35.0
33355,43.96666666666667
33356,41.03333333333333
33357,42.81666666666667
33358,31.366666666666667
33359,35.93333333333333
33360,38.85
33361,42.35
33362,41.7
33363,39.13333333333333
33364,44.55
33365,28.3
33366,34.6
33367,36.083333333333336
33368,34.38333333333333
33369,37.11666666666667
33370,42.36666666666667
33371,43.36666666666667
33372,28.95
33373,32.78333333333333
33374,36.983333333333334
33375,39.233333333333334
33376,41.43333333333333
33377,41.8
33378,41.93333333333333
33379,29.0
33380,35.36666666666667
33381,36.86666666666667
33382,43.333333333333336
33383,37.516666666666666
33384,28.866666666666667
33385,29.716666666666665
33386,22.65
33387,27.4
33388,21.583333333333332
33389,27.25
33390,30.95
33391,30.033333333333335
33392,31.566666666666666
33393,21.966666666666665
33394,22.816666666666666
33395,30.066666666666666
33396,25.333333333333332
33397,30.566666666666666
33398,31.4
33399,30.45
33400,18.966666666666665
33401,26.8
33402,26.733333333333334
33403,22.533333333333335
33404,28.6
33405,28.8
33406,30.416666666666668
33407,17.5
33408,22.733333333333334
33409,23.2
33410,25.0
33411,28.7
33412,29.5
33413,30.85
33414,7.15
33415,5.15
33416,5.183333333333334
33417,4.85
33418,5.116666666666666
33419,6.65
33420,6.7
33421,5.116666666666666
33422,4.7
33423,4.666666666666667
33424,3.9833333333333334
33425,3.966666666666667
33426,6.3
33427,6.533333333333333
33428,3.7333333333333334
33429,4.433333333333334
33430,4.533333333333333
33431,3.6166666666666667
33432,3.816666666666667
33433,6.566666666666666
33434,7.016666666666667
33435,5.0
33436,4.983333333333333
33437,5.1
33438,4.116666666666666
33439,4.4
33440,7.05
33441,7.05
33442,5.383333333333334
33443,5.35
33444,5.466666666666667
33445,4.35
33446,4.616666666666666
33447,6.666666666666667
33448,6.716666666666667
33449,4.55
33450,4.8
33451,4.833333333333333
33452,4.05
33453,4.466666666666667
33454,6.783333333333333
33455,6.633333333333334
33456,5.25
33457,4.766666666666667
33458,4.716666666666667
33459,3.7666666666666666
33460,4.1
33461,6.816666666666666
33462,6.616666666666666
33463,5.3
33464,4.8
33465,4.933333333333334
33466,3.95
33467,4.233333333333333
33468,7.116666666666666
33469,6.933333333333334
33470,5.4
33471,5.05
33472,5.533333333333333
33473,4.35
33474,4.616666666666666
33475,6.7
33476,6.816666666666666
33477,5.166666666666667
33478,4.733333333333333
33479,4.883333333333334
33480,4.05
33481,4.466666666666667
33482,6.816666666666666
33483,6.733333333333333
33484,5.25
33485,4.7
33486,4.733333333333333
33487,3.7666666666666666
33488,4.1
33489,6.816666666666666
33490,6.616666666666666
33491,5.3
33492,4.85
33493,4.95
33494,3.95
33495,4.233333333333333
33496,7.116666666666666
33497,6.933333333333334
33498,5.4
33499,5.083333333333333
33500,5.483333333333333
33501,4.3
33502,4.583333333333333
33503,7.233333333333333
33504,3.9
33505,25.8
33506,28.15
33507,26.583333333333332
33508,26.516666666666666
33509,46.5
33510,31.6
33511,44.15
33512,40.833333333333336
33513,51.2
33514,47.71666666666667
33515,46.63333333333333
33516,48.38333333333333
33517,30.2
33518,44.733333333333334
33519,42.56666666666667
33520,47.666666666666664
33521,54.65
33522,56.4
33523,53.96666666666667
33524,34.88333333333333
33525,44.18333333333333
33526,52.71666666666667
33527,50.8
33528,52.233333333333334
33529,53.46666666666667
33530,53.416666666666664
33531,33.0
33532,44.56666666666667
33533,46.71666666666667
33534,51.0
33535,51.9
33536,57.43333333333333
33537,60.733333333333334
33538,41.166666666666664
33539,48.68333333333333
33540,52.2
33541,45.61666666666667
33542,53.333333333333336
33543,60.166666666666664
33544,56.9
33545,45.266666666666666
33546,47.916666666666664
33547,45.05
33548,55.7
33549,65.3
33550,67.38333333333334
33551,68.75
33552,43.06666666666667
33553,55.25
33554,58.05
33555,60.78333333333333
33556,59.516666666666666
33557,60.61666666666667
33558,61.2
33559,46.75
33560,49.28333333333333
33561,57.766666666666666
33562,58.96666666666667
33563,59.15
33564,62.4
33565,58.95
33566,49.13333333333333
33567,56.0
33568,57.15
33569,62.3
33570,69.01666666666667
33571,75.95
33572,79.0
33573,51.166666666666664
33574,70.58333333333333
33575,63.03333333333333
33576,66.71666666666667
33577,66.8
33578,73.85
33579,72.18333333333334
33580,50.983333333333334
33581,61.05
33582,65.6
33583,77.25
33584,78.63333333333334
33585,79.4
33586,78.1
33587,51.95
33588,68.08333333333333
33589,64.23333333333333
33590,72.73333333333333
33591,76.68333333333334
33592,75.91666666666667
33593,71.38333333333334
33594,50.483333333333334
33595,72.45
33596,71.1
33597,80.95
33598,80.95
33599,98.66666666666667
33600,89.71666666666667
33601,57.11666666666667
33602,75.91666666666667
33603,78.63333333333334
33604,76.66666666666667
33605,77.51666666666667
33606,94.7
33607,81.06666666666666
33608,58.86666666666667
33609,69.56666666666666
33610,76.86666666666666
33611,79.25
33612,76.51666666666667
33613,91.1
33614,86.03333333333333
33615,56.86666666666667
33616,73.65
33617,80.58333333333333
33618,76.8
33619,92.86666666666666
33620,84.5
33621,77.48333333333333
33622,60.46666666666667
33623,71.38333333333334
33624,74.21666666666667
33625,74.61666666666666
33626,84.83333333333333
33627,90.26666666666667
33628,84.15
33629,66.91666666666667
33630,73.6
33631,78.36666666666666
33632,81.05
33633,82.85
33634,88.76666666666667
33635,92.5
33636,54.96666666666667
33637,70.98333333333333
33638,84.3
33639,88.95
33640,89.01666666666667
33641,89.93333333333334
33642,93.3
33643,59.666666666666664
33644,77.83333333333333
33645,83.35
33646,81.25
33647,91.2
33648,91.21666666666667
33649,89.06666666666666
33650,61.75
33651,75.95
33652,83.13333333333334
33653,85.33333333333333
33654,91.35
33655,93.7
33656,112.01666666666667
33657,74.21666666666667
33658,82.96666666666667
33659,83.11666666666666
33660,89.96666666666667
33661,101.05
33662,100.68333333333334
33663,100.91666666666667
33664,67.78333333333333
33665,85.88333333333334
33666,95.85
33667,95.6
33668,100.7
33669,100.71666666666667
33670,96.03333333333333
33671,75.23333333333333
33672,86.5
33673,92.11666666666666
33674,94.38333333333334
33675,96.15
33676,100.3
33677,103.71666666666667
33678,71.03333333333333
33679,84.16666666666667
33680,90.88333333333334
33681,98.85
33682,97.75
33683,100.06666666666666
33684,98.95
33685,71.28333333333333
33686,84.46666666666667
33687,105.63333333333334
33688,98.61666666666666
33689,102.83333333333333
33690,114.3
33691,107.85
33692,76.53333333333333
33693,90.26666666666667
33694,89.63333333333334
33695,96.35
33696,105.78333333333333
33697,102.53333333333333
33698,103.4
33699,70.61666666666666
33700,90.7
33701,91.01666666666667
33702,104.05
33703,101.06666666666666
33704,104.03333333333333
33705,105.11666666666666
33706,72.16666666666667
33707,91.55
33708,92.66666666666667
33709,94.13333333333334
33710,98.08333333333333
33711,99.9
33712,103.33333333333333
33713,74.03333333333333
33714,86.1
33715,86.18333333333334
33716,84.1
33717,89.31666666666666
33718,99.88333333333334
33719,100.51666666666667
33720,56.75
33721,73.1
33722,75.7
33723,66.88333333333334
33724,90.85
33725,87.26666666666667
33726,84.53333333333333
33727,57.81666666666667
33728,71.3
33729,77.9
33730,81.16666666666667
33731,91.61666666666666
33732,99.08333333333333
33733,91.93333333333334
33734,66.33333333333333
33735,78.01666666666667
33736,81.36666666666666
33737,77.13333333333334
33738,94.06666666666666
33739,83.1
33740,85.96666666666667
33741,56.43333333333333
33742,68.0
33743,78.4
33744,91.01666666666667
33745,91.03333333333333
33746,95.26666666666667
33747,99.5
33748,79.45
33749,80.6
33750,77.0
33751,79.36666666666666
33752,79.8
33753,81.66666666666667
33754,79.95
33755,52.75
33756,74.63333333333334
33757,89.61666666666666
33758,78.41666666666667
33759,92.33333333333333
33760,93.61666666666666
33761,91.16666666666667
33762,68.38333333333334
33763,72.73333333333333
33764,77.25
33765,87.7
33766,86.51666666666667
33767,88.21666666666667
33768,96.65
33769,58.81666666666667
33770,75.53333333333333
33771,78.71666666666667
33772,77.05
33773,86.65
33774,82.66666666666667
33775,92.45
33776,54.266666666666666
33777,68.48333333333333
33778,77.06666666666666
33779,73.36666666666666
33780,77.8
33781,78.23333333333333
33782,75.86666666666666
33783,51.71666666666667
33784,68.78333333333333
33785,78.6
33786,85.96666666666667
33787,71.33333333333333
33788,82.51666666666667
33789,80.5
33790,62.86666666666667
33791,72.18333333333334
33792,73.8
33793,76.08333333333333
33794,83.85
33795,77.61666666666666
33796,84.06666666666666
33797,52.983333333333334
33798,71.71666666666667
33799,65.9
33800,62.15
33801,77.88333333333334
33802,76.51666666666667
33803,75.55
33804,59.3
33805,66.65
33806,67.93333333333334
33807,80.66666666666667
33808,82.13333333333334
33809,91.86666666666666
33810,91.36666666666666
33811,67.5
33812,71.55
33813,77.0
33814,76.93333333333334
33815,78.98333333333333
33816,82.25
33817,80.68333333333334
33818,53.95
33819,74.13333333333334
33820,74.45
33821,80.38333333333334
33822,87.48333333333333
33823,82.15
33824,80.55
33825,62.03333333333333
33826,71.18333333333334
33827,71.01666666666667
33828,77.9
33829,77.01666666666667
33830,84.31666666666666
33831,85.16666666666667
33832,60.05
33833,67.18333333333334
33834,76.46666666666667
33835,80.45
33836,84.7
33837,84.11666666666666
33838,69.98333333333333
33839,50.766666666666666
33840,69.2
33841,70.05
33842,71.11666666666666
33843,75.9
33844,67.73333333333333
33845,68.38333333333334
33846,57.96666666666667
33847,57.15
33848,55.38333333333333
33849,59.56666666666667
33850,60.96666666666667
33851,64.06666666666666
33852,62.13333333333333
33853,39.56666666666667
33854,54.03333333333333
33855,59.483333333333334
33856,54.36666666666667
33857,59.55
33858,61.666666666666664
33859,61.28333333333333
33860,47.416666666666664
33861,51.63333333333333
33862,58.11666666666667
33863,55.983333333333334
33864,64.45
33865,66.98333333333333
33866,66.65
33867,53.1
33868,51.18333333333333
33869,60.733333333333334
33870,59.95
33871,54.083333333333336
33872,67.83333333333333
33873,67.95
33874,47.13333333333333
33875,57.0
33876,55.8
33877,56.88333333333333
33878,56.9
33879,68.31666666666666
33880,59.266666666666666
33881,49.516666666666666
33882,50.483333333333334
33883,53.36666666666667
33884,42.583333333333336
33885,59.3
33886,67.23333333333333
33887,79.76666666666667
33888,42.81666666666667
33889,54.666666666666664
33890,60.36666666666667
33891,66.9
33892,65.31666666666666
33893,64.15
33894,64.35
33895,44.416666666666664
33896,52.4
33897,52.18333333333333
33898,59.416666666666664
33899,57.21666666666667
33900,71.93333333333334
33901,73.41666666666667
33902,46.36666666666667
33903,54.733333333333334
33904,65.83333333333333
33905,69.53333333333333
33906,67.3
33907,68.06666666666666
33908,70.68333333333334
33909,49.083333333333336
33910,62.666666666666664
33911,63.88333333333333
33912,63.11666666666667
33913,68.9
33914,71.91666666666667
33915,80.83333333333333
33916,51.81666666666667
33917,59.55
33918,64.21666666666667
33919,71.2
33920,73.11666666666666
33921,73.56666666666666
33922,76.18333333333334
33923,49.8
33924,66.28333333333333
33925,66.11666666666666
33926,68.01666666666667
33927,68.2
33928,75.9
33929,87.81666666666666
33930,52.61666666666667
33931,69.23333333333333
33932,70.7
33933,68.45
33934,82.71666666666667
33935,86.96666666666667
33936,100.55
33937,58.03333333333333
33938,66.8
33939,73.98333333333333
33940,78.15
33941,72.1
33942,86.65
33943,84.83333333333333
33944,59.38333333333333
33945,70.85
33946,72.78333333333333
33947,79.5
33948,89.9
33949,88.5
33950,77.61666666666666
33951,57.03333333333333
33952,69.71666666666667
33953,71.56666666666666
33954,80.9
33955,80.18333333333334
33956,81.81666666666666
33957,84.13333333333334
33958,53.2
33959,71.53333333333333
33960,74.6
33961,84.05
33962,96.41666666666667
33963,100.43333333333334
33964,96.8
33965,65.08333333333333
33966,79.63333333333334
33967,84.61666666666666
33968,95.16666666666667
33969,95.2
33970,95.2
33971,93.18333333333334
33972,67.15
33973,76.4
33974,78.35
33975,87.2
33976,89.28333333333333
33977,104.31666666666666
33978,98.28333333333333
33979,65.26666666666667
33980,80.46666666666667
33981,84.43333333333334
33982,81.41666666666667
33983,93.91666666666667
33984,99.83333333333333
33985,97.8
33986,68.51666666666667
33987,81.5
33988,80.83333333333333
33989,96.26666666666667
33990,116.13333333333334
33991,115.11666666666666
33992,110.85
33993,73.01666666666667
33994,84.36666666666666
33995,94.01666666666667
33996,106.41666666666667
33997,99.88333333333334
33998,99.65
33999,98.78333333333333
34000,65.28333333333333
34001,82.86666666666666
34002,90.61666666666666
34003,95.0
34004,98.8
34005,108.33333333333333
34006,106.51666666666667
34007,75.76666666666667
34008,90.9
34009,95.66666666666667
34010,101.95
34011,100.98333333333333
34012,103.01666666666667
34013,104.86666666666666
34014,72.73333333333333
34015,95.68333333333334
34016,96.45
34017,104.43333333333334
34018,105.38333333333334
34019,113.11666666666666
34020,116.83333333333333
34021,86.53333333333333
34022,90.03333333333333
34023,97.98333333333333
34024,110.55
34025,116.1
34026,111.68333333333334
34027,107.3
34028,79.11666666666666
34029,86.76666666666667
34030,101.31666666666666
34031,106.28333333333333
34032,102.56666666666666
34033,111.55
34034,106.41666666666667
34035,82.0
34036,89.85
34037,98.26666666666667
34038,120.58333333333333
34039,119.8
34040,134.83333333333334
34041,122.13333333333334
34042,84.06666666666666
34043,99.18333333333334
34044,98.21666666666667
34045,110.01666666666667
34046,113.51666666666667
34047,108.0
34048,117.88333333333334
34049,80.56666666666666
34050,94.18333333333334
34051,99.11666666666666
34052,119.41666666666667
34053,116.1
34054,117.93333333333334
34055,122.43333333333334
34056,78.65
34057,96.16666666666667
34058,104.21666666666667
34059,98.43333333333334
34060,114.6
34061,125.53333333333333
34062,126.35
34063,79.4
34064,96.2
34065,99.21666666666667
34066,105.23333333333333
34067,113.5
34068,121.3
34069,125.61666666666666
34070,83.41666666666667
34071,106.43333333333334
34072,103.83333333333333
34073,115.55
34074,123.76666666666667
34075,124.36666666666666
34076,135.71666666666667
34077,79.36666666666666
34078,99.95
34079,113.03333333333333
34080,120.9
34081,111.85
34082,116.08333333333333
34083,126.36666666666666
34084,77.2
34085,89.33333333333333
34086,100.3
34087,103.06666666666666
34088,99.65
34089,103.03333333333333
34090,99.73333333333333
34091,76.63333333333334
34092,84.23333333333333
34093,93.8
34094,91.35
34095,98.65
34096,102.95
34097,110.71666666666667
34098,73.78333333333333
34099,93.83333333333333
34100,94.58333333333333
34101,96.78333333333333
34102,105.58333333333333
34103,100.3
34104,98.6
34105,74.11666666666666
34106,80.2
34107,82.7
34108,87.21666666666667
34109,103.06666666666666
34110,104.91666666666667
34111,103.13333333333334
34112,66.56666666666666
34113,87.76666666666667
34114,87.18333333333334
34115,88.56666666666666
34116,90.7
34117,95.2
34118,95.56666666666666
34119,61.5
34120,78.2
34121,84.21666666666667
34122,86.08333333333333
34123,96.65
34124,99.36666666666666
34125,100.9
34126,66.18333333333334
34127,78.28333333333333
34128,88.45
34129,86.71666666666667
34130,92.7
34131,97.48333333333333
34132,100.2
34133,64.56666666666666
34134,78.63333333333334
34135,85.26666666666667
34136,87.51666666666667
34137,89.25
34138,90.45
34139,92.93333333333334
34140,63.38333333333333
34141,79.03333333333333
34142,79.35
34143,79.21666666666667
34144,85.4
34145,90.7
34146,89.91666666666667
34147,59.21666666666667
34148,74.05
34149,75.88333333333334
34150,93.0
34151,92.61666666666666
34152,96.93333333333334
34153,93.96666666666667
34154,60.45
34155,79.23333333333333
34156,81.86666666666666
34157,88.5
34158,85.18333333333334
34159,93.56666666666666
34160,94.61666666666666
34161,58.03333333333333
34162,75.45
34163,80.16666666666667
34164,78.93333333333334
34165,84.28333333333333
34166,99.63333333333334
34167,101.93333333333334
34168,58.43333333333333
34169,77.55
34170,78.43333333333334
34171,82.58333333333333
34172,87.31666666666666
34173,92.11666666666666
34174,98.68333333333334
34175,60.78333333333333
34176,81.41666666666667
34177,82.48333333333333
34178,83.95
34179,99.63333333333334
34180,96.5
34181,101.5
34182,67.33333333333333
34183,85.18333333333334
34184,88.21666666666667
34185,94.56666666666666
34186,95.05
34187,98.55
34188,99.9
34189,67.58333333333333
34190,87.31666666666666
34191,86.56666666666666
34192,92.23333333333333
34193,96.91666666666667
34194,97.5
34195,96.53333333333333
34196,67.4
34197,82.01666666666667
34198,87.83333333333333
34199,93.88333333333334
34200,94.05
34201,94.26666666666667
34202,98.28333333333333
34203,56.96666666666667
34204,68.83333333333333
34205,81.36666666666666
34206,74.65
34207,77.35
34208,80.15
34209,75.46666666666667
34210,50.53333333333333
34211,56.666666666666664
34212,57.766666666666666
34213,67.41666666666667
34214,71.45
34215,71.96666666666667
34216,87.48333333333333
34217,52.833333333333336
34218,60.4
34219,63.21666666666667
34220,70.33333333333333
34221,73.41666666666667
34222,70.71666666666667
34223,72.68333333333334
34224,45.45
34225,61.25
34226,65.71666666666667
34227,75.28333333333333
34228,71.68333333333334
34229,75.81666666666666
34230,76.81666666666666
34231,50.5
34232,66.68333333333334
34233,61.85
34234,76.18333333333334
34235,65.06666666666666
34236,72.61666666666666
34237,75.66666666666667
34238,48.016666666666666
34239,49.766666666666666
34240,57.55
34241,56.43333333333333
34242,66.21666666666667
34243,74.86666666666666
34244,67.11666666666666
34245,44.583333333333336
34246,56.266666666666666
34247,62.21666666666667
34248,62.233333333333334
34249,64.53333333333333
34250,78.11666666666666
34251,70.78333333333333
34252,47.766666666666666
34253,62.166666666666664
34254,63.2
34255,55.666666666666664
34256,63.4
34257,65.73333333333333
34258,64.41666666666667
34259,42.983333333333334
34260,55.983333333333334
34261,59.06666666666667
34262,62.78333333333333
34263,68.68333333333334
34264,65.71666666666667
34265,64.51666666666667
34266,49.96666666666667
34267,52.416666666666664
34268,57.95
34269,69.88333333333334
34270,75.21666666666667
34271,78.76666666666667
34272,79.03333333333333
34273,49.45
34274,63.43333333333333
34275,66.58333333333333
34276,71.96666666666667
34277,68.7
34278,73.83333333333333
34279,70.36666666666666
34280,48.1
34281,58.65
34282,60.03333333333333
34283,70.45
34284,70.5
34285,72.3
34286,73.35
34287,47.78333333333333
34288,57.833333333333336
34289,66.11666666666666
34290,75.71666666666667
34291,68.66666666666667
34292,76.08333333333333
34293,79.78333333333333
34294,60.733333333333334
34295,72.28333333333333
34296,78.85
34297,82.28333333333333
34298,83.96666666666667
34299,96.88333333333334
34300,95.7
34301,58.68333333333333
34302,76.4
34303,77.0
34304,78.16666666666667
34305,88.2
34306,85.83333333333333
34307,80.51666666666667
34308,58.93333333333333
34309,71.76666666666667
34310,78.68333333333334
34311,82.41666666666667
34312,93.4
34313,103.16666666666667
34314,96.15
34315,62.083333333333336
34316,82.56666666666666
34317,83.71666666666667
34318,90.96666666666667
34319,89.15
34320,85.38333333333334
34321,84.25
34322,60.56666666666667
34323,72.91666666666667
34324,92.03333333333333
34325,110.56666666666666
34326,92.48333333333333
34327,109.58333333333333
34328,96.08333333333333
34329,71.3
34330,86.73333333333333
34331,88.3
34332,96.46666666666667
34333,100.45
34334,99.9
34335,104.56666666666666
34336,68.61666666666666
34337,86.03333333333333
34338,89.28333333333333
34339,95.6
34340,98.91666666666667
34341,103.03333333333333
34342,101.1
34343,65.86666666666666
34344,81.61666666666666
34345,85.78333333333333
34346,102.76666666666667
34347,93.78333333333333
34348,100.03333333333333
34349,112.01666666666667
34350,70.6
34351,90.21666666666667
34352,91.61666666666666
34353,90.03333333333333
34354,98.48333333333333
34355,108.15
34356,110.08333333333333
34357,75.71666666666667
34358,91.06666666666666
34359,96.56666666666666
34360,99.23333333333333
34361,106.3
34362,108.35
34363,107.43333333333334
34364,77.98333333333333
34365,97.0
34366,95.65
34367,111.61666666666666
34368,106.81666666666666
34369,100.81666666666666
34370,113.51666666666667
34371,78.08333333333333
34372,89.61666666666666
34373,93.15
34374,98.08333333333333
34375,110.48333333333333
34376,105.78333333333333
34377,106.05
34378,78.3
34379,92.41666666666667
34380,96.61666666666666
34381,106.05
34382,102.06666666666666
34383,118.75
34384,109.2
34385,83.78333333333333
34386,94.6
34387,104.55
34388,118.1
34389,121.31666666666666
34390,127.48333333333333
34391,121.16666666666667
34392,83.76666666666667
34393,99.1
34394,100.25
34395,111.35
34396,117.58333333333333
34397,120.96666666666667
34398,114.3
34399,83.93333333333334
34400,96.4
34401,107.16666666666667
34402,114.45
34403,113.51666666666667
34404,131.53333333333333
34405,127.33333333333333
34406,82.25
34407,100.38333333333334
34408,108.43333333333334
34409,106.63333333333334
34410,117.93333333333334
34411,117.38333333333334
34412,126.36666666666666
34413,83.05
34414,105.33333333333333
34415,115.36666666666666
34416,120.46666666666667
34417,117.95
34418,123.98333333333333
34419,121.86666666666666
34420,88.9
34421,97.36666666666666
34422,102.76666666666667
34423,111.86666666666666
34424,118.43333333333334
34425,122.48333333333333
34426,129.8
34427,83.83333333333333
34428,107.56666666666666
34429,111.28333333333333
34430,121.91666666666667
34431,116.78333333333333
34432,119.33333333333333
34433,126.71666666666667
34434,82.68333333333334
34435,99.35
34436,106.26666666666667
34437,113.4
34438,120.06666666666666
34439,136.91666666666666
34440,124.18333333333334
34441,80.7
34442,103.51666666666667
34443,110.0
34444,113.1
34445,121.66666666666667
34446,120.11666666666666
34447,117.5
34448,83.6
34449,100.08333333333333
34450,104.45
34451,115.33333333333333
34452,110.13333333333334
34453,109.41666666666667
34454,113.25
34455,72.33333333333333
34456,85.0
34457,96.96666666666667
34458,85.48333333333333
34459,108.33333333333333
34460,110.26666666666667
34461,112.18333333333334
34462,74.81666666666666
34463,94.05
34464,95.83333333333333
34465,107.73333333333333
34466,105.61666666666666
34467,117.66666666666667
34468,106.21666666666667
34469,76.16666666666667
34470,93.75
34471,95.78333333333333
34472,101.25
34473,118.68333333333334
34474,117.86666666666666
34475,114.61666666666666
34476,78.56666666666666
34477,90.46666666666667
34478,99.06666666666666
34479,97.7
34480,109.63333333333334
34481,105.61666666666666
34482,100.36666666666666
34483,68.73333333333333
34484,88.5
34485,94.88333333333334
34486,99.06666666666666
34487,101.51666666666667
34488,103.88333333333334
34489,101.65
34490,72.75
34491,81.91666666666667
34492,87.28333333333333
34493,93.28333333333333
34494,95.38333333333334
34495,106.15
34496,101.11666666666666
34497,76.03333333333333
34498,82.95
34499,87.55
34500,94.45
34501,93.76666666666667
34502,103.65
34503,108.33333333333333
34504,69.61666666666666
34505,83.08333333333333
34506,90.28333333333333
34507,88.66666666666667
34508,97.98333333333333
34509,101.68333333333334
34510,102.71666666666667
34511,72.48333333333333
34512,79.05
34513,88.6
34514,80.0
34515,85.03333333333333
34516,95.25
34517,95.75
34518,59.6
34519,76.98333333333333
34520,80.08333333333333
34521,92.13333333333334
34522,89.21666666666667
34523,91.48333333333333
34524,97.2
34525,58.166666666666664
34526,81.2
34527,89.1
34528,87.05
34529,103.6
34530,103.4
34531,101.55
34532,74.21666666666667
34533,78.48333333333333
34534,83.05
34535,88.38333333333334
34536,96.33333333333333
34537,100.63333333333334
34538,100.3
34539,66.4
34540,92.06666666666666
34541,86.66666666666667
34542,95.85
34543,95.25
34544,99.73333333333333
34545,109.53333333333333
34546,70.7
34547,84.81666666666666
34548,88.1
34549,97.53333333333333
34550,95.81666666666666
34551,97.76666666666667
34552,96.81666666666666
34553,71.25
34554,82.2
34555,86.21666666666667
34556,94.91666666666667
34557,89.45
34558,102.88333333333334
34559,107.63333333333334
34560,71.03333333333333
34561,83.81666666666666
34562,87.63333333333334
34563,83.38333333333334
34564,98.38333333333334
34565,104.4
34566,102.58333333333333
34567,67.23333333333333
34568,77.21666666666667
34569,87.6
34570,82.01666666666667
34571,82.46666666666667
34572,83.25
34573,79.1
34574,49.666666666666664
34575,64.23333333333333
34576,66.01666666666667
34577,58.9
34578,70.6
34579,69.73333333333333
34580,71.0
34581,52.63333333333333
34582,66.93333333333334
34583,69.51666666666667
34584,65.63333333333334
34585,71.06666666666666
34586,76.86666666666666
34587,81.05
34588,50.266666666666666
34589,61.416666666666664
34590,65.13333333333334
34591,65.98333333333333
34592,75.65
34593,77.25
34594,71.58333333333333
34595,51.68333333333333
34596,62.916666666666664
34597,63.983333333333334
34598,77.3
34599,68.28333333333333
34600,74.18333333333334
34601,81.38333333333334
34602,56.36666666666667
34603,65.23333333333333
34604,64.48333333333333
34605,69.03333333333333
34606,75.46666666666667
34607,73.51666666666667
34608,75.83333333333333
34609,60.333333333333336
34610,63.483333333333334
34611,64.48333333333333
34612,77.38333333333334
34613,57.86666666666667
34614,72.61666666666666
34615,84.9
34616,47.666666666666664
34617,58.983333333333334
34618,64.71666666666667
34619,64.01666666666667
34620,71.88333333333334
34621,74.23333333333333
34622,76.71666666666667
34623,52.03333333333333
34624,64.41666666666667
34625,66.58333333333333
34626,71.56666666666666
34627,60.36666666666667
34628,73.7
34629,82.21666666666667
34630,50.93333333333333
34631,70.81666666666666
34632,79.01666666666667
34633,65.05
34634,78.41666666666667
34635,84.0
34636,78.23333333333333
34637,58.266666666666666
34638,68.98333333333333
34639,69.65
34640,72.63333333333334
34641,76.0
34642,76.86666666666666
34643,84.08333333333333
34644,55.21666666666667
34645,65.56666666666666
34646,65.48333333333333
34647,71.98333333333333
34648,77.36666666666666
34649,78.86666666666666
34650,82.73333333333333
34651,51.166666666666664
34652,70.9
34653,73.18333333333334
34654,73.53333333333333
34655,80.16666666666667
34656,77.71666666666667
34657,82.65
34658,56.4
34659,71.45
34660,81.41666666666667
34661,89.93333333333334
34662,84.18333333333334
34663,88.9
34664,92.58333333333333
34665,57.56666666666667
34666,74.9
34667,78.18333333333334
34668,81.3
34669,86.83333333333333
34670,86.68333333333334
34671,95.63333333333334
34672,57.9
34673,81.38333333333334
34674,77.06666666666666
34675,83.0
34676,90.26666666666667
34677,91.28333333333333
34678,102.68333333333334
34679,66.46666666666667
34680,79.83333333333333
34681,83.98333333333333
34682,77.55
34683,92.83333333333333
34684,95.06666666666666
34685,89.5
34686,63.63333333333333
34687,77.15
34688,85.61666666666666
34689,90.13333333333334
34690,93.5
34691,103.33333333333333
34692,103.71666666666667
34693,71.43333333333334
34694,83.08333333333333
34695,87.86666666666666
34696,96.58333333333333
34697,96.46666666666667
34698,108.96666666666667
34699,107.8
34700,74.56666666666666
34701,88.1
34702,91.6
34703,104.68333333333334
34704,108.38333333333334
34705,106.5
34706,106.75
34707,74.25
34708,92.01666666666667
34709,88.78333333333333
34710,98.2
34711,97.56666666666666
34712,113.28333333333333
34713,107.98333333333333
34714,79.56666666666666
34715,91.31666666666666
34716,95.78333333333333
34717,107.26666666666667
34718,106.43333333333334
34719,119.85
34720,124.33333333333333
34721,85.23333333333333
34722,100.51666666666667
34723,99.03333333333333
34724,115.8
34725,120.7
34726,121.13333333333334
34727,128.76666666666668
34728,79.5
34729,107.08333333333333
34730,103.68333333333334
34731,108.71666666666667
34732,112.93333333333334
34733,128.31666666666666
34734,120.08333333333333
34735,81.4
34736,104.0
34737,103.48333333333333
34738,106.21666666666667
34739,115.8
34740,126.98333333333333
34741,124.58333333333333
34742,84.48333333333333
34743,103.01666666666667
34744,104.56666666666666
34745,101.9
34746,114.55
34747,117.3
34748,123.36666666666666
34749,82.43333333333334
34750,99.55
34751,104.16666666666667
34752,100.91666666666667
34753,118.73333333333333
34754,121.43333333333334
34755,127.13333333333334
34756,84.45
34757,99.36666666666666
34758,108.73333333333333
34759,113.38333333333334
34760,118.53333333333333
34761,133.0
34762,122.96666666666667
34763,85.0
34764,105.11666666666666
34765,107.46666666666667
34766,109.68333333333334
34767,121.11666666666666
34768,129.35
34769,147.11666666666667
34770,83.95
34771,107.48333333333333
34772,114.46666666666667
34773,119.51666666666667
34774,119.98333333333333
34775,125.48333333333333
34776,130.0
34777,84.3
34778,103.26666666666667
34779,117.11666666666666
34780,116.4
34781,125.03333333333333
34782,132.91666666666666
34783,126.9
34784,86.95
34785,111.06666666666666
34786,106.98333333333333
34787,124.0
34788,121.23333333333333
34789,128.25
34790,125.31666666666666
34791,89.88333333333334
34792,97.95
34793,114.68333333333334
34794,116.81666666666666
34795,117.88333333333334
34796,129.26666666666668
34797,132.7
34798,90.71666666666667
34799,113.98333333333333
34800,117.13333333333334
34801,122.48333333333333
34802,128.85
34803,136.83333333333334
34804,139.3
34805,95.43333333333334
34806,110.13333333333334
34807,117.73333333333333
34808,131.26666666666668
34809,138.91666666666666
34810,145.11666666666667
34811,136.68333333333334
34812,87.98333333333333
34813,97.11666666666666
34814,116.03333333333333
34815,125.4
34816,121.35
34817,119.91666666666667
34818,121.28333333333333
34819,80.11666666666666
34820,97.76666666666667
34821,101.38333333333334
34822,108.45
34823,122.55
34824,126.08333333333333
34825,128.95
34826,82.65
34827,98.31666666666666
34828,107.83333333333333
34829,108.81666666666666
34830,114.86666666666666
34831,134.0
34832,128.16666666666666
34833,88.46666666666667
34834,98.21666666666667
34835,111.35
34836,110.66666666666667
34837,123.4
34838,120.53333333333333
34839,125.0
34840,81.86666666666666
34841,96.6
34842,102.03333333333333
34843,114.85
34844,125.41666666666667
34845,120.3
34846,115.41666666666667
34847,79.66666666666667
34848,93.8
34849,98.61666666666666
34850,108.03333333333333
34851,114.05
34852,110.93333333333334
34853,118.16666666666667
34854,78.01666666666667
34855,92.28333333333333
34856,102.71666666666667
34857,100.0
34858,99.55
34859,114.76666666666667
34860,111.73333333333333
34861,76.58333333333333
34862,93.98333333333333
34863,100.91666666666667
34864,107.55
34865,115.33333333333333
34866,111.91666666666667
34867,107.55
34868,75.01666666666667
34869,92.51666666666667
34870,91.43333333333334
34871,90.13333333333334
34872,109.51666666666667
34873,107.0
34874,109.0
34875,76.26666666666667
34876,83.48333333333333
34877,90.15
34878,94.41666666666667
34879,99.45
34880,108.86666666666666
34881,106.88333333333334
34882,68.4
34883,84.45
34884,92.18333333333334
34885,100.0
34886,105.68333333333334
34887,105.58333333333333
34888,102.33333333333333
34889,73.25
34890,90.61666666666666
34891,92.81666666666666
34892,104.33333333333333
34893,106.48333333333333
34894,108.0
34895,105.38333333333334
34896,80.23333333333333
34897,83.0
34898,90.85
34899,93.81666666666666
34900,91.55
34901,96.85
34902,102.73333333333333
34903,66.91666666666667
34904,85.9
34905,92.6
34906,105.23333333333333
34907,116.46666666666667
34908,112.15
34909,124.65
34910,79.23333333333333
34911,95.96666666666667
34912,100.48333333333333
34913,118.95
34914,106.73333333333333
34915,114.43333333333334
34916,100.65
34917,76.83333333333333
34918,88.43333333333334
34919,93.83333333333333
34920,105.5
34921,106.95
34922,104.4
34923,119.7
34924,78.6
34925,96.5
34926,97.7
34927,98.85
34928,118.41666666666667
34929,119.23333333333333
34930,115.8
34931,76.75
34932,99.56666666666666
34933,94.53333333333333
34934,109.41666666666667
34935,83.28333333333333
34936,92.91666666666667
34937,91.86666666666666
34938,63.75
34939,70.3
34940,69.46666666666667
34941,72.08333333333333
34942,83.43333333333334
34943,80.3
34944,85.73333333333333
34945,60.86666666666667
34946,70.03333333333333
34947,75.55
34948,68.03333333333333
34949,78.36666666666666
34950,80.66666666666667
34951,82.65
34952,58.25
34953,61.31666666666667
34954,67.31666666666666
34955,70.75
34956,73.0
34957,72.15
34958,71.81666666666666
34959,48.266666666666666
34960,63.4
34961,68.13333333333334
34962,77.48333333333333
34963,73.43333333333334
34964,80.38333333333334
34965,84.06666666666666
34966,59.483333333333334
34967,67.31666666666666
34968,70.51666666666667
34969,70.68333333333334
34970,81.75
34971,79.76666666666667
34972,73.7
34973,51.583333333333336
34974,63.28333333333333
34975,74.36666666666666
34976,77.78333333333333
34977,79.06666666666666
34978,81.16666666666667
34979,81.55
34980,56.15
34981,70.4
34982,66.91666666666667
34983,73.53333333333333
34984,72.0
34985,73.86666666666666
34986,76.65
34987,51.61666666666667
34988,57.6
34989,69.6
34990,74.76666666666667
34991,73.8
34992,77.13333333333334
34993,77.85
34994,50.766666666666666
34995,63.11666666666667
34996,76.58333333333333
34997,77.91666666666667
34998,83.66666666666667
34999,75.41666666666667
35000,78.15
35001,52.0
35002,68.51666666666667
35003,71.6
35004,80.03333333333333
35005,82.75
35006,89.2
35007,88.31666666666666
35008,60.28333333333333
35009,70.46666666666667
35010,77.58333333333333
35011,78.15
35012,84.08333333333333
35013,82.5
35014,82.93333333333334
35015,55.2
35016,68.4
35017,70.45
35018,80.9
35019,69.96666666666667
35020,81.05
35021,96.05
35022,56.833333333333336
35023,72.71666666666667
35024,76.03333333333333
35025,80.2
35026,101.35
35027,93.8
35028,100.61666666666666
35029,63.81666666666667
35030,89.2
35031,87.95
35032,99.63333333333334
35033,100.48333333333333
35034,98.51666666666667
35035,107.53333333333333
35036,68.2
35037,95.98333333333333
35038,85.76666666666667
35039,93.33333333333333
35040,97.38333333333334
35041,101.03333333333333
35042,98.83333333333333
35043,69.73333333333333
35044,82.76666666666667
35045,90.35
35046,86.81666666666666
35047,103.08333333333333
35048,105.53333333333333
35049,101.26666666666667
35050,69.05
35051,85.81666666666666
35052,91.96666666666667
35053,96.08333333333333
35054,98.9
35055,104.35
35056,109.05
35057,73.03333333333333
35058,86.7
35059,91.38333333333334
35060,102.16666666666667
35061,106.83333333333333
35062,116.41666666666667
35063,120.41666666666667
35064,76.81666666666666
35065,97.48333333333333
35066,108.36666666666666
35067,106.71666666666667
35068,120.1
35069,123.68333333333334
35070,123.4
35071,82.71666666666667
35072,97.61666666666666
35073,102.9
35074,97.15
35075,113.61666666666666
35076,119.1
35077,121.46666666666667
35078,81.4
35079,105.01666666666667
35080,109.03333333333333
35081,113.33333333333333
35082,113.71666666666667
35083,121.15
35084,122.96666666666667
35085,88.23333333333333
35086,101.26666666666667
35087,106.36666666666666
35088,114.28333333333333
35089,121.83333333333333
35090,120.88333333333334
35091,123.23333333333333
35092,84.6
35093,101.8
35094,110.41666666666667
35095,121.48333333333333
35096,122.91666666666667
35097,127.88333333333334
35098,128.15
35099,88.38333333333334
35100,106.78333333333333
35101,111.75
35102,120.48333333333333
35103,131.2
35104,130.96666666666667
35105,134.25
35106,87.25
35107,112.11666666666666
35108,109.9
35109,120.13333333333334
35110,122.96666666666667
35111,122.3
35112,124.4
35113,81.86666666666666
35114,100.66666666666667
35115,110.33333333333333
35116,115.83333333333333
35117,129.81666666666666
35118,129.08333333333334
35119,154.53333333333333
35120,91.93333333333334
35121,111.63333333333334
35122,114.26666666666667
35123,111.85
35124,126.75
35125,121.85
35126,134.71666666666667
35127,87.3
35128,117.73333333333333
35129,114.15
35130,124.93333333333334
35131,138.36666666666667
35132,135.63333333333333
35133,138.85
35134,90.96666666666667
35135,113.56666666666666
35136,109.03333333333333
35137,129.91666666666666
35138,127.28333333333333
35139,134.7
35140,134.73333333333332
35141,93.9
35142,105.73333333333333
35143,116.91666666666667
35144,128.56666666666666
35145,128.55
35146,153.95
35147,157.68333333333334
35148,94.13333333333334
35149,119.38333333333334
35150,114.46666666666667
35151,126.23333333333333
35152,140.98333333333332
35153,137.76666666666668
35154,149.65
35155,93.5
35156,113.63333333333334
35157,122.95
35158,145.36666666666667
35159,152.0
35160,147.08333333333334
35161,147.61666666666667
35162,97.71666666666667
35163,123.73333333333333
35164,125.41666666666667
35165,133.45
35166,133.38333333333333
35167,155.2
35168,156.58333333333334
35169,99.53333333333333
35170,119.68333333333334
35171,130.96666666666667
35172,145.51666666666668
35173,135.21666666666667
35174,148.66666666666666
35175,152.1
35176,99.66666666666667
35177,127.18333333333334
35178,114.46666666666667
35179,141.65
35180,135.4
35181,132.41666666666666
35182,131.4
35183,78.68333333333334
35184,94.31666666666666
35185,105.58333333333333
35186,121.21666666666667
35187,123.73333333333333
35188,123.8
35189,128.8
35190,88.2
35191,99.46666666666667
35192,113.96666666666667
35193,113.3
35194,126.13333333333334
35195,124.46666666666667
35196,127.93333333333334
35197,82.93333333333334
35198,102.23333333333333
35199,110.01666666666667
35200,123.58333333333333
35201,119.16666666666667
35202,129.16666666666666
35203,126.23333333333333
35204,86.41666666666667
35205,99.88333333333334
35206,110.75
35207,122.5
35208,123.91666666666667
35209,125.61666666666666
35210,124.48333333333333
35211,83.86666666666666
35212,99.76666666666667
35213,108.76666666666667
35214,115.26666666666667
35215,118.7
35216,119.76666666666667
35217,123.96666666666667
35218,77.21666666666667
35219,102.38333333333334
35220,96.61666666666666
35221,104.2
35222,110.65
35223,119.43333333333334
35224,120.91666666666667
35225,81.81666666666666
35226,92.71666666666667
35227,101.33333333333333
35228,98.75
35229,116.3
35230,115.6
35231,118.66666666666667
35232,75.05
35233,93.08333333333333
35234,102.41666666666667
35235,98.68333333333334
35236,111.56666666666666
35237,116.85
35238,122.21666666666667
35239,74.91666666666667
35240,93.93333333333334
35241,97.21666666666667
35242,108.63333333333334
35243,113.78333333333333
35244,109.81666666666666
35245,105.96666666666667
35246,81.73333333333333
35247,90.91666666666667
35248,95.65
35249,93.71666666666667
35250,101.01666666666667
35251,102.15
35252,111.93333333333334
35253,72.11666666666666
35254,94.5
35255,92.86666666666666
35256,90.46666666666667
35257,96.61666666666666
35258,106.95
35259,101.53333333333333
35260,72.45
35261,83.33333333333333
35262,93.25
35263,90.96666666666667
35264,101.31666666666666
35265,105.35
35266,110.03333333333333
35267,72.01666666666667
35268,87.63333333333334
35269,90.73333333333333
35270,104.0
35271,118.73333333333333
35272,113.43333333333334
35273,127.08333333333333
35274,81.36666666666666
35275,96.48333333333333
35276,100.9
35277,115.48333333333333
35278,111.33333333333333
35279,117.6
35280,115.13333333333334
35281,77.98333333333333
35282,95.26666666666667
35283,102.03333333333333
35284,115.41666666666667
35285,108.71666666666667
35286,120.91666666666667
35287,124.86666666666666
35288,82.1
35289,99.93333333333334
35290,100.43333333333334
35291,102.48333333333333
35292,109.61666666666666
35293,109.0
35294,111.15
35295,78.41666666666667
35296,90.11666666666666
35297,107.26666666666667
35298,122.36666666666666
35299,103.0
35300,101.45
35301,100.75
35302,68.33333333333333
35303,69.28333333333333
35304,76.56666666666666
35305,88.38333333333334
35306,84.78333333333333
35307,80.5
35308,83.06666666666666
35309,53.35
35310,64.96666666666667
35311,69.78333333333333
35312,77.48333333333333
35313,80.45
35314,86.36666666666666
35315,77.41666666666667
35316,55.88333333333333
35317,62.15
35318,67.58333333333333
35319,66.98333333333333
35320,85.5
35321,85.38333333333334
35322,86.43333333333334
35323,58.55
35324,74.16666666666667
35325,73.56666666666666
35326,81.6
35327,79.86666666666666
35328,83.43333333333334
35329,81.0
35330,27.9
35331,5.183333333333334
35332,5.183333333333334
35333,4.85
35334,5.116666666666666
35335,6.666666666666667
35336,6.716666666666667
35337,5.233333333333333
35338,4.716666666666667
35339,4.666666666666667
35340,3.9833333333333334
35341,3.966666666666667
35342,6.3
35343,6.533333333333333
35344,5.233333333333333
35345,4.55
35346,4.533333333333333
35347,3.65
35348,3.816666666666667
35349,6.566666666666666
35350,7.016666666666667
35351,5.233333333333333
35352,4.983333333333333
35353,5.1
35354,4.116666666666666
35355,4.4
35356,7.05
35357,7.066666666666666
35358,5.383333333333334
35359,5.266666666666667
35360,5.466666666666667
35361,4.35
35362,4.616666666666666
35363,6.666666666666667
35364,6.716666666666667
35365,5.25
35366,4.916666666666667
35367,4.866666666666666
35368,4.05
35369,4.466666666666667
35370,6.783333333333333
35371,6.633333333333334
35372,5.25
35373,4.766666666666667
35374,4.716666666666667
35375,3.7666666666666666
35376,4.1
35377,6.816666666666666
35378,6.616666666666666
35379,5.3
35380,4.8
35381,4.933333333333334
35382,3.95
35383,4.233333333333333
35384,7.116666666666666
35385,6.933333333333334
35386,5.4
35387,5.05
35388,5.483333333333333
35389,4.35
35390,4.616666666666666
35391,6.7
35392,6.816666666666666
35393,5.283333333333333
35394,4.85
35395,4.883333333333334
35396,4.05
35397,4.466666666666667
35398,6.816666666666666
35399,6.733333333333333
35400,5.25
35401,4.7
35402,4.733333333333333
35403,3.7666666666666666
35404,4.1
35405,6.816666666666666
35406,6.616666666666666
35407,5.3
35408,4.816666666666666
35409,4.95
35410,3.95
35411,4.233333333333333
35412,7.116666666666666
35413,6.933333333333334
35414,5.4
35415,5.05
35416,5.483333333333333
35417,4.3
35418,4.583333333333333
35419,7.233333333333333
35420,3.9
35421,25.85
35422,27.583333333333332
35423,17.883333333333333
35424,26.516666666666666
35425,26.516666666666666
35426,23.733333333333334
35427,34.016666666666666
35428,28.933333333333334
35429,41.483333333333334
35430,42.35
35431,41.416666666666664
35432,42.46666666666667
35433,29.0
35434,32.983333333333334
35435,39.416666666666664
35436,42.166666666666664
35437,41.86666666666667
35438,40.9
35439,39.13333333333333
35440,29.316666666666666
35441,30.716666666666665
35442,34.15
35443,36.71666666666667
35444,38.06666666666667
35445,38.416666666666664
35446,36.68333333333333
35447,27.75
35448,33.333333333333336
35449,38.7
35450,41.25
35451,46.63333333333333
35452,41.85
35453,43.016666666666666
35454,33.0
35455,34.2
35456,38.71666666666667
35457,42.46666666666667
35458,37.06666666666667
35459,42.61666666666667
35460,44.75
35461,30.333333333333332
35462,37.45
35463,36.833333333333336
35464,41.93333333333333
35465,43.666666666666664
35466,44.983333333333334
35467,49.266666666666666
35468,35.516666666666666
35469,40.18333333333333
35470,42.36666666666667
35471,40.25
35472,43.96666666666667
35473,46.15
35474,47.95
35475,35.65
35476,36.93333333333333
35477,39.71666666666667
35478,43.31666666666667
35479,47.733333333333334
35480,52.45
35481,60.5
35482,37.71666666666667
35483,47.483333333333334
35484,46.63333333333333
35485,50.916666666666664
35486,56.733333333333334
35487,56.95
35488,58.46666666666667
35489,38.43333333333333
35490,46.75
35491,49.416666666666664
35492,55.833333333333336
35493,47.95
35494,56.86666666666667
35495,52.266666666666666
35496,44.733333333333334
35497,48.05
35498,47.21666666666667
35499,52.2
35500,51.766666666666666
35501,50.9
35502,58.11666666666667
35503,43.083333333333336
35504,46.6
35505,51.43333333333333
35506,53.5
35507,59.21666666666667
35508,55.333333333333336
35509,58.15
35510,38.083333333333336
35511,46.916666666666664
35512,57.733333333333334
35513,61.916666666666664
35514,70.26666666666667
35515,62.53333333333333
35516,70.51666666666667
35517,52.266666666666666
35518,54.083333333333336
35519,56.86666666666667
35520,65.76666666666667
35521,62.4
35522,55.45
35523,65.18333333333334
35524,47.266666666666666
35525,51.25
35526,56.666666666666664
35527,62.166666666666664
35528,58.61666666666667
35529,70.15
35530,65.81666666666666
35531,53.53333333333333
35532,56.15
35533,61.15
35534,68.26666666666667
35535,67.35
35536,72.46666666666667
35537,66.5
35538,53.18333333333333
35539,57.15
35540,55.78333333333333
35541,66.95
35542,67.95
35543,64.36666666666666
35544,66.18333333333334
35545,55.88333333333333
35546,54.75
35547,57.68333333333333
35548,63.38333333333333
35549,69.33333333333333
35550,64.93333333333334
35551,86.15
35552,49.71666666666667
35553,65.23333333333333
35554,64.28333333333333
35555,76.65
35556,78.06666666666666
35557,72.08333333333333
35558,72.91666666666667
35559,56.7
35560,58.31666666666667
35561,60.11666666666667
35562,63.45
35563,60.93333333333333
35564,67.2
35565,71.95
35566,47.45
35567,57.233333333333334
35568,61.21666666666667
35569,53.55
35570,67.68333333333334
35571,75.01666666666667
35572,80.83333333333333
35573,47.3
35574,63.1
35575,59.68333333333333
35576,54.916666666666664
35577,62.21666666666667
35578,72.13333333333334
35579,68.45
35580,56.05
35581,56.7
35582,58.28333333333333
35583,62.983333333333334
35584,61.9
35585,70.11666666666666
35586,67.31666666666666
35587,49.63333333333333
35588,53.46666666666667
35589,60.03333333333333
35590,65.0
35591,75.11666666666666
35592,69.11666666666666
35593,73.56666666666666
35594,57.38333333333333
35595,54.36666666666667
35596,62.31666666666667
35597,70.26666666666667
35598,70.73333333333333
35599,72.01666666666667
35600,75.28333333333333
35601,50.45
35602,56.93333333333333
35603,67.78333333333333
35604,67.8
35605,70.88333333333334
35606,79.51666666666667
35607,77.06666666666666
35608,57.88333333333333
35609,60.333333333333336
35610,65.23333333333333
35611,68.41666666666667
35612,78.26666666666667
35613,74.66666666666667
35614,71.75
35615,45.65
35616,67.41666666666667
35617,69.63333333333334
35618,74.03333333333333
35619,78.3
35620,81.96666666666667
35621,72.68333333333334
35622,61.65
35623,61.766666666666666
35624,67.2
35625,73.68333333333334
35626,68.36666666666666
35627,72.73333333333333
35628,75.25
35629,52.35
35630,59.983333333333334
35631,65.43333333333334
35632,66.16666666666667
35633,67.08333333333333
35634,80.08333333333333
35635,71.8
35636,48.416666666666664
35637,57.78333333333333
35638,60.333333333333336
35639,60.85
35640,68.75
35641,75.28333333333333
35642,68.61666666666666
35643,50.733333333333334
35644,54.916666666666664
35645,59.53333333333333
35646,55.916666666666664
35647,65.78333333333333
35648,69.1
35649,70.7
35650,49.55
35651,55.666666666666664
35652,63.25
35653,61.416666666666664
35654,62.36666666666667
35655,65.13333333333334
35656,67.6
35657,50.733333333333334
35658,60.61666666666667
35659,56.18333333333333
35660,61.31666666666667
35661,66.41666666666667
35662,68.25
35663,65.15
35664,46.916666666666664
35665,49.016666666666666
35666,54.416666666666664
35667,61.85
35668,55.583333333333336
35669,63.3
35670,63.11666666666667
35671,40.6
35672,51.38333333333333
35673,52.65
35674,51.86666666666667
35675,55.96666666666667
35676,60.0
35677,58.666666666666664
35678,45.68333333333333
35679,47.483333333333334
35680,58.38333333333333
35681,61.7
35682,54.25
35683,61.31666666666667
35684,60.25
35685,52.81666666666667
35686,51.7
35687,59.18333333333333
35688,64.81666666666666
35689,68.43333333333334
35690,66.46666666666667
35691,64.91666666666667
35692,51.55
35693,51.53333333333333
35694,54.28333333333333
35695,60.11666666666667
35696,58.36666666666667
35697,61.46666666666667
35698,59.483333333333334
35699,50.71666666666667
35700,51.36666666666667
35701,53.5
35702,63.06666666666667
35703,64.46666666666667
35704,66.0
35705,65.25
35706,48.53333333333333
35707,53.63333333333333
35708,55.86666666666667
35709,61.1
35710,55.18333333333333
35711,60.38333333333333
35712,61.03333333333333
35713,36.61666666666667
35714,51.56666666666667
35715,49.55
35716,53.68333333333333
35717,56.56666666666667
35718,60.733333333333334
35719,57.38333333333333
35720,38.93333333333333
35721,52.4
35722,54.7
35723,47.53333333333333
35724,60.733333333333334
35725,66.86666666666666
35726,59.38333333333333
35727,45.81666666666667
35728,46.86666666666667
35729,56.733333333333334
35730,63.21666666666667
35731,58.266666666666666
35732,58.21666666666667
35733,61.916666666666664
35734,46.65
35735,52.21666666666667
35736,53.9
35737,55.0
35738,65.41666666666667
35739,65.01666666666667
35740,65.88333333333334
35741,49.81666666666667
35742,49.35
35743,54.78333333333333
35744,66.23333333333333
35745,69.85
35746,68.33333333333333
35747,64.41666666666667
35748,49.5
35749,53.833333333333336
35750,53.516666666666666
35751,66.65
35752,64.31666666666666
35753,68.85
35754,62.05
35755,50.416666666666664
35756,46.88333333333333
35757,53.15
35758,57.86666666666667
35759,48.166666666666664
35760,44.71666666666667
35761,43.86666666666667
35762,31.0
35763,37.53333333333333
35764,40.7
35765,44.88333333333333
35766,51.9
35767,50.483333333333334
35768,52.483333333333334
35769,31.75
35770,39.0
35771,39.5
35772,41.9
35773,46.55
35774,43.65
35775,44.71666666666667
35776,35.05
35777,39.9
35778,40.31666666666667
35779,46.85
35780,46.583333333333336
35781,48.2
35782,45.85
35783,35.916666666666664
35784,39.06666666666667
35785,39.43333333333333
35786,43.9
35787,48.6
35788,46.28333333333333
35789,47.38333333333333
35790,32.733333333333334
35791,39.46666666666667
35792,39.45
35793,42.916666666666664
35794,43.38333333333333
35795,42.25
35796,43.416666666666664
35797,28.466666666666665
35798,46.666666666666664
35799,42.38333333333333
35800,47.516666666666666
35801,46.61666666666667
35802,50.9
35803,47.65
35804,35.266666666666666
35805,44.18333333333333
35806,43.733333333333334
35807,54.083333333333336
35808,48.65
35809,41.95
35810,48.233333333333334
35811,31.5
35812,42.766666666666666
35813,38.016666666666666
35814,43.53333333333333
35815,42.28333333333333
35816,47.4
35817,54.75
35818,32.6
35819,41.233333333333334
35820,41.71666666666667
35821,51.63333333333333
35822,56.68333333333333
35823,52.56666666666667
35824,50.916666666666664
35825,38.3
35826,42.18333333333333
35827,46.85
35828,40.7
35829,43.36666666666667
35830,56.0
35831,50.18333333333333
35832,35.68333333333333
35833,42.516666666666666
35834,42.583333333333336
35835,50.35
35836,44.61666666666667
35837,44.71666666666667
35838,49.68333333333333
35839,41.56666666666667
35840,45.083333333333336
35841,48.78333333333333
35842,37.63333333333333
35843,52.35
35844,62.75
35845,79.5
35846,48.28333333333333
35847,48.95
35848,52.6
35849,44.85
35850,56.3
35851,58.45
35852,59.13333333333333
35853,40.9
35854,47.13333333333333
35855,51.63333333333333
35856,52.833333333333336
35857,51.15
35858,58.93333333333333
35859,57.266666666666666
35860,43.46666666666667
35861,44.4
35862,47.93333333333333
35863,54.35
35864,53.65
35865,69.2
35866,64.41666666666667
35867,41.016666666666666
35868,51.416666666666664
35869,57.86666666666667
35870,50.88333333333333
35871,63.43333333333333
35872,61.28333333333333
35873,64.0
35874,40.43333333333333
35875,55.6
35876,57.766666666666666
35877,68.18333333333334
35878,68.1
35879,67.33333333333333
35880,77.93333333333334
35881,51.13333333333333
35882,62.45
35883,64.56666666666666
35884,69.76666666666667
35885,66.68333333333334
35886,68.6
35887,75.33333333333333
35888,52.9
35889,66.21666666666667
35890,63.36666666666667
35891,74.01666666666667
35892,65.66666666666667
35893,74.81666666666666
35894,68.43333333333334
35895,54.233333333333334
35896,56.81666666666667
35897,59.3
35898,56.05
35899,63.36666666666667
35900,64.43333333333334
35901,69.16666666666667
35902,45.166666666666664
35903,55.233333333333334
35904,61.56666666666667
35905,66.0
35906,72.01666666666667
35907,72.88333333333334
35908,74.95
35909,53.0
35910,61.833333333333336
35911,73.38333333333334
35912,74.63333333333334
35913,68.98333333333333
35914,73.76666666666667
35915,72.21666666666667
35916,53.31666666666667
35917,57.25
35918,62.25
35919,63.1
35920,80.23333333333333
35921,72.66666666666667
35922,78.68333333333334
35923,48.71666666666667
35924,62.5
35925,67.01666666666667
35926,73.93333333333334
35927,64.83333333333333
35928,73.68333333333334
35929,74.9
35930,50.71666666666667
35931,60.78333333333333
35932,63.35
35933,71.48333333333333
35934,64.36666666666666
35935,72.9
35936,78.9
35937,53.68333333333333
35938,74.65
35939,70.88333333333334
35940,70.2
35941,79.35
35942,72.66666666666667
35943,82.51666666666667
35944,55.166666666666664
35945,66.05
35946,67.95
35947,65.65
35948,85.61666666666666
35949,81.2
35950,80.23333333333333
35951,55.85
35952,72.18333333333334
35953,72.06666666666666
35954,79.58333333333333
35955,78.8
35956,77.23333333333333
35957,78.75
35958,56.0
35959,76.35
35960,75.08333333333333
35961,80.9
35962,88.18333333333334
35963,90.81666666666666
35964,89.18333333333334
35965,56.35
35966,74.43333333333334
35967,78.16666666666667
35968,80.98333333333333
35969,86.46666666666667
35970,90.06666666666666
35971,93.08333333333333
35972,57.81666666666667
35973,78.15
35974,77.71666666666667
35975,90.31666666666666
35976,77.93333333333334
35977,86.45
35978,88.68333333333334
35979,58.56666666666667
35980,69.91666666666667
35981,79.0
35982,88.58333333333333
35983,77.0
35984,86.73333333333333
35985,90.6
35986,62.083333333333336
35987,76.66666666666667
35988,78.38333333333334
35989,81.38333333333334
35990,92.16666666666667
35991,90.51666666666667
35992,94.45
35993,63.05
35994,71.73333333333333
35995,76.83333333333333
35996,72.11666666666666
35997,75.85
35998,84.66666666666667
35999,78.98333333333333
36000,58.3
36001,63.86666666666667
36002,66.08333333333333
36003,68.88333333333334
36004,76.78333333333333
36005,80.63333333333334
36006,74.93333333333334
36007,54.71666666666667
36008,61.516666666666666
36009,65.11666666666666
36010,65.98333333333333
36011,72.26666666666667
36012,81.21666666666667
36013,79.56666666666666
36014,58.65
36015,64.41666666666667
36016,66.16666666666667
36017,66.35
36018,67.08333333333333
36019,75.98333333333333
36020,76.91666666666667
36021,52.21666666666667
36022,64.08333333333333
36023,66.55
36024,73.13333333333334
36025,85.73333333333333
36026,80.11666666666666
36027,84.76666666666667
36028,58.88333333333333
36029,61.56666666666667
36030,74.38333333333334
36031,78.56666666666666
36032,65.76666666666667
36033,74.16666666666667
36034,75.46666666666667
36035,57.18333333333333
36036,57.4
36037,65.73333333333333
36038,68.51666666666667
36039,65.36666666666666
36040,73.13333333333334
36041,72.9
36042,49.81666666666667
36043,56.7
36044,65.73333333333333
36045,71.5
36046,73.01666666666667
36047,74.85
36048,77.88333333333334
36049,50.13333333333333
36050,63.416666666666664
36051,64.45
36052,70.4
36053,68.98333333333333
36054,71.3
36055,72.26666666666667
36056,50.93333333333333
36057,56.78333333333333
36058,64.61666666666666
36059,50.416666666666664
36060,66.28333333333333
36061,71.86666666666666
36062,73.63333333333334
36063,54.1
36064,55.38333333333333
36065,58.78333333333333
36066,54.8
36067,67.65
36068,69.03333333333333
36069,67.91666666666667
36070,46.1
36071,57.86666666666667
36072,68.11666666666666
36073,67.93333333333334
36074,68.23333333333333
36075,72.46666666666667
36076,74.4
36077,54.25
36078,56.0
36079,63.85
36080,59.75
36081,58.78333333333333
36082,68.88333333333334
36083,67.6
36084,49.71666666666667
36085,55.61666666666667
36086,57.86666666666667
36087,59.916666666666664
36088,58.916666666666664
36089,68.45
36090,68.31666666666666
36091,45.5
36092,59.7
36093,59.13333333333333
36094,62.6
36095,68.25
36096,70.33333333333333
36097,75.88333333333334
36098,46.61666666666667
36099,62.233333333333334
36100,62.166666666666664
36101,58.7
36102,71.43333333333334
36103,73.56666666666666
36104,70.68333333333334
36105,44.55
36106,60.93333333333333
36107,63.85
36108,67.65
36109,66.4
36110,69.73333333333333
36111,68.63333333333334
36112,48.31666666666667
36113,56.05
36114,59.65
36115,53.516666666666666
36116,70.11666666666666
36117,76.06666666666666
36118,71.51666666666667
36119,38.15
36120,41.7
36121,54.233333333333334
36122,54.28333333333333
36123,56.65
36124,53.233333333333334
36125,48.46666666666667
36126,41.083333333333336
36127,41.28333333333333
36128,46.016666666666666
36129,46.43333333333333
36130,52.416666666666664
36131,50.45
36132,52.333333333333336
36133,30.1
36134,43.75
36135,47.86666666666667
36136,46.8
36137,53.083333333333336
36138,53.96666666666667
36139,52.43333333333333
36140,28.616666666666667
36141,45.266666666666666
36142,43.766666666666666
36143,49.53333333333333
36144,46.81666666666667
36145,50.71666666666667
36146,47.266666666666666
36147,29.466666666666665
36148,40.61666666666667
36149,47.766666666666666
36150,55.88333333333333
36151,52.96666666666667
36152,50.7
36153,50.86666666666667
36154,41.166666666666664
36155,43.233333333333334
36156,39.55
36157,45.05
36158,46.483333333333334
36159,47.483333333333334
36160,52.8
36161,29.483333333333334
36162,44.78333333333333
36163,41.6
36164,43.53333333333333
36165,42.4
36166,47.03333333333333
36167,42.3
36168,34.833333333333336
36169,39.0
36170,38.06666666666667
36171,36.516666666666666
36172,45.31666666666667
36173,47.75
36174,50.05
36175,34.21666666666667
36176,36.666666666666664
36177,43.2
36178,43.38333333333333
36179,44.85
36180,45.083333333333336
36181,46.05
36182,30.683333333333334
36183,41.56666666666667
36184,40.666666666666664
36185,42.516666666666666
36186,52.86666666666667
36187,56.11666666666667
36188,54.416666666666664
36189,36.21666666666667
36190,44.6
36191,44.983333333333334
36192,52.65
36193,46.333333333333336
36194,59.2
36195,55.1
36196,37.86666666666667
36197,46.8
36198,50.15
36199,50.983333333333334
36200,52.4
36201,51.13333333333333
36202,51.583333333333336
36203,38.46666666666667
36204,46.81666666666667
36205,50.483333333333334
36206,55.983333333333334
36207,55.666666666666664
36208,56.3
36209,70.28333333333333
36210,35.35
36211,54.03333333333333
36212,51.733333333333334
36213,61.083333333333336
36214,62.483333333333334
36215,74.61666666666666
36216,63.766666666666666
36217,40.266666666666666
36218,52.46666666666667
36219,57.083333333333336
36220,61.5
36221,57.166666666666664
36222,63.13333333333333
36223,71.7
36224,41.95
36225,54.833333333333336
36226,55.15
36227,67.78333333333333
36228,65.1
36229,71.0
36230,64.13333333333334
36231,49.333333333333336
36232,49.55
36233,46.3
36234,48.0
36235,55.416666666666664
36236,57.15
36237,63.13333333333333
36238,40.0
36239,51.96666666666667
36240,58.65
36241,74.06666666666666
36242,71.1
36243,78.18333333333334
36244,76.26666666666667
36245,50.53333333333333
36246,59.8
36247,60.28333333333333
36248,66.01666666666667
36249,70.46666666666667
36250,75.51666666666667
36251,74.68333333333334
36252,49.25
36253,58.38333333333333
36254,64.05
36255,70.2
36256,76.41666666666667
36257,75.55
36258,74.25
36259,51.333333333333336
36260,63.85
36261,63.81666666666667
36262,73.1
36263,73.41666666666667
36264,76.63333333333334
36265,72.75
36266,51.7
36267,62.483333333333334
36268,60.31666666666667
36269,73.8
36270,69.83333333333333
36271,77.55
36272,76.7
36273,48.13333333333333
36274,65.76666666666667
36275,73.8
36276,79.85
36277,75.38333333333334
36278,79.9
36279,86.16666666666667
36280,58.766666666666666
36281,66.11666666666666
36282,72.98333333333333
36283,76.43333333333334
36284,82.86666666666666
36285,81.55
36286,77.66666666666667
36287,55.7
36288,66.83333333333333
36289,70.83333333333333
36290,80.48333333333333
36291,74.43333333333334
36292,84.63333333333334
36293,89.9
36294,56.06666666666667
36295,73.28333333333333
36296,73.11666666666666
36297,69.01666666666667
36298,82.05
36299,81.28333333333333
36300,83.95
36301,54.81666666666667
36302,70.5
36303,78.31666666666666
36304,93.6
36305,87.66666666666667
36306,83.56666666666666
36307,88.0
36308,62.9
36309,69.43333333333334
36310,73.38333333333334
36311,85.31666666666666
36312,77.71666666666667
36313,82.81666666666666
36314,84.6
36315,58.833333333333336
36316,66.93333333333334
36317,73.08333333333333
36318,76.6
36319,73.9
36320,83.0
36321,82.78333333333333
36322,54.25
36323,62.35
36324,73.45
36325,69.86666666666666
36326,73.28333333333333
36327,82.6
36328,85.43333333333334
36329,55.516666666666666
36330,67.4
36331,77.6
36332,72.58333333333333
36333,84.58333333333333
36334,97.78333333333333
36335,90.08333333333333
36336,59.63333333333333
36337,76.91666666666667
36338,79.55
36339,75.21666666666667
36340,90.7
36341,86.15
36342,96.98333333333333
36343,65.5
36344,88.41666666666667
36345,84.31666666666666
36346,92.9
36347,94.21666666666667
36348,93.65
36349,97.58333333333333
36350,65.15
36351,72.75
36352,78.33333333333333
36353,88.31666666666666
36354,91.95
36355,90.91666666666667
36356,96.23333333333333
36357,64.9
36358,74.55
36359,79.08333333333333
36360,89.16666666666667
36361,89.2
36362,99.83333333333333
36363,89.81666666666666
36364,57.71666666666667
36365,73.9
36366,81.11666666666666
36367,75.43333333333334
36368,79.06666666666666
36369,77.36666666666666
36370,83.46666666666667
36371,53.31666666666667
36372,60.55
36373,68.4
36374,75.0
36375,72.93333333333334
36376,77.95
36377,76.05
36378,51.43333333333333
36379,62.083333333333336
36380,72.0
36381,80.45
36382,66.88333333333334
36383,83.73333333333333
36384,75.45
36385,54.86666666666667
36386,64.23333333333333
36387,71.38333333333334
36388,67.15
36389,65.83333333333333
36390,85.13333333333334
36391,74.86666666666666
36392,56.03333333333333
36393,63.45
36394,65.41666666666667
36395,64.33333333333333
36396,73.28333333333333
36397,76.8
36398,80.51666666666667
36399,52.166666666666664
36400,62.81666666666667
36401,71.25
36402,77.46666666666667
36403,65.4
36404,87.98333333333333
36405,79.21666666666667
36406,56.666666666666664
36407,69.48333333333333
36408,71.25
36409,72.25
36410,68.4
36411,78.4
36412,74.28333333333333
36413,50.833333333333336
36414,63.46666666666667
36415,61.35
36416,63.0
36417,65.18333333333334
36418,70.46666666666667
36419,73.45
36420,53.2
36421,62.6
36422,67.36666666666666
36423,65.4
36424,62.983333333333334
36425,76.46666666666667
36426,80.8
36427,49.31666666666667
36428,60.0
36429,59.0
36430,56.983333333333334
36431,74.6
36432,66.88333333333334
36433,67.9
36434,53.416666666666664
36435,61.68333333333333
36436,59.8
36437,69.95
36438,62.81666666666667
36439,68.63333333333334
36440,66.91666666666667
36441,39.0
36442,51.55
36443,57.95
36444,58.0
36445,67.86666666666666
36446,67.86666666666666
36447,68.15
36448,47.483333333333334
36449,57.18333333333333
36450,58.78333333333333
36451,61.18333333333333
36452,65.93333333333334
36453,65.78333333333333
36454,68.4
36455,43.96666666666667
36456,57.1
36457,64.11666666666666
36458,67.1
36459,78.95
36460,78.65
36461,77.18333333333334
36462,53.68333333333333
36463,61.85
36464,69.86666666666666
36465,72.01666666666667
36466,64.11666666666666
36467,72.36666666666666
36468,80.51666666666667
36469,52.9
36470,65.0
36471,64.55
36472,80.41666666666667
36473,78.98333333333333
36474,75.25
36475,76.65
36476,53.5
36477,66.75
36478,73.53333333333333
36479,70.95
36480,76.93333333333334
36481,76.23333333333333
36482,74.0
36483,50.25
36484,56.166666666666664
36485,41.266666666666666
36486,62.11666666666667
36487,52.916666666666664
36488,56.15
36489,47.75
36490,34.25
36491,36.8
36492,39.75
36493,41.31666666666667
36494,48.13333333333333
36495,52.7
36496,56.93333333333333
36497,38.96666666666667
36498,48.95
36499,51.266666666666666
36500,54.4
36501,57.233333333333334
36502,57.5
36503,55.6
36504,38.03333333333333
36505,46.63333333333333
36506,48.18333333333333
36507,55.4
36508,53.483333333333334
36509,56.63333333333333
36510,52.88333333333333
36511,41.0
36512,44.3
36513,43.71666666666667
36514,43.666666666666664
36515,47.5
36516,48.666666666666664
36517,50.833333333333336
36518,30.65
36519,40.7
36520,42.083333333333336
36521,43.86666666666667
36522,50.78333333333333
36523,50.03333333333333
36524,51.9
36525,28.483333333333334
36526,45.61666666666667
36527,45.53333333333333
36528,47.733333333333334
36529,59.083333333333336
36530,54.88333333333333
36531,58.833333333333336
36532,38.86666666666667
36533,45.18333333333333
36534,50.2
36535,49.0
36536,49.8
36537,51.06666666666667
36538,48.916666666666664
36539,35.53333333333333
36540,42.88333333333333
36541,45.45
36542,46.18333333333333
36543,53.53333333333333
36544,55.38333333333333
36545,52.86666666666667
36546,35.96666666666667
36547,42.983333333333334
36548,47.63333333333333
36549,47.733333333333334
36550,54.11666666666667
36551,53.43333333333333
36552,55.46666666666667
36553,39.63333333333333
36554,52.53333333333333
36555,47.86666666666667
36556,43.8
36557,49.88333333333333
36558,62.416666666666664
36559,57.583333333333336
36560,45.233333333333334
36561,47.03333333333333
36562,48.7
36563,56.083333333333336
36564,46.35
36565,52.266666666666666
36566,55.25
36567,36.28333333333333
36568,46.21666666666667
36569,50.93333333333333
36570,51.733333333333334
36571,55.85
36572,57.38333333333333
36573,61.18333333333333
36574,39.03333333333333
36575,55.7
36576,54.38333333333333
36577,68.1
36578,63.016666666666666
36579,67.11666666666666
36580,77.56666666666666
36581,46.016666666666666
36582,64.01666666666667
36583,58.0
36584,64.1
36585,70.0
36586,66.88333333333334
36587,66.11666666666666
36588,46.81666666666667
36589,56.266666666666666
36590,55.68333333333333
36591,66.01666666666667
36592,69.43333333333334
36593,70.96666666666667
36594,74.05
36595,48.8
36596,59.2
36597,64.71666666666667
36598,68.5
36599,61.03333333333333
36600,78.8
36601,73.51666666666667
36602,51.63333333333333
36603,64.81666666666666
36604,63.78333333333333
36605,65.0
36606,64.75
36607,82.83333333333333
36608,77.93333333333334
36609,50.6
36610,67.83333333333333
36611,71.66666666666667
36612,65.36666666666666
36613,81.9
36614,79.28333333333333
36615,82.6
36616,56.63333333333333
36617,63.016666666666666
36618,69.86666666666666
36619,78.61666666666666
36620,70.48333333333333
36621,82.93333333333334
36622,75.81666666666666
36623,54.88333333333333
36624,64.15
36625,71.25
36626,78.33333333333333
36627,74.95
36628,81.63333333333334
36629,83.25
36630,58.31666666666667
36631,65.35
36632,69.38333333333334
36633,71.53333333333333
36634,80.06666666666666
36635,86.73333333333333
36636,86.25
36637,62.45
36638,70.4
36639,78.45
36640,81.66666666666667
36641,78.21666666666667
36642,88.38333333333334
36643,94.91666666666667
36644,57.18333333333333
36645,73.38333333333334
36646,78.51666666666667
36647,72.68333333333334
36648,83.01666666666667
36649,85.53333333333333
36650,84.43333333333334
36651,57.56666666666667
36652,78.2
36653,80.18333333333334
36654,81.18333333333334
36655,86.0
36656,101.68333333333334
36657,96.4
36658,64.0
36659,75.73333333333333
36660,79.01666666666667
36661,69.5
36662,80.03333333333333
36663,83.31666666666666
36664,86.16666666666667
36665,61.88333333333333
36666,71.11666666666666
36667,80.68333333333334
36668,64.61666666666666
36669,95.85
36670,86.95
36671,91.21666666666667
36672,62.38333333333333
36673,79.1
36674,88.73333333333333
36675,92.36666666666666
36676,89.35
36677,90.75
36678,93.5
36679,60.65
36680,73.75
36681,79.3
36682,67.01666666666667
36683,89.8
36684,105.48333333333333
36685,97.38333333333334
36686,63.15
36687,82.38333333333334
36688,74.5
36689,80.31666666666666
36690,88.41666666666667
36691,103.45
36692,98.48333333333333
36693,64.0
36694,79.9
36695,79.26666666666667
36696,74.3
36697,91.06666666666666
36698,93.91666666666667
36699,97.06666666666666
36700,64.35
36701,86.81666666666666
36702,85.95
36703,98.1
36704,101.96666666666667
36705,112.41666666666667
36706,104.86666666666666
36707,67.85
36708,86.56666666666666
36709,83.0
36710,101.45
36711,89.73333333333333
36712,93.81666666666666
36713,103.0
36714,71.3
36715,80.98333333333333
36716,89.15
36717,83.65
36718,90.31666666666666
36719,106.38333333333334
36720,99.71666666666667
36721,65.3
36722,77.03333333333333
36723,86.15
36724,83.53333333333333
36725,92.5
36726,99.78333333333333
36727,97.53333333333333
36728,65.05
36729,76.9
36730,83.3
36731,90.3
36732,88.33333333333333
36733,91.63333333333334
36734,90.53333333333333
36735,56.416666666666664
36736,71.78333333333333
36737,83.91666666666667
36738,78.38333333333334
36739,76.38333333333334
36740,95.88333333333334
36741,93.63333333333334
36742,55.95
36743,75.53333333333333
36744,75.25
36745,61.13333333333333
36746,86.33333333333333
36747,93.31666666666666
36748,82.95
36749,58.11666666666667
36750,69.85
36751,75.48333333333333
36752,71.98333333333333
36753,77.03333333333333
36754,97.75
36755,88.63333333333334
36756,60.75
36757,77.61666666666666
36758,75.71666666666667
36759,75.5
36760,86.71666666666667
36761,79.46666666666667
36762,80.81666666666666
36763,58.65
36764,72.83333333333333
36765,79.31666666666666
36766,79.33333333333333
36767,77.63333333333334
36768,90.48333333333333
36769,86.86666666666666
36770,56.35
36771,65.21666666666667
36772,66.91666666666667
36773,73.71666666666667
36774,82.7
36775,77.55
36776,84.58333333333333
36777,53.833333333333336
36778,69.33333333333333
36779,75.78333333333333
36780,76.0
36781,72.9
36782,87.38333333333334
36783,85.96666666666667
36784,58.833333333333336
36785,70.31666666666666
36786,72.18333333333334
36787,69.83333333333333
36788,69.46666666666667
36789,76.31666666666666
36790,81.3
36791,49.483333333333334
36792,63.81666666666667
36793,65.08333333333333
36794,65.23333333333333
36795,73.35
36796,75.91666666666667
36797,76.33333333333333
36798,55.266666666666666
36799,70.9
36800,69.98333333333333
36801,68.9
36802,69.25
36803,78.53333333333333
36804,78.21666666666667
36805,52.233333333333334
36806,65.4
36807,67.48333333333333
36808,68.75
36809,63.766666666666666
36810,80.33333333333333
36811,78.25
36812,51.233333333333334
36813,58.583333333333336
36814,67.48333333333333
36815,74.5
36816,73.36666666666666
36817,76.91666666666667
36818,75.28333333333333
36819,49.43333333333333
36820,61.61666666666667
36821,64.65
36822,71.61666666666666
36823,75.13333333333334
36824,90.5
36825,90.0
36826,53.6
36827,71.43333333333334
36828,69.4
36829,70.33333333333333
36830,82.73333333333333
36831,79.96666666666667
36832,80.91666666666667
36833,62.916666666666664
36834,72.75
36835,70.61666666666666
36836,75.0
36837,81.71666666666667
36838,85.88333333333334
36839,87.31666666666666
36840,59.083333333333336
36841,69.76666666666667
36842,70.33333333333333
36843,75.51666666666667
36844,87.15
36845,84.48333333333333
36846,93.75
36847,59.15
36848,76.4
36849,74.13333333333334
36850,83.8
36851,62.766666666666666
36852,69.93333333333334
36853,68.83333333333333
36854,50.93333333333333
36855,52.583333333333336
36856,55.733333333333334
36857,57.4
36858,59.2
36859,62.25
36860,66.93333333333334
36861,37.46666666666667
36862,53.1
36863,55.96666666666667
36864,54.88333333333333
36865,66.31666666666666
36866,61.416666666666664
36867,63.78333333333333
36868,38.11666666666667
36869,46.016666666666666
36870,51.05
36871,63.81666666666667
36872,60.75
36873,62.9
36874,66.43333333333334
36875,43.5
36876,57.95
36877,57.483333333333334
36878,64.98333333333333
36879,62.05
36880,61.71666666666667
36881,58.38333333333333
36882,39.31666666666667
36883,46.36666666666667
36884,49.13333333333333
36885,53.85
36886,56.0
36887,58.75
36888,58.1
36889,39.11666666666667
36890,49.3
36891,48.71666666666667
36892,54.03333333333333
36893,55.516666666666666
36894,57.43333333333333
36895,51.56666666666667
36896,39.0
36897,44.81666666666667
36898,49.28333333333333
36899,50.083333333333336
36900,53.733333333333334
36901,52.13333333333333
36902,51.166666666666664
36903,30.05
36904,42.13333333333333
36905,47.5
36906,55.71666666666667
36907,50.7
36908,53.0
36909,53.18333333333333
36910,38.45
36911,43.916666666666664
36912,49.31666666666667
36913,54.63333333333333
36914,64.03333333333333
36915,61.78333333333333
36916,60.95
36917,43.75
36918,52.13333333333333
36919,53.78333333333333
36920,60.21666666666667
36921,50.766666666666666
36922,54.81666666666667
36923,62.766666666666666
36924,37.96666666666667
36925,60.516666666666666
36926,53.4
36927,50.61666666666667
36928,61.86666666666667
36929,60.88333333333333
36930,64.76666666666667
36931,44.56666666666667
36932,52.56666666666667
36933,53.63333333333333
36934,52.15
36935,61.46666666666667
36936,61.11666666666667
36937,57.45
36938,41.46666666666667
36939,48.8
36940,54.53333333333333
36941,60.7
36942,62.86666666666667
36943,62.93333333333333
36944,66.55
36945,45.083333333333336
36946,57.96666666666667
36947,60.483333333333334
36948,62.38333333333333
36949,73.31666666666666
36950,73.51666666666667
36951,73.33333333333333
36952,49.71666666666667
36953,62.483333333333334
36954,60.166666666666664
36955,69.38333333333334
36956,71.26666666666667
36957,70.7
36958,75.51666666666667
36959,49.06666666666667
36960,56.71666666666667
36961,64.86666666666666
36962,73.61666666666666
36963,73.21666666666667
36964,75.95
36965,73.5
36966,49.56666666666667
36967,61.3
36968,59.516666666666666
36969,68.68333333333334
36970,69.85
36971,79.7
36972,87.43333333333334
36973,50.31666666666667
36974,65.13333333333334
36975,68.95
36976,67.25
36977,84.15
36978,79.26666666666667
36979,80.53333333333333
36980,56.05
36981,59.05
36982,76.58333333333333
36983,83.18333333333334
36984,74.5
36985,79.95
36986,78.11666666666666
36987,54.53333333333333
36988,68.38333333333334
36989,74.35
36990,75.73333333333333
36991,86.76666666666667
36992,88.3
36993,87.08333333333333
36994,61.05
36995,72.3
36996,80.05
36997,80.05
36998,78.28333333333333
36999,89.41666666666667
37000,90.66666666666667
37001,57.36666666666667
37002,77.83333333333333
37003,81.31666666666666
37004,84.76666666666667
37005,92.03333333333333
37006,106.36666666666666
37007,103.01666666666667
37008,64.48333333333333
37009,79.51666666666667
37010,83.83333333333333
37011,89.96666666666667
37012,94.26666666666667
37013,92.1
37014,96.95
37015,62.35
37016,75.11666666666666
37017,80.46666666666667
37018,90.23333333333333
37019,71.35
37020,81.9
37021,87.8
37022,61.68333333333333
37023,71.23333333333333
37024,80.71666666666667
37025,88.5
37026,90.81666666666666
37027,96.1
37028,100.9
37029,65.4
37030,75.35
37031,82.16666666666667
37032,80.21666666666667
37033,88.25
37034,94.13333333333334
37035,90.58333333333333
37036,61.016666666666666
37037,78.25
37038,81.23333333333333
37039,83.98333333333333
37040,90.01666666666667
37041,93.58333333333333
37042,92.95
37043,61.95
37044,78.48333333333333
37045,81.9
37046,83.75
37047,89.05
37048,105.88333333333334
37049,102.38333333333334
37050,68.18333333333334
37051,81.1
37052,82.46666666666667
37053,83.36666666666666
37054,95.33333333333333
37055,110.95
37056,98.78333333333333
37057,66.46666666666667
37058,84.36666666666666
37059,90.06666666666666
37060,85.85
37061,97.86666666666666
37062,97.55
37063,99.48333333333333
37064,67.0
37065,87.3
37066,96.76666666666667
37067,88.58333333333333
37068,88.26666666666667
37069,103.13333333333334
37070,105.61666666666666
37071,69.83333333333333
37072,91.35
37073,87.15
37074,87.35
37075,92.96666666666667
37076,96.61666666666666
37077,104.58333333333333
37078,65.23333333333333
37079,93.11666666666666
37080,90.76666666666667
37081,90.01666666666667
37082,104.35
37083,99.4
37084,105.78333333333333
37085,69.75
37086,85.68333333333334
37087,89.2
37088,107.88333333333334
37089,102.91666666666667
37090,102.51666666666667
37091,107.9
37092,80.73333333333333
37093,78.65
37094,93.05
37095,92.8
37096,83.91666666666667
37097,95.56666666666666
37098,98.08333333333333
37099,64.25
37100,75.53333333333333
37101,81.78333333333333
37102,77.01666666666667
37103,80.3
37104,87.06666666666666
37105,91.06666666666666
37106,56.8
37107,67.2
37108,77.88333333333334
37109,67.96666666666667
37110,84.51666666666667
37111,92.41666666666667
37112,89.8
37113,62.35
37114,71.93333333333334
37115,82.95
37116,87.66666666666667
37117,85.3
37118,90.76666666666667
37119,92.83333333333333
37120,63.38333333333333
37121,79.86666666666666
37122,77.3
37123,72.53333333333333
37124,83.96666666666667
37125,77.53333333333333
37126,87.43333333333334
37127,60.11666666666667
37128,70.43333333333334
37129,74.98333333333333
37130,82.53333333333333
37131,79.81666666666666
37132,93.53333333333333
37133,95.26666666666667
37134,61.28333333333333
37135,75.86666666666666
37136,74.28333333333333
37137,75.63333333333334
37138,87.3
37139,95.33333333333333
37140,92.53333333333333
37141,61.8
37142,68.38333333333334
37143,72.66666666666667
37144,68.66666666666667
37145,74.96666666666667
37146,74.9
37147,79.05
37148,55.233333333333334
37149,65.45
37150,78.66666666666667
37151,82.0
37152,76.1
37153,83.61666666666666
37154,77.35
37155,60.0
37156,61.68333333333333
37157,62.916666666666664
37158,69.5
37159,72.55
37160,71.63333333333334
37161,80.38333333333334
37162,55.45
37163,69.33333333333333
37164,69.26666666666667
37165,68.46666666666667
37166,84.25
37167,77.98333333333333
37168,74.0
37169,52.11666666666667
37170,66.76666666666667
37171,64.41666666666667
37172,73.83333333333333
37173,75.88333333333334
37174,83.95
37175,83.86666666666666
37176,54.4
37177,69.78333333333333
37178,65.98333333333333
37179,64.18333333333334
37180,79.78333333333333
37181,77.06666666666666
37182,80.13333333333334
37183,54.18333333333333
37184,62.36666666666667
37185,71.9
37186,83.75
37187,76.03333333333333
37188,80.91666666666667
37189,98.43333333333334
37190,57.53333333333333
37191,73.61666666666666
37192,71.38333333333334
37193,72.7
37194,70.23333333333333
37195,79.36666666666666
37196,83.28333333333333
37197,54.06666666666667
37198,65.98333333333333
37199,69.7
37200,80.76666666666667
37201,81.43333333333334
37202,80.75
37203,83.55
37204,49.5
37205,68.5
37206,75.9
37207,81.03333333333333
37208,83.05
37209,86.58333333333333
37210,88.66666666666667
37211,57.766666666666666
37212,79.9
37213,76.13333333333334
37214,70.4
37215,78.76666666666667
37216,62.36666666666667
37217,69.23333333333333
37218,48.85
37219,51.65
37220,53.85
37221,62.6
37222,65.95
37223,71.45
37224,63.333333333333336
37225,43.61666666666667
37226,52.833333333333336
37227,57.13333333333333
37228,59.016666666666666
37229,63.583333333333336
37230,58.43333333333333
37231,54.78333333333333
37232,41.21666666666667
37233,46.53333333333333
37234,47.766666666666666
37235,51.8
37236,55.916666666666664
37237,57.38333333333333
37238,59.78333333333333
37239,41.21666666666667
37240,52.0
37241,59.35
37242,50.0
37243,52.666666666666664
37244,64.16666666666667
37245,62.81666666666667
37246,27.733333333333334
37247,5.183333333333334
37248,5.183333333333334
37249,4.85
37250,5.116666666666666
37251,6.666666666666667
37252,6.716666666666667
37253,5.233333333333333
37254,4.716666666666667
37255,4.666666666666667
37256,3.9833333333333334
37257,3.966666666666667
37258,6.3
37259,6.533333333333333
37260,5.233333333333333
37261,4.55
37262,4.533333333333333
37263,3.65
37264,3.816666666666667
37265,6.566666666666666
37266,7.016666666666667
37267,5.233333333333333
37268,4.983333333333333
37269,5.1
37270,4.116666666666666
37271,4.4
37272,7.05
37273,7.066666666666666
37274,5.383333333333334
37275,5.266666666666667
37276,5.466666666666667
37277,4.35
37278,4.616666666666666
37279,6.666666666666667
37280,6.716666666666667
37281,5.25
37282,4.916666666666667
37283,4.866666666666666
37284,4.05
37285,4.466666666666667
37286,6.783333333333333
37287,6.633333333333334
37288,5.25
37289,4.766666666666667
37290,4.716666666666667
37291,3.7666666666666666
37292,4.1
37293,6.816666666666666
37294,6.616666666666666
37295,5.3
37296,4.8
37297,4.933333333333334
37298,3.95
37299,4.233333333333333
37300,7.116666666666666
37301,6.933333333333334
37302,5.4
37303,5.05
37304,5.483333333333333
37305,4.35
37306,4.616666666666666
37307,6.7
37308,6.816666666666666
37309,5.283333333333333
37310,4.85
37311,4.883333333333334
37312,4.05
37313,4.466666666666667
37314,6.816666666666666
37315,6.733333333333333
37316,5.25
37317,4.7
37318,4.733333333333333
37319,3.7666666666666666
37320,4.1
37321,6.816666666666666
37322,6.616666666666666
37323,5.3
37324,4.816666666666666
37325,4.95
37326,3.95
37327,4.233333333333333
37328,7.116666666666666
37329,6.933333333333334
37330,5.4
37331,5.05
37332,5.483333333333333
37333,4.3
37334,4.583333333333333
37335,7.233333333333333
37336,3.9
37337,9.333333333333334
37338,9.2
37339,11.316666666666666
37340,9.133333333333333
37341,11.05
37342,14.416666666666666
37343,12.266666666666667
37344,11.916666666666666
37345,12.983333333333333
37346,17.466666666666665
37347,14.166666666666666
37348,12.716666666666667
37349,12.566666666666666
37350,13.916666666666666
37351,13.016666666666667
37352,17.233333333333334
37353,12.633333333333333
37354,14.45
37355,18.666666666666668
37356,17.016666666666666
37357,15.016666666666667
37358,13.55
37359,15.883333333333333
37360,14.0
37361,15.383333333333333
37362,11.616666666666667
37363,10.866666666666667
37364,10.416666666666666
37365,12.25
37366,12.2
37367,16.016666666666666
37368,14.066666666666666
37369,17.283333333333335
37370,13.75
37371,13.483333333333333
37372,14.816666666666666
37373,15.933333333333334
37374,17.083333333333332
37375,14.933333333333334
37376,13.4
37377,12.75
37378,15.35
37379,14.966666666666667
37380,15.5
37381,15.45
37382,14.933333333333334
37383,15.783333333333333
37384,13.583333333333334
37385,13.566666666666666
37386,13.283333333333333
37387,18.233333333333334
37388,15.616666666666667
37389,16.683333333333334
37390,17.916666666666668
37391,16.45
37392,15.0
37393,13.7
37394,17.433333333333334
37395,15.15
37396,15.466666666666667
37397,17.733333333333334
37398,20.083333333333332
37399,16.7
37400,20.3
37401,22.966666666666665
37402,21.583333333333332
37403,22.383333333333333
37404,23.566666666666666
37405,22.383333333333333
37406,15.766666666666667
37407,16.233333333333334
37408,19.4
37409,22.066666666666666
37410,22.1
37411,16.883333333333333
37412,15.7
37413,15.516666666666667
37414,21.416666666666668
37415,21.666666666666668
37416,22.483333333333334
37417,21.55
37418,22.616666666666667
37419,19.866666666666667
37420,17.05
37421,19.633333333333333
37422,21.0
37423,20.0
37424,19.1
37425,22.333333333333332
37426,19.05
37427,19.333333333333332
37428,19.166666666666668
37429,23.783333333333335
37430,19.833333333333332
37431,23.416666666666668
37432,23.783333333333335
37433,20.75
37434,20.216666666666665
37435,19.133333333333333
37436,23.116666666666667
37437,24.366666666666667
37438,25.433333333333334
37439,24.283333333333335
37440,21.1
37441,17.35
37442,22.3
37443,21.95
37444,20.116666666666667
37445,23.433333333333334
37446,25.416666666666668
37447,18.0
37448,18.183333333333334
37449,19.766666666666666
37450,20.716666666666665
37451,23.083333333333332
37452,23.333333333333332
37453,23.033333333333335
37454,18.166666666666668
37455,18.45
37456,18.8
37457,21.083333333333332
37458,22.833333333333332
37459,21.75
37460,20.933333333333334
37461,18.166666666666668
37462,18.35
37463,23.066666666666666
37464,24.2
37465,28.283333333333335
37466,26.766666666666666
37467,27.2
37468,18.6
37469,19.266666666666666
37470,20.416666666666668
37471,24.25
37472,21.083333333333332
37473,20.883333333333333
37474,21.583333333333332
37475,18.783333333333335
37476,20.8
37477,22.283333333333335
37478,24.3
37479,19.75
37480,25.966666666666665
37481,25.066666666666666
37482,20.516666666666666
37483,19.033333333333335
37484,19.266666666666666
37485,21.433333333333334
37486,25.183333333333334
37487,22.983333333333334
37488,24.916666666666668
37489,19.0
37490,21.183333333333334
37491,20.0
37492,23.7
37493,22.833333333333332
37494,24.633333333333333
37495,26.6
37496,15.833333333333334
37497,21.333333333333332
37498,22.266666666666666
37499,24.516666666666666
37500,26.666666666666668
37501,29.35
37502,26.4
37503,17.233333333333334
37504,22.883333333333333
37505,23.666666666666668
37506,29.4
37507,25.3
37508,28.383333333333333
37509,25.833333333333332
37510,19.033333333333335
37511,20.416666666666668
37512,20.383333333333333
37513,28.283333333333335
37514,27.45
37515,32.55
37516,31.383333333333333
37517,24.366666666666667
37518,24.5
37519,26.75
37520,26.333333333333332
37521,21.016666666666666
37522,29.1
37523,29.316666666666666
37524,18.266666666666666
37525,20.75
37526,24.666666666666668
37527,30.233333333333334
37528,31.866666666666667
37529,27.816666666666666
37530,28.383333333333333
37531,22.95
37532,22.05
37533,23.366666666666667
37534,25.566666666666666
37535,22.466666666666665
37536,24.533333333333335
37537,24.95
37538,18.066666666666666
37539,21.5
37540,23.816666666666666
37541,21.933333333333334
37542,25.433333333333334
37543,28.9
37544,28.233333333333334
37545,26.816666666666666
37546,23.45
37547,23.766666666666666
37548,30.166666666666668
37549,26.3
37550,26.266666666666666
37551,24.35
37552,19.166666666666668
37553,21.966666666666665
37554,24.233333333333334
37555,23.033333333333335
37556,25.333333333333332
37557,26.916666666666668
37558,23.766666666666666
37559,19.266666666666666
37560,21.1
37561,16.633333333333333
37562,17.866666666666667
37563,22.783333333333335
37564,25.366666666666667
37565,23.133333333333333
37566,18.316666666666666
37567,20.983333333333334
37568,22.833333333333332
37569,24.983333333333334
37570,23.516666666666666
37571,24.033333333333335
37572,26.933333333333334
37573,18.233333333333334
37574,22.083333333333332
37575,25.016666666666666
37576,25.216666666666665
37577,25.85
37578,26.016666666666666
37579,24.633333333333333
37580,21.7
37581,18.033333333333335
37582,20.516666666666666
37583,21.566666666666666
37584,24.05
37585,23.266666666666666
37586,23.566666666666666
37587,18.666666666666668
37588,19.65
37589,21.85
37590,23.733333333333334
37591,23.533333333333335
37592,23.816666666666666
37593,23.133333333333333
37594,20.416666666666668
37595,20.216666666666665
37596,20.5
37597,22.483333333333334
37598,23.033333333333335
37599,25.683333333333334
37600,25.883333333333333
37601,20.25
37602,17.666666666666668
37603,19.933333333333334
37604,23.316666666666666
37605,21.833333333333332
37606,22.383333333333333
37607,22.133333333333333
37608,19.233333333333334
37609,18.85
37610,18.033333333333335
37611,19.55
37612,18.883333333333333
37613,21.866666666666667
37614,22.033333333333335
37615,15.383333333333333
37616,16.466666666666665
37617,17.833333333333332
37618,20.133333333333333
37619,20.25
37620,20.35
37621,23.95
37622,15.266666666666667
37623,15.6
37624,20.7
37625,21.45
37626,22.35
37627,24.85
37628,22.466666666666665
37629,18.833333333333332
37630,23.666666666666668
37631,21.216666666666665
37632,23.266666666666666
37633,23.216666666666665
37634,24.466666666666665
37635,24.35
37636,18.466666666666665
37637,16.316666666666666
37638,18.183333333333334
37639,19.033333333333335
37640,20.1
37641,19.166666666666668
37642,22.85
37643,17.483333333333334
37644,23.1
37645,21.233333333333334
37646,24.433333333333334
37647,23.483333333333334
37648,24.466666666666665
37649,24.583333333333332
37650,19.966666666666665
37651,20.183333333333334
37652,21.2
37653,23.316666666666666
37654,23.6
37655,23.266666666666666
37656,24.083333333333332
37657,19.7
37658,21.933333333333334
37659,24.7
37660,22.25
37661,21.033333333333335
37662,24.65
37663,24.7
37664,23.3
37665,22.55
37666,22.0
37667,23.0
37668,25.116666666666667
37669,22.933333333333334
37670,22.283333333333335
37671,16.933333333333334
37672,16.466666666666665
37673,14.533333333333333
37674,17.35
37675,15.316666666666666
37676,18.033333333333335
37677,16.266666666666666
37678,13.85
37679,14.583333333333334
37680,15.383333333333333
37681,16.7
37682,16.366666666666667
37683,14.666666666666666
37684,15.833333333333334
37685,14.05
37686,14.133333333333333
37687,14.766666666666667
37688,18.866666666666667
37689,16.516666666666666
37690,15.9
37691,15.266666666666667
37692,13.366666666666667
37693,16.95
37694,14.3
37695,14.933333333333334
37696,16.516666666666666
37697,16.2
37698,15.683333333333334
37699,14.5
37700,16.166666666666668
37701,13.15
37702,17.133333333333333
37703,19.566666666666666
37704,20.166666666666668
37705,17.933333333333334
37706,16.833333333333332
37707,13.983333333333333
37708,18.233333333333334
37709,17.933333333333334
37710,18.083333333333332
37711,17.45
37712,18.233333333333334
37713,17.1
37714,15.683333333333334
37715,16.9
37716,16.316666666666666
37717,18.016666666666666
37718,17.116666666666667
37719,16.083333333333332
37720,11.5
37721,12.133333333333333
37722,12.133333333333333
37723,16.133333333333333
37724,14.4
37725,15.116666666666667
37726,15.35
37727,15.083333333333334
37728,14.566666666666666
37729,12.9
37730,13.483333333333333
37731,14.733333333333333
37732,15.25
37733,16.233333333333334
37734,11.833333333333334
37735,14.233333333333333
37736,15.0
37737,22.916666666666668
37738,19.1
37739,19.416666666666668
37740,20.316666666666666
37741,13.333333333333334
37742,16.2
37743,16.566666666666666
37744,20.316666666666666
37745,18.483333333333334
37746,19.416666666666668
37747,20.133333333333333
37748,14.7
37749,14.966666666666667
37750,16.133333333333333
37751,19.116666666666667
37752,19.433333333333334
37753,18.1
37754,16.85
37755,15.4
37756,15.25
37757,13.766666666666667
37758,17.416666666666668
37759,15.466666666666667
37760,18.75
37761,20.983333333333334
37762,15.016666666666667
37763,21.833333333333332
37764,18.8
37765,21.783333333333335
37766,24.616666666666667
37767,24.733333333333334
37768,23.433333333333334
37769,18.566666666666666
37770,18.316666666666666
37771,19.266666666666666
37772,21.45
37773,21.65
37774,20.066666666666666
37775,19.783333333333335
37776,13.55
37777,18.833333333333332
37778,20.216666666666665
37779,19.916666666666668
37780,22.116666666666667
37781,22.833333333333332
37782,20.3
37783,16.366666666666667
37784,18.483333333333334
37785,16.65
37786,19.633333333333333
37787,22.7
37788,24.983333333333334
37789,23.516666666666666
37790,18.216666666666665
37791,21.533333333333335
37792,20.583333333333332
37793,20.183333333333334
37794,23.583333333333332
37795,26.55
37796,27.733333333333334
37797,16.8
37798,24.616666666666667
37799,21.533333333333335
37800,24.916666666666668
37801,24.366666666666667
37802,26.283333333333335
37803,26.633333333333333
37804,18.35
37805,24.85
37806,22.9
37807,25.033333333333335
37808,23.583333333333332
37809,23.183333333333334
37810,21.5
37811,15.65
37812,19.983333333333334
37813,22.5
37814,24.45
37815,27.933333333333334
37816,29.4
37817,29.766666666666666
37818,17.35
37819,24.833333333333332
37820,22.416666666666668
37821,26.633333333333333
37822,26.916666666666668
37823,26.433333333333334
37824,27.983333333333334
37825,17.666666666666668
37826,23.883333333333333
37827,29.833333333333332
37828,27.466666666666665
37829,30.466666666666665
37830,28.483333333333334
37831,29.133333333333333
37832,19.966666666666665
37833,23.4
37834,27.133333333333333
37835,27.533333333333335
37836,32.8
37837,34.21666666666667
37838,28.866666666666667
37839,22.316666666666666
37840,26.9
37841,28.866666666666667
37842,32.63333333333333
37843,28.9
37844,28.383333333333333
37845,34.733333333333334
37846,20.6
37847,25.15
37848,25.3
37849,28.9
37850,28.416666666666668
37851,29.6
37852,27.366666666666667
37853,21.083333333333332
37854,26.083333333333332
37855,22.8
37856,29.25
37857,30.75
37858,36.13333333333333
37859,31.866666666666667
37860,22.75
37861,27.4
37862,28.133333333333333
37863,25.483333333333334
37864,26.75
37865,29.7
37866,36.083333333333336
37867,22.166666666666668
37868,25.366666666666667
37869,26.15
37870,32.166666666666664
37871,29.733333333333334
37872,31.033333333333335
37873,29.866666666666667
37874,23.2
37875,25.2
37876,28.566666666666666
37877,28.183333333333334
37878,34.38333333333333
37879,34.11666666666667
37880,30.65
37881,23.816666666666666
37882,25.883333333333333
37883,29.316666666666666
37884,33.71666666666667
37885,37.68333333333333
37886,31.8
37887,33.88333333333333
37888,20.533333333333335
37889,28.516666666666666
37890,28.966666666666665
37891,30.983333333333334
37892,27.95
37893,32.43333333333333
37894,31.516666666666666
37895,21.05
37896,25.383333333333333
37897,21.866666666666667
37898,17.033333333333335
37899,32.2
37900,30.6
37901,30.133333333333333
37902,19.95
37903,27.7
37904,30.216666666666665
37905,42.71666666666667
37906,33.71666666666667
37907,36.983333333333334
37908,38.05
37909,24.066666666666666
37910,28.883333333333333
37911,25.45
37912,32.166666666666664
37913,30.5
37914,30.15
37915,31.183333333333334
37916,22.55
37917,25.933333333333334
37918,25.166666666666668
37919,27.216666666666665
37920,23.866666666666667
37921,30.55
37922,32.85
37923,20.633333333333333
37924,30.2
37925,27.083333333333332
37926,25.7
37927,29.1
37928,29.5
37929,28.333333333333332
37930,19.216666666666665
37931,26.733333333333334
37932,27.516666666666666
37933,29.233333333333334
37934,27.4
37935,30.2
37936,31.9
37937,22.0
37938,24.433333333333334
37939,28.016666666666666
37940,23.533333333333335
37941,24.916666666666668
37942,26.666666666666668
37943,25.7
37944,21.933333333333334
37945,23.883333333333333
37946,23.3
37947,25.5
37948,24.65
37949,28.766666666666666
37950,28.966666666666665
37951,21.133333333333333
37952,24.3
37953,25.083333333333332
37954,27.083333333333332
37955,33.53333333333333
37956,23.016666666666666
37957,27.916666666666668
37958,19.433333333333334
37959,25.916666666666668
37960,28.133333333333333
37961,28.233333333333334
37962,28.7
37963,36.016666666666666
37964,29.95
37965,22.45
37966,27.216666666666665
37967,27.7
37968,23.4
37969,28.616666666666667
37970,31.233333333333334
37971,28.966666666666665
37972,19.033333333333335
37973,25.8
37974,25.55
37975,26.65
37976,27.9
37977,25.183333333333334
37978,27.916666666666668
37979,18.833333333333332
37980,23.333333333333332
37981,24.516666666666666
37982,23.566666666666666
37983,28.916666666666668
37984,25.683333333333334
37985,28.666666666666668
37986,17.95
37987,21.933333333333334
37988,23.6
37989,24.65
37990,25.366666666666667
37991,30.983333333333334
37992,24.0
37993,17.733333333333334
37994,20.266666666666666
37995,23.433333333333334
37996,22.8
37997,24.933333333333334
37998,26.1
37999,22.6
38000,17.0
38001,22.866666666666667
38002,24.116666666666667
38003,26.0
38004,25.85
38005,26.466666666666665
38006,29.933333333333334
38007,16.816666666666666
38008,19.016666666666666
38009,20.383333333333333
38010,25.766666666666666
38011,27.816666666666666
38012,25.633333333333333
38013,24.066666666666666
38014,19.8
38015,23.533333333333335
38016,24.85
38017,23.816666666666666
38018,25.616666666666667
38019,28.533333333333335
38020,29.166666666666668
38021,20.65
38022,21.566666666666666
38023,21.766666666666666
38024,23.7
38025,26.216666666666665
38026,25.833333333333332
38027,30.383333333333333
38028,21.15
38029,24.5
38030,23.866666666666667
38031,26.95
38032,31.8
38033,27.05
38034,27.883333333333333
38035,19.516666666666666
38036,17.55
38037,20.616666666666667
38038,22.466666666666665
38039,22.966666666666665
38040,21.916666666666668
38041,22.016666666666666
38042,17.866666666666667
38043,22.233333333333334
38044,17.516666666666666
38045,21.5
38046,20.416666666666668
38047,19.45
38048,22.266666666666666
38049,16.666666666666668
38050,15.7
38051,18.483333333333334
38052,14.5
38053,17.7
38054,18.9
38055,18.766666666666666
38056,15.316666666666666
38057,17.95
38058,18.733333333333334
38059,18.066666666666666
38060,19.85
38061,20.233333333333334
38062,18.1
38063,12.866666666666667
38064,13.133333333333333
38065,19.216666666666665
38066,15.75
38067,18.166666666666668
38068,18.45
38069,19.016666666666666
38070,16.883333333333333
38071,16.433333333333334
38072,16.75
38073,16.933333333333334
38074,18.15
38075,20.95
38076,19.933333333333334
38077,16.333333333333332
38078,16.716666666666665
38079,20.65
38080,22.683333333333334
38081,22.166666666666668
38082,20.883333333333333
38083,21.833333333333332
38084,18.75
38085,17.033333333333335
38086,18.1
38087,17.983333333333334
38088,16.2
38089,19.483333333333334
38090,18.816666666666666
38091,14.983333333333333
38092,15.066666666666666
38093,16.116666666666667
38094,14.583333333333334
38095,16.616666666666667
38096,16.95
38097,20.383333333333333
38098,14.416666666666666
38099,13.666666666666666
38100,15.916666666666666
38101,17.383333333333333
38102,19.916666666666668
38103,18.383333333333333
38104,22.016666666666666
38105,15.133333333333333
38106,15.25
38107,16.983333333333334
38108,23.6
38109,23.0
38110,21.916666666666668
38111,20.85
38112,15.8
38113,19.116666666666667
38114,18.966666666666665
38115,20.15
38116,20.433333333333334
38117,19.266666666666666
38118,18.1
38119,16.233333333333334
38120,16.116666666666667
38121,16.416666666666668
38122,15.983333333333333
38123,16.216666666666665
38124,17.866666666666667
38125,20.516666666666666
38126,14.383333333333333
38127,17.15
38128,16.783333333333335
38129,17.7
38130,18.833333333333332
38131,21.4
38132,26.083333333333332
38133,14.266666666666667
38134,17.75
38135,17.916666666666668
38136,19.6
38137,23.183333333333334
38138,23.566666666666666
38139,23.583333333333332
38140,13.833333333333334
38141,18.016666666666666
38142,17.583333333333332
38143,20.166666666666668
38144,24.9
38145,24.366666666666667
38146,25.3
38147,16.95
38148,22.183333333333334
38149,21.866666666666667
38150,20.1
38151,25.766666666666666
38152,23.783333333333335
38153,24.233333333333334
38154,15.683333333333334
38155,19.816666666666666
38156,23.516666666666666
38157,26.816666666666666
38158,24.716666666666665
38159,27.866666666666667
38160,28.816666666666666
38161,18.85
38162,26.583333333333332
38163,23.383333333333333
38164,23.05
38165,26.433333333333334
38166,30.716666666666665
38167,29.333333333333332
38168,17.85
38169,20.9
38170,25.7
38171,29.983333333333334
38172,25.166666666666668
38173,22.916666666666668
38174,27.966666666666665
38175,20.966666666666665
38176,23.966666666666665
38177,23.466666666666665
38178,26.833333333333332
38179,29.15
38180,28.833333333333332
38181,31.733333333333334
38182,19.516666666666666
38183,25.066666666666666
38184,25.716666666666665
38185,28.1
38186,27.85
38187,32.55
38188,27.716666666666665
38189,21.516666666666666
38190,27.866666666666667
38191,25.666666666666668
38192,32.28333333333333
38193,29.966666666666665
38194,28.583333333333332
38195,32.9
38196,22.583333333333332
38197,22.583333333333332
38198,21.633333333333333
38199,25.866666666666667
38200,25.433333333333334
38201,28.616666666666667
38202,28.0
38203,19.0
38204,23.566666666666666
38205,27.216666666666665
38206,29.9
38207,34.63333333333333
38208,35.7
38209,32.46666666666667
38210,22.466666666666665
38211,27.6
38212,27.833333333333332
38213,28.95
38214,29.85
38215,28.083333333333332
38216,32.31666666666667
38217,20.216666666666665
38218,25.3
38219,29.016666666666666
38220,32.36666666666667
38221,34.666666666666664
38222,28.933333333333334
38223,30.216666666666665
38224,21.75
38225,27.05
38226,28.45
38227,33.15
38228,33.833333333333336
38229,32.46666666666667
38230,38.11666666666667
38231,25.6
38232,25.033333333333335
38233,31.316666666666666
38234,28.8
38235,28.966666666666665
38236,28.983333333333334
38237,29.283333333333335
38238,20.666666666666668
38239,23.716666666666665
38240,23.25
38241,26.75
38242,30.25
38243,31.266666666666666
38244,35.2
38245,22.45
38246,25.233333333333334
38247,34.15
38248,32.266666666666666
38249,28.183333333333334
38250,34.78333333333333
38251,38.083333333333336
38252,19.7
38253,28.85
38254,30.383333333333333
38255,32.18333333333333
38256,31.483333333333334
38257,30.0
38258,31.566666666666666
38259,23.3
38260,29.333333333333332
38261,28.4
38262,32.5
38263,36.06666666666667
38264,32.13333333333333
38265,32.06666666666667
38266,23.666666666666668
38267,28.4
38268,29.683333333333334
38269,33.56666666666667
38270,35.68333333333333
38271,36.416666666666664
38272,34.583333333333336
38273,24.783333333333335
38274,28.933333333333334
38275,29.65
38276,33.81666666666667
38277,35.85
38278,35.983333333333334
38279,33.06666666666667
38280,26.333333333333332
38281,28.283333333333335
38282,25.316666666666666
38283,31.5
38284,26.9
38285,31.066666666666666
38286,35.333333333333336
38287,21.483333333333334
38288,22.8
38289,26.1
38290,30.9
38291,31.866666666666667
38292,29.816666666666666
38293,31.833333333333332
38294,21.883333333333333
38295,26.1
38296,27.916666666666668
38297,28.883333333333333
38298,28.783333333333335
38299,31.6
38300,32.36666666666667
38301,20.383333333333333
38302,29.033333333333335
38303,27.1
38304,20.55
38305,28.483333333333334
38306,28.766666666666666
38307,27.75
38308,16.083333333333332
38309,22.183333333333334
38310,23.733333333333334
38311,21.466666666666665
38312,27.233333333333334
38313,28.083333333333332
38314,30.116666666666667
38315,19.616666666666667
38316,25.25
38317,27.066666666666666
38318,29.966666666666665
38319,30.766666666666666
38320,25.566666666666666
38321,27.766666666666666
38322,22.0
38323,23.25
38324,25.75
38325,26.616666666666667
38326,21.55
38327,30.033333333333335
38328,32.86666666666667
38329,20.183333333333334
38330,21.166666666666668
38331,23.85
38332,31.4
38333,27.183333333333334
38334,27.15
38335,26.433333333333334
38336,19.516666666666666
38337,25.8
38338,28.233333333333334
38339,20.266666666666666
38340,30.866666666666667
38341,31.683333333333334
38342,33.083333333333336
38343,19.6
38344,23.166666666666668
38345,25.05
38346,28.766666666666666
38347,25.05
38348,28.183333333333334
38349,27.4
38350,19.633333333333333
38351,22.516666666666666
38352,22.6
38353,26.566666666666666
38354,25.316666666666666
38355,27.083333333333332
38356,27.816666666666666
38357,20.616666666666667
38358,24.083333333333332
38359,24.933333333333334
38360,28.466666666666665
38361,25.5
38362,25.766666666666666
38363,28.3
38364,19.5
38365,22.083333333333332
38366,22.55
38367,21.5
38368,25.416666666666668
38369,26.016666666666666
38370,29.15
38371,17.566666666666666
38372,23.55
38373,23.766666666666666
38374,23.95
38375,24.533333333333335
38376,29.183333333333334
38377,25.916666666666668
38378,19.416666666666668
38379,25.333333333333332
38380,22.466666666666665
38381,18.75
38382,25.683333333333334
38383,28.65
38384,28.966666666666665
38385,17.366666666666667
38386,22.45
38387,20.3
38388,26.116666666666667
38389,39.016666666666666
38390,26.516666666666666
38391,28.066666666666666
38392,20.066666666666666
38393,21.85
38394,22.116666666666667
38395,24.216666666666665
38396,25.6
38397,23.833333333333332
38398,27.95
38399,20.1
38400,23.133333333333333
38401,19.933333333333334
38402,21.266666666666666
38403,17.3
38404,21.916666666666668
38405,20.8
38406,16.416666666666668
38407,17.35
38408,18.816666666666666
38409,19.833333333333332
38410,21.916666666666668
38411,22.966666666666665
38412,23.133333333333333
38413,18.216666666666665
38414,19.9
38415,21.683333333333334
38416,22.116666666666667
38417,20.583333333333332
38418,21.883333333333333
38419,19.883333333333333
38420,15.266666666666667
38421,15.383333333333333
38422,16.366666666666667
38423,18.433333333333334
38424,20.533333333333335
38425,19.566666666666666
38426,20.416666666666668
38427,14.866666666666667
38428,19.1
38429,20.666666666666668
38430,19.15
38431,21.666666666666668
38432,25.25
38433,19.9
38434,18.066666666666666
38435,17.933333333333334
38436,17.183333333333334
38437,16.466666666666665
38438,18.733333333333334
38439,19.6
38440,22.333333333333332
38441,18.333333333333332
38442,18.166666666666668
38443,19.516666666666666
38444,20.566666666666666
38445,18.583333333333332
38446,18.283333333333335
38447,18.833333333333332
38448,14.4
38449,15.283333333333333
38450,16.383333333333333
38451,16.166666666666668
38452,17.616666666666667
38453,20.333333333333332
38454,20.733333333333334
38455,14.166666666666666
38456,17.016666666666666
38457,17.416666666666668
38458,19.566666666666666
38459,19.6
38460,22.083333333333332
38461,18.65
38462,17.333333333333332
38463,19.583333333333332
38464,19.483333333333334
38465,18.983333333333334
38466,19.6
38467,21.866666666666667
38468,22.183333333333334
38469,14.2
38470,15.433333333333334
38471,18.416666666666668
38472,20.333333333333332
38473,20.266666666666666
38474,18.516666666666666
38475,20.416666666666668
38476,15.183333333333334
38477,16.45
38478,17.5
38479,22.766666666666666
38480,26.433333333333334
38481,24.3
38482,24.566666666666666
38483,19.616666666666667
38484,21.733333333333334
38485,20.633333333333333
38486,23.366666666666667
38487,22.533333333333335
38488,24.15
38489,23.516666666666666
38490,20.183333333333334
38491,23.25
38492,21.533333333333335
38493,24.5
38494,22.583333333333332
38495,25.166666666666668
38496,35.71666666666667
38497,18.866666666666667
38498,23.683333333333334
38499,24.8
38500,30.866666666666667
38501,30.566666666666666
38502,26.433333333333334
38503,24.366666666666667
38504,21.95
38505,22.516666666666666
38506,23.05
38507,23.15
38508,24.283333333333335
38509,24.933333333333334
38510,28.016666666666666
38511,16.45
38512,21.583333333333332
38513,22.466666666666665
38514,23.05
38515,25.85
38516,28.333333333333332
38517,29.816666666666666
38518,20.516666666666666
38519,22.25
38520,24.533333333333335
38521,20.1
38522,26.016666666666666
38523,28.0
38524,29.25
38525,20.2
38526,36.15
38527,27.65
38528,26.083333333333332
38529,31.066666666666666
38530,31.833333333333332
38531,32.016666666666666
38532,20.566666666666666
38533,25.9
38534,29.333333333333332
38535,33.0
38536,36.68333333333333
38537,27.15
38538,31.616666666666667
38539,24.533333333333335
38540,26.6
38541,28.416666666666668
38542,30.75
38543,28.55
38544,29.783333333333335
38545,34.666666666666664
38546,21.55
38547,25.666666666666668
38548,29.983333333333334
38549,22.75
38550,29.5
38551,27.833333333333332
38552,34.38333333333333
38553,21.233333333333334
38554,24.75
38555,27.316666666666666
38556,24.683333333333334
38557,31.083333333333332
38558,33.7
38559,32.766666666666666
38560,23.466666666666665
38561,26.416666666666668
38562,28.283333333333335
38563,28.166666666666668
38564,27.816666666666666
38565,35.15
38566,35.13333333333333
38567,22.0
38568,28.016666666666666
38569,29.083333333333332
38570,31.716666666666665
38571,33.21666666666667
38572,29.516666666666666
38573,33.43333333333333
38574,24.566666666666666
38575,28.216666666666665
38576,27.166666666666668
38577,29.116666666666667
38578,32.416666666666664
38579,32.3
38580,31.916666666666668
38581,22.7
38582,26.55
38583,29.283333333333335
38584,29.35
38585,38.36666666666667
38586,32.93333333333333
38587,38.06666666666667
38588,24.133333333333333
38589,29.016666666666666
38590,34.36666666666667
38591,33.15
38592,32.28333333333333
38593,34.93333333333333
38594,37.2
38595,25.35
38596,27.983333333333334
38597,31.533333333333335
38598,31.966666666666665
38599,32.21666666666667
38600,35.483333333333334
38601,32.7
38602,22.366666666666667
38603,28.216666666666665
38604,28.966666666666665
38605,32.666666666666664
38606,34.65
38607,39.55
38608,38.3
38609,25.833333333333332
38610,31.5
38611,34.55
38612,32.416666666666664
38613,31.3
38614,41.3
38615,36.18333333333333
38616,23.9
38617,31.333333333333332
38618,34.46666666666667
38619,31.05
38620,28.233333333333334
38621,33.233333333333334
38622,36.916666666666664
38623,23.566666666666666
38624,26.433333333333334
38625,36.55
38626,31.733333333333334
38627,39.45
38628,33.983333333333334
38629,40.05
38630,25.216666666666665
38631,26.05
38632,32.016666666666666
38633,32.25
38634,29.583333333333332
38635,31.75
38636,37.983333333333334
38637,22.783333333333335
38638,29.266666666666666
38639,32.36666666666667
38640,34.166666666666664
38641,39.733333333333334
38642,35.31666666666667
38643,39.016666666666666
38644,27.516666666666666
38645,30.716666666666665
38646,32.75
38647,34.516666666666666
38648,33.333333333333336
38649,31.6
38650,30.7
38651,24.1
38652,29.716666666666665
38653,26.933333333333334
38654,29.1
38655,34.516666666666666
38656,34.266666666666666
38657,32.03333333333333
38658,23.25
38659,25.516666666666666
38660,25.85
38661,29.966666666666665
38662,29.933333333333334
38663,30.866666666666667
38664,37.96666666666667
38665,24.733333333333334
38666,27.366666666666667
38667,31.0
38668,32.483333333333334
38669,27.316666666666666
38670,29.95
38671,32.15
38672,19.216666666666665
38673,27.383333333333333
38674,25.866666666666667
38675,25.466666666666665
38676,30.633333333333333
38677,31.383333333333333
38678,32.7
38679,22.966666666666665
38680,25.483333333333334
38681,26.916666666666668
38682,28.216666666666665
38683,32.68333333333333
38684,31.683333333333334
38685,31.616666666666667
38686,20.416666666666668
38687,27.9
38688,29.883333333333333
38689,26.566666666666666
38690,31.916666666666668
38691,36.233333333333334
38692,35.53333333333333
38693,21.516666666666666
38694,26.966666666666665
38695,31.566666666666666
38696,31.033333333333335
38697,31.9
38698,33.766666666666666
38699,30.433333333333334
38700,21.55
38701,27.016666666666666
38702,29.0
38703,30.983333333333334
38704,29.183333333333334
38705,31.9
38706,32.0
38707,21.133333333333333
38708,27.483333333333334
38709,28.05
38710,27.066666666666666
38711,26.033333333333335
38712,26.883333333333333
38713,28.033333333333335
38714,21.066666666666666
38715,23.25
38716,25.733333333333334
38717,24.016666666666666
38718,30.366666666666667
38719,30.783333333333335
38720,29.883333333333333
38721,21.166666666666668
38722,23.283333333333335
38723,26.866666666666667
38724,28.733333333333334
38725,20.716666666666665
38726,29.433333333333334
38727,27.983333333333334
38728,21.616666666666667
38729,26.216666666666665
38730,24.05
38731,23.183333333333334
38732,26.816666666666666
38733,27.183333333333334
38734,28.0
38735,19.033333333333335
38736,23.45
38737,25.35
38738,24.916666666666668
38739,29.266666666666666
38740,31.616666666666667
38741,29.85
38742,21.416666666666668
38743,25.116666666666667
38744,26.166666666666668
38745,29.816666666666666
38746,33.416666666666664
38747,29.983333333333334
38748,36.8
38749,21.883333333333333
38750,26.166666666666668
38751,27.2
38752,30.083333333333332
38753,32.35
38754,31.466666666666665
38755,29.2
38756,20.116666666666667
38757,26.516666666666666
38758,28.983333333333334
38759,29.483333333333334
38760,27.383333333333333
38761,31.916666666666668
38762,28.6
38763,24.433333333333334
38764,27.666666666666668
38765,27.766666666666666
38766,27.066666666666666
38767,19.216666666666665
38768,24.933333333333334
38769,22.866666666666667
38770,18.25
38771,19.6
38772,18.8
38773,17.15
38774,22.6
38775,25.216666666666665
38776,26.25
38777,17.383333333333333
38778,18.75
38779,22.616666666666667
38780,23.816666666666666
38781,20.733333333333334
38782,21.016666666666666
38783,21.533333333333335
38784,14.616666666666667
38785,16.3
38786,19.25
38787,18.216666666666665
38788,18.85
38789,21.716666666666665
38790,19.466666666666665
38791,18.116666666666667
38792,17.383333333333333
38793,19.15
38794,22.283333333333335
38795,23.333333333333332
38796,24.366666666666667
38797,22.7
38798,20.5
38799,21.616666666666667
38800,18.7
38801,21.316666666666666
38802,19.166666666666668
38803,20.883333333333333
38804,19.05
38805,10.033333333333333
38806,14.466666666666667
38807,17.2
38808,19.966666666666665
38809,19.5
38810,18.983333333333334
38811,17.483333333333334
38812,13.166666666666666
38813,16.683333333333334
38814,16.683333333333334
38815,16.0
38816,20.166666666666668
38817,24.266666666666666
38818,21.033333333333335
38819,14.033333333333333
38820,19.383333333333333
38821,19.65
38822,20.683333333333334
38823,16.65
38824,18.916666666666668
38825,15.816666666666666
38826,15.716666666666667
38827,16.95
38828,21.316666666666666
38829,22.033333333333335
38830,23.95
38831,25.216666666666665
38832,24.683333333333334
38833,19.883333333333333
38834,20.533333333333335
38835,20.066666666666666
38836,22.55
38837,20.95
38838,23.766666666666666
38839,29.983333333333334
38840,19.466666666666665
38841,21.483333333333334
38842,19.8
38843,24.566666666666666
38844,24.433333333333334
38845,27.4
38846,25.416666666666668
38847,16.316666666666666
38848,22.466666666666665
38849,18.916666666666668
38850,21.016666666666666
38851,22.2
38852,23.816666666666666
38853,23.216666666666665
38854,17.65
38855,20.3
38856,20.2
38857,20.2
38858,23.566666666666666
38859,26.4
38860,27.966666666666665
38861,15.816666666666666
38862,21.383333333333333
38863,23.333333333333332
38864,28.75
38865,29.416666666666668
38866,28.65
38867,32.166666666666664
38868,23.25
38869,21.216666666666665
38870,23.033333333333335
38871,25.416666666666668
38872,25.433333333333334
38873,24.1
38874,25.35
38875,18.2
38876,21.166666666666668
38877,23.6
38878,25.116666666666667
38879,26.366666666666667
38880,25.883333333333333
38881,29.916666666666668
38882,18.2
38883,22.85
38884,22.516666666666666
38885,24.383333333333333
38886,27.266666666666666
38887,25.683333333333334
38888,29.05
38889,20.016666666666666
38890,24.4
38891,27.283333333333335
38892,32.2
38893,34.68333333333333
38894,35.56666666666667
38895,37.6
38896,24.016666666666666
38897,28.916666666666668
38898,28.95
38899,27.866666666666667
38900,26.666666666666668
38901,30.666666666666668
38902,31.733333333333334
38903,21.333333333333332
38904,27.866666666666667
38905,31.716666666666665
38906,26.266666666666666
38907,26.516666666666666
38908,30.633333333333333
38909,25.383333333333333
38910,20.833333333333332
38911,28.766666666666666
38912,25.016666666666666
38913,23.166666666666668
38914,25.466666666666665
38915,38.45
38916,33.93333333333333
38917,26.45
38918,30.05
38919,28.533333333333335
38920,26.183333333333334
38921,32.96666666666667
38922,37.11666666666667
38923,41.583333333333336
38924,23.466666666666665
38925,29.166666666666668
38926,33.88333333333333
38927,39.1
38928,36.2
38929,34.55
38930,34.666666666666664
38931,26.5
38932,29.883333333333333
38933,29.766666666666666
38934,31.783333333333335
38935,34.35
38936,35.06666666666667
38937,40.0
38938,23.566666666666666
38939,29.133333333333333
38940,31.516666666666666
38941,33.53333333333333
38942,39.85
38943,31.983333333333334
38944,33.9
38945,25.466666666666665
38946,25.966666666666665
38947,31.0
38948,31.116666666666667
38949,33.68333333333333
38950,36.2
38951,38.8
38952,21.616666666666667
38953,32.18333333333333
38954,32.5
38955,39.766666666666666
38956,43.2
38957,39.56666666666667
38958,37.28333333333333
38959,27.383333333333333
38960,31.416666666666668
38961,31.733333333333334
38962,35.266666666666666
38963,29.566666666666666
38964,38.2
38965,43.13333333333333
38966,25.333333333333332
38967,30.833333333333332
38968,33.31666666666667
38969,33.416666666666664
38970,29.85
38971,33.6
38972,36.78333333333333
38973,25.466666666666665
38974,28.866666666666667
38975,31.166666666666668
38976,28.383333333333333
38977,30.416666666666668
38978,36.4
38979,35.18333333333333
38980,23.283333333333335
38981,30.6
38982,31.333333333333332
38983,32.15
38984,37.63333333333333
38985,40.96666666666667
38986,38.11666666666667
38987,25.7
38988,33.43333333333333
38989,33.8
38990,37.333333333333336
38991,33.7
38992,45.983333333333334
38993,40.13333333333333
38994,26.5
38995,31.8
38996,35.266666666666666
38997,45.016666666666666
38998,51.95
38999,42.583333333333336
39000,43.85
39001,29.3
39002,38.78333333333333
39003,34.55
39004,37.85
39005,38.15
39006,36.68333333333333
39007,39.333333333333336
39008,25.9
39009,34.75
39010,34.6
39011,32.766666666666666
39012,38.25
39013,38.516666666666666
39014,38.78333333333333
39015,28.266666666666666
39016,33.96666666666667
39017,32.53333333333333
39018,27.7
39019,35.21666666666667
39020,38.75
39021,41.21666666666667
39022,26.633333333333333
39023,28.116666666666667
39024,31.35
39025,31.866666666666667
39026,40.266666666666666
39027,38.36666666666667
39028,40.766666666666666
39029,28.183333333333334
39030,28.05
39031,33.15
39032,37.11666666666667
39033,35.7
39034,33.15
39035,35.15
39036,23.566666666666666
39037,31.383333333333333
39038,32.733333333333334
39039,33.833333333333336
39040,37.15
39041,35.46666666666667
39042,34.93333333333333
39043,26.666666666666668
39044,29.85
39045,34.03333333333333
39046,31.75
39047,31.4
39048,31.416666666666668
39049,40.416666666666664
39050,23.7
39051,26.1
39052,28.933333333333334
39053,31.616666666666667
39054,30.433333333333334
39055,29.616666666666667
39056,28.366666666666667
39057,20.966666666666665
39058,24.25
39059,25.0
39060,27.35
39061,25.883333333333333
39062,24.883333333333333
39063,29.566666666666666
39064,20.633333333333333
39065,26.366666666666667
39066,26.383333333333333
39067,31.0
39068,28.416666666666668
39069,32.71666666666667
39070,33.083333333333336
39071,22.933333333333334
39072,26.666666666666668
39073,28.8
39074,28.466666666666665
39075,26.8
39076,29.45
39077,29.616666666666667
39078,20.55
39079,24.15
39080,26.116666666666667
39081,28.4
39082,28.966666666666665
39083,29.083333333333332
39084,30.6
39085,21.183333333333334
39086,23.666666666666668
39087,27.816666666666666
39088,31.1
39089,25.85
39090,28.233333333333334
39091,33.05
39092,22.833333333333332
39093,26.216666666666665
39094,26.516666666666666
39095,30.766666666666666
39096,32.0
39097,29.416666666666668
39098,32.7
39099,21.05
39100,23.483333333333334
39101,24.316666666666666
39102,30.666666666666668
39103,31.766666666666666
39104,29.25
39105,32.833333333333336
39106,21.55
39107,25.716666666666665
39108,28.15
39109,31.683333333333334
39110,27.083333333333332
39111,30.266666666666666
39112,29.9
39113,20.833333333333332
39114,28.583333333333332
39115,28.0
39116,34.03333333333333
39117,30.033333333333335
39118,33.35
39119,30.166666666666668
39120,25.633333333333333
39121,26.2
39122,26.933333333333334
39123,27.433333333333334
39124,27.216666666666665
39125,27.783333333333335
39126,31.983333333333334
39127,20.416666666666668
39128,26.133333333333333
39129,31.833333333333332
39130,35.6
39131,27.983333333333334
39132,30.35
39133,25.15
39134,17.166666666666668
39135,18.933333333333334
39136,16.716666666666665
39137,20.683333333333334
39138,20.633333333333333
39139,22.716666666666665
39140,23.716666666666665
39141,16.45
39142,21.9
39143,23.5
39144,19.883333333333333
39145,27.916666666666668
39146,26.45
39147,24.416666666666668
39148,18.583333333333332
39149,22.983333333333334
39150,21.183333333333334
39151,24.6
39152,22.233333333333334
39153,22.1
39154,25.166666666666668
39155,19.116666666666667
39156,22.166666666666668
39157,19.383333333333333
39158,20.433333333333334
39159,23.283333333333335
39160,22.4
39161,19.683333333333334
39162,7.583333333333333
39163,5.166666666666667
39164,4.5
39165,5.083333333333333
39166,4.516666666666667
39167,6.866666666666666
39168,6.966666666666667
39169,6.566666666666666
39170,4.65
39171,4.616666666666666
39172,4.416666666666667
39173,4.3
39174,6.233333333333333
39175,6.4
39176,5.783333333333333
39177,4.383333333333334
39178,4.483333333333333
39179,3.85
39180,3.933333333333333
39181,6.433333333333334
39182,6.883333333333334
39183,6.066666666666666
39184,4.966666666666667
39185,5.083333333333333
39186,4.466666666666667
39187,5.05
39188,7.283333333333333
39189,6.916666666666667
39190,4.766666666666667
39191,5.35
39192,5.466666666666667
39193,4.466666666666667
39194,4.733333333333333
39195,6.533333333333333
39196,6.583333333333333
39197,6.966666666666667
39198,4.783333333333333
39199,4.816666666666666
39200,4.133333333333334
39201,4.55
39202,6.633333333333334
39203,6.5
39204,6.2
39205,4.6
39206,4.7
39207,3.8833333333333333
39208,4.183333333333334
39209,6.683333333333334
39210,6.483333333333333
39211,7.25
39212,4.9
39213,4.883333333333334
39214,4.233333333333333
39215,4.316666666666666
39216,6.983333333333333
39217,6.783333333333333
39218,7.233333333333333
39219,5.033333333333333
39220,5.483333333333333
39221,4.433333333333334
39222,4.733333333333333
39223,6.566666666666666
39224,6.683333333333334
39225,7.116666666666666
39226,4.683333333333334
39227,4.866666666666666
39228,4.166666666666667
39229,4.583333333333333
39230,6.683333333333334
39231,6.6
39232,6.966666666666667
39233,4.533333333333333
39234,4.716666666666667
39235,3.8833333333333333
39236,4.216666666666667
39237,6.666666666666667
39238,6.483333333333333
39239,6.2
39240,4.8
39241,4.933333333333334
39242,4.066666666666666
39243,4.35
39244,6.983333333333333
39245,6.8
39246,7.35
39247,5.066666666666666
39248,5.483333333333333
39249,4.416666666666667
39250,4.7
39251,7.166666666666667
39252,3.9
39253,17.266666666666666
39254,12.383333333333333
39255,18.333333333333332
39256,27.233333333333334
39257,25.8
39258,22.516666666666666
39259,26.883333333333333
39260,33.36666666666667
39261,31.85
39262,28.516666666666666
39263,36.9
39264,36.56666666666667
39265,24.65
39266,29.9
39267,33.36666666666667
39268,38.21666666666667
39269,36.46666666666667
39270,36.766666666666666
39271,37.56666666666667
39272,25.633333333333333
39273,31.05
39274,31.1
39275,32.583333333333336
39276,27.5
39277,32.43333333333333
39278,34.15
39279,20.583333333333332
39280,26.25
39281,29.35
39282,28.116666666666667
39283,37.55
39284,39.35
39285,36.55
39286,32.71666666666667
39287,39.28333333333333
39288,36.03333333333333
39289,36.016666666666666
39290,36.7
39291,37.45
39292,35.083333333333336
39293,29.116666666666667
39294,30.816666666666666
39295,31.85
39296,36.1
39297,36.55
39298,40.46666666666667
39299,37.916666666666664
39300,32.7
39301,31.683333333333334
39302,32.016666666666666
39303,39.43333333333333
39304,36.71666666666667
39305,40.88333333333333
39306,37.666666666666664
39307,31.616666666666667
39308,31.133333333333333
39309,32.93333333333333
39310,38.46666666666667
39311,43.78333333333333
39312,51.43333333333333
39313,43.81666666666667
39314,29.616666666666667
39315,36.0
39316,39.75
39317,41.166666666666664
39318,42.9
39319,48.3
39320,48.43333333333333
39321,36.15
39322,34.03333333333333
39323,45.05
39324,54.733333333333334
39325,45.766666666666666
39326,48.96666666666667
39327,50.9
39328,31.733333333333334
39329,45.483333333333334
39330,41.28333333333333
39331,42.233333333333334
39332,47.78333333333333
39333,48.36666666666667
39334,48.25
39335,38.166666666666664
39336,38.916666666666664
39337,43.766666666666666
39338,49.1
39339,45.483333333333334
39340,50.25
39341,48.81666666666667
39342,38.61666666666667
39343,40.95
39344,43.63333333333333
39345,39.7
39346,46.016666666666666
39347,51.766666666666666
39348,57.43333333333333
39349,34.11666666666667
39350,42.95
39351,42.416666666666664
39352,48.56666666666667
39353,55.583333333333336
39354,56.53333333333333
39355,64.48333333333333
39356,45.55
39357,46.3
39358,52.666666666666664
39359,48.21666666666667
39360,48.71666666666667
39361,55.38333333333333
39362,54.2
39363,32.31666666666667
39364,44.31666666666667
39365,48.016666666666666
39366,52.916666666666664
39367,47.016666666666666
39368,56.56666666666667
39369,57.11666666666667
39370,37.233333333333334
39371,44.8
39372,52.61666666666667
39373,57.1
39374,57.63333333333333
39375,56.28333333333333
39376,56.3
39377,49.45
39378,49.03333333333333
39379,51.61666666666667
39380,54.266666666666666
39381,59.21666666666667
39382,52.4
39383,56.78333333333333
39384,48.266666666666666
39385,46.13333333333333
39386,50.9
39387,50.45
39388,53.06666666666667
39389,58.3
39390,58.833333333333336
39391,41.1
39392,47.46666666666667
39393,53.45
39394,57.21666666666667
39395,55.86666666666667
39396,55.75
39397,58.6
39398,36.016666666666666
39399,47.31666666666667
39400,52.03333333333333
39401,64.5
39402,54.666666666666664
39403,58.71666666666667
39404,64.16666666666667
39405,50.016666666666666
39406,52.31666666666667
39407,55.81666666666667
39408,74.61666666666666
39409,59.1
39410,60.833333333333336
39411,65.01666666666667
39412,42.78333333333333
39413,50.516666666666666
39414,52.6
39415,48.68333333333333
39416,52.516666666666666
39417,65.31666666666666
39418,65.71666666666667
39419,46.083333333333336
39420,53.88333333333333
39421,56.083333333333336
39422,56.2
39423,56.8
39424,59.88333333333333
39425,63.6
39426,48.083333333333336
39427,49.3
39428,56.5
39429,53.95
39430,56.36666666666667
39431,62.583333333333336
39432,66.73333333333333
39433,48.166666666666664
39434,49.0
39435,58.916666666666664
39436,64.33333333333333
39437,66.03333333333333
39438,75.63333333333334
39439,66.75
39440,49.2
39441,56.21666666666667
39442,59.833333333333336
39443,58.2
39444,56.983333333333334
39445,68.35
39446,70.85
39447,53.68333333333333
39448,58.7
39449,58.31666666666667
39450,62.266666666666666
39451,66.01666666666667
39452,66.63333333333334
39453,72.46666666666667
39454,56.666666666666664
39455,52.5
39456,58.06666666666667
39457,65.21666666666667
39458,59.88333333333333
39459,68.76666666666667
39460,68.91666666666667
39461,52.43333333333333
39462,58.38333333333333
39463,59.9
39464,59.1
39465,61.0
39466,66.91666666666667
39467,63.75
39468,49.583333333333336
39469,50.733333333333334
39470,54.05
39471,58.31666666666667
39472,65.4
39473,64.31666666666666
39474,60.28333333333333
39475,51.45
39476,51.95
39477,56.05
39478,56.516666666666666
39479,57.4
39480,57.06666666666667
39481,63.61666666666667
39482,37.13333333333333
39483,49.36666666666667
39484,57.46666666666667
39485,59.15
39486,58.416666666666664
39487,60.333333333333336
39488,64.95
39489,49.38333333333333
39490,50.46666666666667
39491,49.166666666666664
39492,47.71666666666667
39493,53.8
39494,53.45
39495,51.15
39496,32.93333333333333
39497,46.0
39498,49.38333333333333
39499,56.05
39500,56.03333333333333
39501,54.583333333333336
39502,56.983333333333334
39503,41.43333333333333
39504,48.81666666666667
39505,54.233333333333334
39506,53.35
39507,54.483333333333334
39508,56.166666666666664
39509,58.166666666666664
39510,38.416666666666664
39511,47.2
39512,51.93333333333333
39513,47.6
39514,53.3
39515,55.5
39516,56.05
39517,38.05
39518,50.68333333333333
39519,49.11666666666667
39520,57.983333333333334
39521,54.666666666666664
39522,58.266666666666666
39523,58.016666666666666
39524,39.18333333333333
39525,45.75
39526,47.55
39527,46.1
39528,57.516666666666666
39529,55.766666666666666
39530,51.8
39531,36.05
39532,45.833333333333336
39533,45.13333333333333
39534,51.53333333333333
39535,49.833333333333336
39536,45.38333333333333
39537,53.71666666666667
39538,37.28333333333333
39539,42.483333333333334
39540,45.416666666666664
39541,36.766666666666666
39542,48.03333333333333
39543,52.96666666666667
39544,51.96666666666667
39545,31.416666666666668
39546,41.96666666666667
39547,46.9
39548,47.15
39549,51.75
39550,52.483333333333334
39551,50.45
39552,34.61666666666667
39553,41.61666666666667
39554,42.416666666666664
39555,50.9
39556,51.71666666666667
39557,47.93333333333333
39558,56.68333333333333
39559,37.15
39560,49.483333333333334
39561,49.03333333333333
39562,54.25
39563,57.0
39564,56.166666666666664
39565,58.43333333333333
39566,40.88333333333333
39567,45.983333333333334
39568,46.96666666666667
39569,56.833333333333336
39570,53.18333333333333
39571,54.6
39572,55.43333333333333
39573,37.666666666666664
39574,44.31666666666667
39575,51.8
39576,47.85
39577,53.31666666666667
39578,54.8
39579,53.0
39580,45.88333333333333
39581,50.46666666666667
39582,42.56666666666667
39583,45.083333333333336
39584,55.68333333333333
39585,57.016666666666666
39586,51.266666666666666
39587,36.81666666666667
39588,38.96666666666667
39589,44.4
39590,46.416666666666664
39591,43.083333333333336
39592,44.1
39593,46.71666666666667
39594,33.46666666666667
39595,38.71666666666667
39596,41.61666666666667
39597,46.68333333333333
39598,43.35
39599,46.583333333333336
39600,48.03333333333333
39601,31.383333333333333
39602,39.45
39603,39.88333333333333
39604,29.5
39605,41.06666666666667
39606,43.55
39607,41.1
39608,33.266666666666666
39609,35.28333333333333
39610,39.8
39611,44.56666666666667
39612,41.96666666666667
39613,39.45
39614,35.483333333333334
39615,32.43333333333333
39616,32.28333333333333
39617,34.68333333333333
39618,37.3
39619,37.25
39620,36.25
39621,39.15
39622,29.516666666666666
39623,34.18333333333333
39624,34.233333333333334
39625,36.95
39626,37.9
39627,41.983333333333334
39628,42.05
39629,32.416666666666664
39630,35.583333333333336
39631,34.266666666666666
39632,37.75
39633,39.46666666666667
39634,39.63333333333333
39635,42.53333333333333
39636,27.066666666666666
39637,36.016666666666666
39638,36.3
39639,38.4
39640,38.45
39641,44.9
39642,43.31666666666667
39643,29.75
39644,33.016666666666666
39645,35.416666666666664
39646,38.31666666666667
39647,44.45
39648,53.35
39649,55.333333333333336
39650,33.0
39651,40.083333333333336
39652,41.85
39653,44.86666666666667
39654,43.7
39655,43.65
39656,42.75
39657,34.4
39658,36.55
39659,34.53333333333333
39660,42.53333333333333
39661,41.63333333333333
39662,46.233333333333334
39663,44.233333333333334
39664,34.8
39665,35.666666666666664
39666,40.46666666666667
39667,41.266666666666666
39668,36.46666666666667
39669,40.233333333333334
39670,42.166666666666664
39671,30.2
39672,36.65
39673,40.733333333333334
39674,41.416666666666664
39675,44.266666666666666
39676,51.25
39677,57.9
39678,32.61666666666667
39679,43.2
39680,45.63333333333333
39681,54.55
39682,53.9
39683,55.9
39684,56.93333333333333
39685,38.03333333333333
39686,44.35
39687,43.71666666666667
39688,54.833333333333336
39689,49.266666666666666
39690,54.81666666666667
39691,56.05
39692,36.28333333333333
39693,45.55
39694,43.18333333333333
39695,39.3
39696,47.766666666666666
39697,53.416666666666664
39698,51.81666666666667
39699,37.65
39700,42.8
39701,48.75
39702,50.78333333333333
39703,54.9
39704,54.18333333333333
39705,58.61666666666667
39706,38.583333333333336
39707,47.96666666666667
39708,52.4
39709,55.43333333333333
39710,56.36666666666667
39711,59.28333333333333
39712,62.3
39713,41.63333333333333
39714,48.95
39715,53.13333333333333
39716,50.78333333333333
39717,54.45
39718,60.28333333333333
39719,65.05
39720,38.9
39721,51.13333333333333
39722,55.983333333333334
39723,63.35
39724,70.91666666666667
39725,60.916666666666664
39726,62.333333333333336
39727,40.833333333333336
39728,53.766666666666666
39729,54.88333333333333
39730,58.25
39731,53.833333333333336
39732,76.33333333333333
39733,66.0
39734,41.93333333333333
39735,55.166666666666664
39736,54.983333333333334
39737,70.73333333333333
39738,74.11666666666666
39739,76.0
39740,71.73333333333333
39741,45.78333333333333
39742,62.95
39743,60.21666666666667
39744,71.73333333333333
39745,60.68333333333333
39746,70.85
39747,71.58333333333333
39748,45.8
39749,57.55
39750,62.05
39751,63.0
39752,60.81666666666667
39753,68.78333333333333
39754,69.43333333333334
39755,49.31666666666667
39756,55.13333333333333
39757,60.46666666666667
39758,60.53333333333333
39759,65.95
39760,76.01666666666667
39761,82.06666666666666
39762,52.016666666666666
39763,61.95
39764,62.833333333333336
39765,64.0
39766,57.96666666666667
39767,63.68333333333333
39768,63.53333333333333
39769,43.38333333333333
39770,48.93333333333333
39771,52.03333333333333
39772,60.833333333333336
39773,71.86666666666666
39774,64.61666666666666
39775,73.63333333333334
39776,49.88333333333333
39777,63.86666666666667
39778,63.86666666666667
39779,68.05
39780,63.81666666666667
39781,71.71666666666667
39782,71.1
39783,48.833333333333336
39784,62.9
39785,67.28333333333333
39786,76.21666666666667
39787,68.25
39788,84.2
39789,76.8
39790,49.53333333333333
39791,62.45
39792,67.43333333333334
39793,70.68333333333334
39794,71.0
39795,73.26666666666667
39796,72.9
39797,46.45
39798,63.86666666666667
39799,66.33333333333333
39800,69.1
39801,77.68333333333334
39802,77.95
39803,75.06666666666666
39804,52.6
39805,63.21666666666667
39806,66.06666666666666
39807,77.43333333333334
39808,81.88333333333334
39809,74.6
39810,81.38333333333334
39811,53.2
39812,63.083333333333336
39813,63.766666666666666
39814,75.63333333333334
39815,69.2
39816,76.88333333333334
39817,78.3
39818,52.166666666666664
39819,62.85
39820,68.83333333333333
39821,69.26666666666667
39822,69.56666666666666
39823,74.01666666666667
39824,73.55
39825,51.6
39826,64.21666666666667
39827,63.85
39828,66.0
39829,65.51666666666667
39830,64.78333333333333
39831,69.35
39832,48.78333333333333
39833,56.8
39834,60.05
39835,61.53333333333333
39836,60.416666666666664
39837,71.05
39838,73.81666666666666
39839,45.71666666666667
39840,56.38333333333333
39841,61.56666666666667
39842,56.7
39843,64.7
39844,68.15
39845,70.1
39846,46.13333333333333
39847,56.1
39848,62.1
39849,67.03333333333333
39850,64.9
39851,63.96666666666667
39852,68.3
39853,45.166666666666664
39854,54.983333333333334
39855,54.56666666666667
39856,58.1
39857,54.06666666666667
39858,76.11666666666666
39859,67.8
39860,42.75
39861,57.166666666666664
39862,56.13333333333333
39863,52.38333333333333
39864,66.2
39865,67.11666666666666
39866,68.88333333333334
39867,44.86666666666667
39868,51.5
39869,59.983333333333334
39870,70.95
39871,69.65
39872,64.1
39873,50.833333333333336
39874,44.7
39875,53.416666666666664
39876,64.21666666666667
39877,62.06666666666667
39878,62.63333333333333
39879,68.31666666666666
39880,72.13333333333334
39881,46.36666666666667
39882,53.96666666666667
39883,58.96666666666667
39884,63.85
39885,62.583333333333336
39886,67.26666666666667
39887,66.9
39888,47.3
39889,50.43333333333333
39890,56.4
39891,59.78333333333333
39892,57.583333333333336
39893,56.75
39894,57.516666666666666
39895,38.583333333333336
39896,49.0
39897,51.85
39898,55.166666666666664
39899,57.4
39900,56.766666666666666
39901,56.583333333333336
39902,39.18333333333333
39903,42.43333333333333
39904,49.75
39905,54.1
39906,56.65
39907,57.9
39908,54.4
39909,41.71666666666667
39910,49.78333333333333
39911,49.483333333333334
39912,55.28333333333333
39913,59.75
39914,62.3
39915,60.31666666666667
39916,37.6
39917,45.85
39918,53.31666666666667
39919,57.1
39920,55.0
39921,54.75
39922,58.016666666666666
39923,38.36666666666667
39924,48.63333333333333
39925,52.083333333333336
39926,55.583333333333336
39927,64.58333333333333
39928,58.65
39929,60.31666666666667
39930,41.55
39931,52.96666666666667
39932,50.516666666666666
39933,59.95
39934,61.13333333333333
39935,61.833333333333336
39936,61.55
39937,41.55
39938,54.0
39939,50.5
39940,61.15
39941,59.68333333333333
39942,62.65
39943,61.583333333333336
39944,47.8
39945,55.583333333333336
39946,56.3
39947,59.75
39948,60.1
39949,63.06666666666667
39950,66.58333333333333
39951,38.55
39952,50.96666666666667
39953,51.85
39954,56.983333333333334
39955,50.7
39956,51.666666666666664
39957,57.8
39958,36.43333333333333
39959,42.96666666666667
39960,41.4
39961,41.333333333333336
39962,53.35
39963,48.63333333333333
39964,51.25
39965,29.933333333333334
39966,38.03333333333333
39967,38.7
39968,31.883333333333333
39969,37.36666666666667
39970,46.56666666666667
39971,42.55
39972,34.583333333333336
39973,40.0
39974,44.4
39975,55.333333333333336
39976,47.25
39977,50.25
39978,49.56666666666667
39979,37.88333333333333
39980,39.416666666666664
39981,35.55
39982,40.56666666666667
39983,40.21666666666667
39984,40.78333333333333
39985,39.8
39986,27.0
39987,33.81666666666667
39988,36.016666666666666
39989,36.983333333333334
39990,40.96666666666667
39991,38.38333333333333
39992,40.5
39993,31.266666666666666
39994,26.633333333333333
39995,34.0
39996,36.516666666666666
39997,36.43333333333333
39998,38.31666666666667
39999,40.0
40000,29.85
40001,33.9
40002,37.13333333333333
40003,36.13333333333333
40004,37.43333333333333
40005,42.85
40006,42.13333333333333
40007,27.416666666666668
40008,35.9
40009,36.93333333333333
40010,40.21666666666667
40011,44.833333333333336
40012,39.05
40013,45.6
40014,31.533333333333335
40015,44.983333333333334
40016,40.85
40017,46.96666666666667
40018,46.03333333333333
40019,48.983333333333334
40020,50.61666666666667
40021,36.983333333333334
40022,36.28333333333333
40023,40.416666666666664
40024,48.65
40025,45.0
40026,44.15
40027,46.6
40028,32.233333333333334
40029,40.61666666666667
40030,43.56666666666667
40031,49.95
40032,50.416666666666664
40033,50.983333333333334
40034,48.666666666666664
40035,34.583333333333336
40036,42.233333333333334
40037,42.166666666666664
40038,45.96666666666667
40039,42.0
40040,48.0
40041,49.93333333333333
40042,30.8
40043,43.7
40044,43.15
40045,50.583333333333336
40046,64.28333333333333
40047,55.75
40048,58.43333333333333
40049,37.266666666666666
40050,46.68333333333333
40051,51.15
40052,53.85
40053,58.95
40054,61.11666666666667
40055,61.71666666666667
40056,39.0
40057,50.05
40058,49.38333333333333
40059,49.483333333333334
40060,50.233333333333334
40061,58.45
40062,58.666666666666664
40063,40.93333333333333
40064,47.233333333333334
40065,50.1
40066,46.61666666666667
40067,47.083333333333336
40068,61.233333333333334
40069,58.983333333333334
40070,37.666666666666664
40071,45.8
40072,57.56666666666667
40073,64.53333333333333
40074,66.16666666666667
40075,62.666666666666664
40076,72.46666666666667
40077,44.05
40078,54.333333333333336
40079,53.333333333333336
40080,69.55
40081,60.733333333333334
40082,60.21666666666667
40083,67.88333333333334
40084,45.65
40085,66.53333333333333
40086,55.416666666666664
40087,58.81666666666667
40088,66.31666666666666
40089,58.31666666666667
40090,63.61666666666667
40091,44.1
40092,55.166666666666664
40093,53.833333333333336
40094,62.8
40095,63.7
40096,67.33333333333333
40097,66.21666666666667
40098,46.38333333333333
40099,53.71666666666667
40100,57.166666666666664
40101,56.21666666666667
40102,66.71666666666667
40103,70.31666666666666
40104,73.53333333333333
40105,47.85
40106,62.333333333333336
40107,64.71666666666667
40108,62.983333333333334
40109,62.266666666666666
40110,68.28333333333333
40111,71.18333333333334
40112,51.81666666666667
40113,59.53333333333333
40114,63.1
40115,72.96666666666667
40116,69.15
40117,72.28333333333333
40118,68.33333333333333
40119,50.016666666666666
40120,57.15
40121,62.65
40122,69.4
40123,67.38333333333334
40124,71.3
40125,69.71666666666667
40126,55.86666666666667
40127,62.78333333333333
40128,59.3
40129,61.96666666666667
40130,70.03333333333333
40131,67.33333333333333
40132,72.18333333333334
40133,55.733333333333334
40134,65.01666666666667
40135,61.96666666666667
40136,72.0
40137,71.5
40138,75.31666666666666
40139,76.56666666666666
40140,47.35
40141,64.06666666666666
40142,68.23333333333333
40143,68.4
40144,64.61666666666666
40145,68.58333333333333
40146,72.06666666666666
40147,50.96666666666667
40148,61.93333333333333
40149,64.08333333333333
40150,55.983333333333334
40151,71.53333333333333
40152,74.0
40153,74.61666666666666
40154,45.71666666666667
40155,59.666666666666664
40156,68.0
40157,67.23333333333333
40158,66.68333333333334
40159,84.21666666666667
40160,79.81666666666666
40161,53.733333333333334
40162,62.31666666666667
40163,67.56666666666666
40164,64.08333333333333
40165,71.91666666666667
40166,76.01666666666667
40167,80.33333333333333
40168,55.75
40169,57.8
40170,70.51666666666667
40171,71.23333333333333
40172,76.78333333333333
40173,83.78333333333333
40174,82.01666666666667
40175,54.516666666666666
40176,69.06666666666666
40177,71.6
40178,66.25
40179,75.75
40180,86.91666666666667
40181,83.8
40182,55.71666666666667
40183,67.01666666666667
40184,71.35
40185,75.0
40186,69.23333333333333
40187,79.4
40188,78.68333333333334
40189,52.03333333333333
40190,67.31666666666666
40191,69.13333333333334
40192,73.23333333333333
40193,76.56666666666666
40194,76.33333333333333
40195,82.53333333333333
40196,52.333333333333336
40197,66.26666666666667
40198,63.81666666666667
40199,68.65
40200,75.88333333333334
40201,72.78333333333333
40202,73.33333333333333
40203,51.4
40204,62.13333333333333
40205,66.46666666666667
40206,72.4
40207,65.53333333333333
40208,71.46666666666667
40209,73.1
40210,50.31666666666667
40211,57.78333333333333
40212,64.06666666666666
40213,68.81666666666666
40214,65.06666666666666
40215,73.38333333333334
40216,74.38333333333334
40217,51.4
40218,56.6
40219,63.666666666666664
40220,69.83333333333333
40221,71.31666666666666
40222,68.91666666666667
40223,72.55
40224,48.56666666666667
40225,61.11666666666667
40226,64.7
40227,66.35
40228,69.38333333333334
40229,71.91666666666667
40230,75.55
40231,50.05
40232,56.65
40233,62.78333333333333
40234,68.88333333333334
40235,72.06666666666666
40236,74.63333333333334
40237,71.13333333333334
40238,48.43333333333333
40239,57.516666666666666
40240,59.95
40241,59.05
40242,59.583333333333336
40243,67.58333333333333
40244,70.41666666666667
40245,43.65
40246,50.0
40247,58.483333333333334
40248,59.766666666666666
40249,70.95
40250,69.06666666666666
40251,73.0
40252,46.666666666666664
40253,54.333333333333336
40254,58.81666666666667
40255,64.91666666666667
40256,60.53333333333333
40257,64.96666666666667
40258,63.78333333333333
40259,42.1
40260,51.6
40261,53.81666666666667
40262,53.46666666666667
40263,55.38333333333333
40264,63.95
40265,66.31666666666666
40266,40.95
40267,50.71666666666667
40268,54.233333333333334
40269,47.35
40270,58.43333333333333
40271,60.93333333333333
40272,57.983333333333334
40273,43.61666666666667
40274,49.13333333333333
40275,50.88333333333333
40276,59.666666666666664
40277,58.06666666666667
40278,65.46666666666667
40279,64.76666666666667
40280,46.31666666666667
40281,58.55
40282,62.86666666666667
40283,72.05
40284,56.666666666666664
40285,64.28333333333333
40286,70.93333333333334
40287,43.53333333333333
40288,57.15
40289,60.733333333333334
40290,65.15
40291,73.23333333333333
40292,71.31666666666666
40293,78.0
40294,49.03333333333333
40295,56.416666666666664
40296,60.71666666666667
40297,59.9
40298,56.53333333333333
40299,66.3
40300,71.91666666666667
40301,42.1
40302,50.833333333333336
40303,60.15
40304,59.53333333333333
40305,71.55
40306,66.66666666666667
40307,67.21666666666667
40308,46.35
40309,55.86666666666667
40310,59.65
40311,60.05
40312,55.516666666666666
40313,67.66666666666667
40314,72.8
40315,39.68333333333333
40316,46.43333333333333
40317,55.71666666666667
40318,49.0
40319,55.88333333333333
40320,50.55
40321,47.85
40322,33.95
40323,37.35
40324,40.6
40325,46.45
40326,47.21666666666667
40327,47.71666666666667
40328,48.18333333333333
40329,30.216666666666665
40330,45.8
40331,43.233333333333334
40332,36.65
40333,48.13333333333333
40334,47.46666666666667
40335,42.56666666666667
40336,31.066666666666666
40337,36.56666666666667
40338,39.53333333333333
40339,37.166666666666664
40340,43.7
40341,47.35
40342,43.28333333333333
40343,34.233333333333334
40344,37.28333333333333
40345,40.85
40346,46.63333333333333
40347,44.983333333333334
40348,46.9
40349,45.4
40350,34.28333333333333
40351,39.65
40352,41.9
40353,44.43333333333333
40354,51.7
40355,52.483333333333334
40356,51.88333333333333
40357,34.13333333333333
40358,40.15
40359,40.666666666666664
40360,45.6
40361,44.4
40362,48.6
40363,47.483333333333334
40364,37.43333333333333
40365,41.733333333333334
40366,40.166666666666664
40367,36.333333333333336
40368,50.8
40369,46.15
40370,46.1
40371,34.46666666666667
40372,45.35
40373,39.266666666666666
40374,46.583333333333336
40375,46.81666666666667
40376,48.85
40377,46.55
40378,39.083333333333336
40379,44.61666666666667
40380,43.733333333333334
40381,45.05
40382,51.03333333333333
40383,54.61666666666667
40384,54.78333333333333
40385,41.4
40386,43.46666666666667
40387,44.0
40388,41.233333333333334
40389,49.46666666666667
40390,50.3
40391,50.6
40392,39.1
40393,41.95
40394,47.083333333333336
40395,40.96666666666667
40396,51.31666666666667
40397,45.81666666666667
40398,49.8
40399,42.21666666666667
40400,45.85
40401,45.233333333333334
40402,46.55
40403,49.93333333333333
40404,51.733333333333334
40405,54.15
40406,32.63333333333333
40407,47.733333333333334
40408,51.233333333333334
40409,55.55
40410,59.35
40411,56.31666666666667
40412,62.0
40413,39.38333333333333
40414,47.63333333333333
40415,53.65
40416,54.71666666666667
40417,55.583333333333336
40418,52.983333333333334
40419,59.63333333333333
40420,41.983333333333334
40421,48.516666666666666
40422,52.21666666666667
40423,54.766666666666666
40424,59.25
40425,65.15
40426,59.35
40427,40.15
40428,51.38333333333333
40429,53.6
40430,43.46666666666667
40431,59.21666666666667
40432,63.0
40433,58.916666666666664
40434,40.916666666666664
40435,49.666666666666664
40436,57.53333333333333
40437,65.13333333333334
40438,66.55
40439,66.61666666666666
40440,63.333333333333336
40441,44.483333333333334
40442,54.9
40443,57.18333333333333
40444,63.35
40445,54.05
40446,65.83333333333333
40447,71.5
40448,45.35
40449,56.86666666666667
40450,54.083333333333336
40451,63.11666666666667
40452,77.03333333333333
40453,68.4
40454,76.08333333333333
40455,49.56666666666667
40456,60.516666666666666
40457,63.333333333333336
40458,73.01666666666667
40459,68.45
40460,77.0
40461,76.4
40462,52.11666666666667
40463,59.86666666666667
40464,59.46666666666667
40465,65.0
40466,58.63333333333333
40467,62.083333333333336
40468,72.08333333333333
40469,47.53333333333333
40470,58.0
40471,66.23333333333333
40472,70.61666666666666
40473,75.96666666666667
40474,72.95
40475,80.63333333333334
40476,54.266666666666666
40477,61.21666666666667
40478,68.1
40479,73.23333333333333
40480,79.43333333333334
40481,73.88333333333334
40482,73.71666666666667
40483,55.083333333333336
40484,61.11666666666667
40485,63.416666666666664
40486,72.95
40487,71.56666666666666
40488,72.6
40489,72.1
40490,52.36666666666667
40491,67.15
40492,65.9
40493,70.25
40494,70.65
40495,72.16666666666667
40496,76.63333333333334
40497,50.71666666666667
40498,63.56666666666667
40499,69.25
40500,69.9
40501,71.73333333333333
40502,75.81666666666666
40503,74.2
40504,55.583333333333336
40505,64.4
40506,65.81666666666666
40507,71.26666666666667
40508,69.18333333333334
40509,77.88333333333334
40510,82.28333333333333
40511,53.75
40512,67.46666666666667
40513,73.65
40514,82.0
40515,72.43333333333334
40516,84.66666666666667
40517,84.6
40518,58.25
40519,67.11666666666666
40520,69.95
40521,60.2
40522,73.68333333333334
40523,77.88333333333334
40524,78.2
40525,52.083333333333336
40526,59.916666666666664
40527,68.18333333333334
40528,72.81666666666666
40529,79.16666666666667
40530,84.55
40531,88.91666666666667
40532,56.05
40533,71.21666666666667
40534,73.86666666666666
40535,79.21666666666667
40536,79.41666666666667
40537,85.31666666666666
40538,91.03333333333333
40539,56.38333333333333
40540,74.03333333333333
40541,77.9
40542,65.4
40543,87.46666666666667
40544,86.66666666666667
40545,81.93333333333334
40546,55.96666666666667
40547,72.01666666666667
40548,76.53333333333333
40549,81.78333333333333
40550,79.43333333333334
40551,79.25
40552,81.91666666666667
40553,55.766666666666666
40554,66.81666666666666
40555,81.23333333333333
40556,66.95
40557,86.7
40558,83.36666666666666
40559,84.41666666666667
40560,55.15
40561,57.46666666666667
40562,72.28333333333333
40563,82.85
40564,75.13333333333334
40565,76.25
40566,73.56666666666666
40567,49.75
40568,64.7
40569,65.46666666666667
40570,71.36666666666666
40571,74.51666666666667
40572,77.7
40573,75.9
40574,54.1
40575,65.36666666666666
40576,66.75
40577,76.65
40578,74.5
40579,76.76666666666667
40580,86.18333333333334
40581,53.083333333333336
40582,66.95
40583,69.93333333333334
40584,66.53333333333333
40585,76.21666666666667
40586,75.61666666666666
40587,75.21666666666667
40588,50.93333333333333
40589,63.233333333333334
40590,66.45
40591,72.7
40592,69.71666666666667
40593,77.56666666666666
40594,68.68333333333334
40595,52.95
40596,65.46666666666667
40597,65.93333333333334
40598,69.6
40599,63.1
40600,71.35
40601,70.48333333333333
40602,47.7
40603,60.6
40604,68.63333333333334
40605,71.26666666666667
40606,60.983333333333334
40607,71.25
40608,71.98333333333333
40609,52.483333333333334
40610,57.25
40611,58.96666666666667
40612,57.43333333333333
40613,71.15
40614,68.86666666666666
40615,69.65
40616,50.583333333333336
40617,61.233333333333334
40618,63.31666666666667
40619,67.23333333333333
40620,71.15
40621,73.81666666666666
40622,75.46666666666667
40623,49.9
40624,57.21666666666667
40625,64.46666666666667
40626,67.4
40627,55.81666666666667
40628,66.05
40629,61.03333333333333
40630,43.05
40631,50.61666666666667
40632,55.28333333333333
40633,51.016666666666666
40634,62.53333333333333
40635,65.35
40636,66.16666666666667
40637,42.766666666666666
40638,52.1
40639,55.35
40640,60.6
40641,57.15
40642,67.83333333333333
40643,66.96666666666667
40644,46.93333333333333
40645,63.03333333333333
40646,60.13333333333333
40647,60.86666666666667
40648,68.53333333333333
40649,68.7
40650,69.43333333333334
40651,47.583333333333336
40652,55.5
40653,59.516666666666666
40654,67.28333333333333
40655,65.56666666666666
40656,74.75
40657,71.03333333333333
40658,47.06666666666667
40659,57.416666666666664
40660,64.28333333333333
40661,56.18333333333333
40662,70.11666666666666
40663,65.83333333333333
40664,70.93333333333334
40665,46.916666666666664
40666,56.016666666666666
40667,59.53333333333333
40668,67.08333333333333
40669,70.23333333333333
40670,73.16666666666667
40671,72.06666666666666
40672,47.11666666666667
40673,59.13333333333333
40674,61.8
40675,67.78333333333333
40676,66.45
40677,81.08333333333333
40678,74.06666666666666
40679,49.25
40680,62.96666666666667
40681,64.06666666666666
40682,56.06666666666667
40683,54.06666666666667
40684,67.95
40685,61.81666666666667
40686,46.483333333333334
40687,43.13333333333333
40688,44.13333333333333
40689,41.7
40690,55.85
40691,52.916666666666664
40692,52.583333333333336
40693,34.05
40694,41.21666666666667
40695,50.7
40696,54.53333333333333
40697,52.05
40698,49.93333333333333
40699,53.766666666666666
40700,30.333333333333332
40701,45.016666666666666
40702,50.233333333333334
40703,42.8
40704,56.666666666666664
40705,59.63333333333333
40706,52.71666666666667
40707,44.833333333333336
40708,44.11666666666667
40709,46.31666666666667
40710,43.95
40711,45.166666666666664
40712,50.5
40713,54.78333333333333
40714,31.85
40715,42.9
40716,41.88333333333333
40717,36.3
40718,46.266666666666666
40719,43.6
40720,45.5
40721,37.03333333333333
40722,34.81666666666667
40723,42.71666666666667
40724,44.78333333333333
40725,46.5
40726,42.96666666666667
40727,46.03333333333333
40728,29.216666666666665
40729,41.11666666666667
40730,40.45
40731,37.13333333333333
40732,45.75
40733,47.95
40734,47.6
40735,28.883333333333333
40736,42.25
40737,44.7
40738,43.88333333333333
40739,44.9
40740,47.7
40741,48.483333333333334
40742,35.61666666666667
40743,43.45
40744,42.733333333333334
40745,50.86666666666667
40746,49.916666666666664
40747,51.483333333333334
40748,58.95
40749,38.96666666666667
40750,43.65
40751,46.03333333333333
40752,46.96666666666667
40753,55.166666666666664
40754,52.6
40755,53.81666666666667
40756,37.583333333333336
40757,51.2
40758,49.0
40759,55.8
40760,58.03333333333333
40761,58.61666666666667
40762,56.7
40763,47.63333333333333
40764,47.333333333333336
40765,47.3
40766,50.13333333333333
40767,46.88333333333333
40768,47.583333333333336
40769,50.68333333333333
40770,35.55
40771,39.31666666666667
40772,46.733333333333334
40773,50.983333333333334
40774,63.86666666666667
40775,64.01666666666667
40776,62.46666666666667
40777,40.78333333333333
40778,52.31666666666667
40779,60.333333333333336
40780,63.68333333333333
40781,56.65
40782,62.63333333333333
40783,58.416666666666664
40784,38.1
40785,48.666666666666664
40786,53.55
40787,67.13333333333334
40788,65.53333333333333
40789,60.9
40790,56.68333333333333
40791,39.63333333333333
40792,51.13333333333333
40793,54.18333333333333
40794,59.11666666666667
40795,58.733333333333334
40796,63.6
40797,63.38333333333333
40798,42.06666666666667
40799,54.31666666666667
40800,54.56666666666667
40801,56.583333333333336
40802,61.68333333333333
40803,71.26666666666667
40804,77.91666666666667
40805,47.86666666666667
40806,64.0
40807,65.73333333333333
40808,73.88333333333334
40809,77.13333333333334
40810,70.86666666666666
40811,82.06666666666666
40812,53.55
40813,60.9
40814,65.3
40815,75.33333333333333
40816,74.2
40817,76.78333333333333
40818,78.98333333333333
40819,48.81666666666667
40820,61.0
40821,67.16666666666667
40822,71.25
40823,60.75
40824,72.3
40825,72.51666666666667
40826,50.1
40827,64.33333333333333
40828,63.016666666666666
40829,62.0
40830,74.9
40831,75.01666666666667
40832,74.91666666666667
40833,54.68333333333333
40834,76.65
40835,78.6
40836,71.76666666666667
40837,77.48333333333333
40838,84.56666666666666
40839,87.08333333333333
40840,55.233333333333334
40841,69.63333333333334
40842,69.95
40843,77.35
40844,67.15
40845,76.78333333333333
40846,76.03333333333333
40847,50.733333333333334
40848,66.08333333333333
40849,67.8
40850,63.5
40851,74.83333333333333
40852,77.23333333333333
40853,78.13333333333334
40854,53.03333333333333
40855,66.33333333333333
40856,71.85
40857,80.65
40858,72.51666666666667
40859,78.48333333333333
40860,78.83333333333333
40861,50.416666666666664
40862,60.65
40863,68.21666666666667
40864,73.88333333333334
40865,78.05
40866,82.38333333333334
40867,98.33333333333333
40868,55.56666666666667
40869,71.95
40870,74.43333333333334
40871,76.8
40872,90.7
40873,78.63333333333334
40874,86.5
40875,60.56666666666667
40876,72.8
40877,76.31666666666666
40878,82.11666666666666
40879,80.55
40880,81.91666666666667
40881,83.16666666666667
40882,56.53333333333333
40883,66.96666666666667
40884,71.58333333333333
40885,66.6
40886,87.95
40887,81.65
40888,83.61666666666666
40889,54.7
40890,71.78333333333333
40891,75.78333333333333
40892,78.81666666666666
40893,69.36666666666666
40894,81.08333333333333
40895,82.5
40896,58.85
40897,81.23333333333333
40898,82.71666666666667
40899,88.03333333333333
40900,88.1
40901,103.11666666666666
40902,98.83333333333333
40903,65.16666666666667
40904,84.96666666666667
40905,76.33333333333333
40906,74.23333333333333
40907,93.71666666666667
40908,90.43333333333334
40909,92.7
40910,62.016666666666666
40911,75.1
40912,84.9
40913,82.41666666666667
40914,88.51666666666667
40915,93.73333333333333
40916,93.61666666666666
40917,63.233333333333334
40918,72.7
40919,78.56666666666666
40920,78.91666666666667
40921,80.11666666666666
40922,92.03333333333333
40923,84.21666666666667
40924,62.43333333333333
40925,67.88333333333334
40926,71.7
40927,70.45
40928,75.16666666666667
40929,86.9
40930,82.46666666666667
40931,51.1
40932,70.33333333333333
40933,69.46666666666667
40934,79.4
40935,81.73333333333333
40936,79.33333333333333
40937,80.31666666666666
40938,57.18333333333333
40939,63.15
40940,66.66666666666667
40941,78.36666666666666
40942,71.11666666666666
40943,82.6
40944,83.21666666666667
40945,58.63333333333333
40946,66.23333333333333
40947,67.33333333333333
40948,69.08333333333333
40949,70.31666666666666
40950,76.48333333333333
40951,73.6
40952,47.68333333333333
40953,63.2
40954,66.48333333333333
40955,59.46666666666667
40956,67.5
40957,75.23333333333333
40958,72.31666666666666
40959,50.06666666666667
40960,58.8
40961,59.8
40962,71.83333333333333
40963,67.96666666666667
40964,76.36666666666666
40965,81.6
40966,53.28333333333333
40967,67.35
40968,68.91666666666667
40969,70.13333333333334
40970,80.58333333333333
40971,71.0
40972,77.25
40973,49.483333333333334
40974,57.55
40975,63.8
40976,68.58333333333333
40977,67.85
40978,71.2
40979,72.93333333333334
40980,49.666666666666664
40981,61.0
40982,64.26666666666667
40983,60.45
40984,66.53333333333333
40985,74.16666666666667
40986,72.61666666666666
40987,50.65
40988,59.583333333333336
40989,65.61666666666666
40990,72.5
40991,63.3
40992,78.51666666666667
40993,73.91666666666667
40994,51.21666666666667
40995,61.166666666666664
40996,56.35
40997,62.38333333333333
40998,69.4
40999,78.96666666666667
41000,70.13333333333334
41001,50.266666666666666
41002,56.916666666666664
41003,64.08333333333333
41004,69.8
41005,64.85
41006,67.88333333333334
41007,69.55
41008,47.85
41009,55.516666666666666
41010,63.916666666666664
41011,70.28333333333333
41012,68.71666666666667
41013,68.36666666666666
41014,81.93333333333334
41015,50.31666666666667
41016,63.0
41017,73.33333333333333
41018,65.06666666666666
41019,72.16666666666667
41020,68.98333333333333
41021,76.3
41022,48.416666666666664
41023,60.583333333333336
41024,63.3
41025,66.13333333333334
41026,74.86666666666666
41027,74.15
41028,70.13333333333334
41029,51.03333333333333
41030,60.43333333333333
41031,64.51666666666667
41032,72.3
41033,62.88333333333333
41034,76.85
41035,81.83333333333333
41036,49.75
41037,58.15
41038,63.78333333333333
41039,61.233333333333334
41040,68.21666666666667
41041,70.28333333333333
41042,69.73333333333333
41043,50.15
41044,65.03333333333333
41045,63.25
41046,60.68333333333333
41047,64.51666666666667
41048,61.35
41049,62.8
41050,43.88333333333333
41051,47.45
41052,52.1
41053,50.78333333333333
41054,56.56666666666667
41055,56.81666666666667
41056,61.35
41057,40.166666666666664
41058,45.15
41059,47.95
41060,43.416666666666664
41061,61.233333333333334
41062,54.45
41063,52.56666666666667
41064,37.75
41065,45.38333333333333
41066,49.05
41067,51.016666666666666
41068,48.86666666666667
41069,49.35
41070,46.68333333333333
41071,38.483333333333334
41072,41.71666666666667
41073,45.9
41074,53.416666666666664
41075,49.21666666666667
41076,52.45
41077,53.4
41078,28.283333333333335
41079,5.183333333333334
41080,5.183333333333334
41081,4.85
41082,5.116666666666666
41083,6.666666666666667
41084,6.716666666666667
41085,5.233333333333333
41086,4.716666666666667
41087,4.666666666666667
41088,3.9833333333333334
41089,3.966666666666667
41090,6.3
41091,6.533333333333333
41092,5.233333333333333
41093,4.55
41094,4.533333333333333
41095,3.65
41096,3.816666666666667
41097,6.566666666666666
41098,7.016666666666667
41099,5.233333333333333
41100,4.983333333333333
41101,5.1
41102,4.116666666666666
41103,4.4
41104,7.05
41105,7.066666666666666
41106,5.383333333333334
41107,5.266666666666667
41108,5.466666666666667
41109,4.35
41110,4.616666666666666
41111,6.666666666666667
41112,6.716666666666667
41113,5.25
41114,4.916666666666667
41115,4.866666666666666
41116,4.05
41117,4.466666666666667
41118,6.783333333333333
41119,6.633333333333334
41120,5.25
41121,4.766666666666667
41122,4.716666666666667
41123,3.7666666666666666
41124,4.1
41125,6.816666666666666
41126,6.616666666666666
41127,5.3
41128,4.8
41129,4.933333333333334
41130,3.95
41131,4.233333333333333
41132,7.116666666666666
41133,6.933333333333334
41134,5.4
41135,5.05
41136,5.483333333333333
41137,4.35
41138,4.616666666666666
41139,6.7
41140,6.816666666666666
41141,5.283333333333333
41142,4.85
41143,4.883333333333334
41144,4.05
41145,4.466666666666667
41146,6.816666666666666
41147,6.733333333333333
41148,5.25
41149,4.7
41150,4.733333333333333
41151,3.7666666666666666
41152,4.1
41153,6.816666666666666
41154,6.616666666666666
41155,5.3
41156,4.816666666666666
41157,4.95
41158,3.95
41159,4.233333333333333
41160,7.116666666666666
41161,6.933333333333334
41162,5.4
41163,5.05
41164,5.483333333333333
41165,4.3
41166,4.583333333333333
41167,7.233333333333333
41168,3.9
41169,12.516666666666667
41170,9.283333333333333
41171,15.633333333333333
41172,12.116666666666667
41173,12.1
41174,15.75
41175,16.033333333333335
41176,18.133333333333333
41177,19.15
41178,18.666666666666668
41179,19.6
41180,20.15
41181,17.216666666666665
41182,16.45
41183,17.866666666666667
41184,19.666666666666668
41185,13.45
41186,17.166666666666668
41187,15.266666666666667
41188,16.683333333333334
41189,15.366666666666667
41190,24.15
41191,20.15
41192,21.65
41193,24.2
41194,20.566666666666666
41195,14.816666666666666
41196,16.566666666666666
41197,17.1
41198,20.966666666666665
41199,20.333333333333332
41200,18.616666666666667
41201,22.133333333333333
41202,19.383333333333333
41203,19.183333333333334
41204,17.45
41205,18.266666666666666
41206,21.3
41207,28.266666666666666
41208,22.733333333333334
41209,20.183333333333334
41210,18.116666666666667
41211,18.266666666666666
41212,22.033333333333335
41213,20.866666666666667
41214,19.7
41215,20.316666666666666
41216,19.916666666666668
41217,24.466666666666665
41218,16.75
41219,22.266666666666666
41220,25.483333333333334
41221,26.4
41222,23.916666666666668
41223,19.55
41224,18.05
41225,18.1
41226,20.3
41227,21.05
41228,22.383333333333333
41229,25.116666666666667
41230,19.516666666666666
41231,14.233333333333333
41232,21.316666666666666
41233,23.95
41234,26.233333333333334
41235,24.15
41236,25.283333333333335
41237,21.35
41238,23.6
41239,22.433333333333334
41240,27.916666666666668
41241,26.15
41242,27.65
41243,28.933333333333334
41244,20.966666666666665
41245,21.633333333333333
41246,23.65
41247,24.416666666666668
41248,26.65
41249,28.433333333333334
41250,28.0
41251,21.333333333333332
41252,23.383333333333333
41253,23.866666666666667
41254,26.95
41255,28.2
41256,27.816666666666666
41257,30.183333333333334
41258,25.233333333333334
41259,25.633333333333333
41260,28.833333333333332
41261,32.53333333333333
41262,34.233333333333334
41263,33.9
41264,33.7
41265,25.333333333333332
41266,26.966666666666665
41267,26.583333333333332
41268,30.183333333333334
41269,32.7
41270,30.666666666666668
41271,28.116666666666667
41272,27.633333333333333
41273,27.35
41274,34.11666666666667
41275,28.966666666666665
41276,30.9
41277,34.8
41278,36.71666666666667
41279,24.383333333333333
41280,29.2
41281,30.916666666666668
41282,31.233333333333334
41283,32.05
41284,33.68333333333333
41285,34.11666666666667
41286,23.8
41287,27.383333333333333
41288,34.36666666666667
41289,30.983333333333334
41290,36.81666666666667
41291,35.75
41292,35.7
41293,28.766666666666666
41294,26.75
41295,34.166666666666664
41296,35.81666666666667
41297,36.63333333333333
41298,35.733333333333334
41299,35.2
41300,26.816666666666666
41301,27.733333333333334
41302,27.666666666666668
41303,29.883333333333333
41304,28.516666666666666
41305,28.45
41306,30.55
41307,20.95
41308,27.65
41309,29.566666666666666
41310,31.183333333333334
41311,31.8
41312,35.05
41313,31.716666666666665
41314,24.533333333333335
41315,27.366666666666667
41316,24.633333333333333
41317,28.716666666666665
41318,31.95
41319,32.43333333333333
41320,33.15
41321,25.65
41322,26.95
41323,34.766666666666666
41324,33.233333333333334
41325,31.6
41326,36.3
41327,38.1
41328,25.266666666666666
41329,30.216666666666665
41330,32.06666666666667
41331,32.35
41332,34.583333333333336
41333,39.68333333333333
41334,35.083333333333336
41335,29.916666666666668
41336,30.066666666666666
41337,37.13333333333333
41338,34.53333333333333
41339,35.85
41340,40.21666666666667
41341,37.8
41342,32.166666666666664
41343,32.95
41344,32.233333333333334
41345,33.766666666666666
41346,37.21666666666667
41347,40.95
41348,37.61666666666667
41349,30.25
41350,31.783333333333335
41351,32.46666666666667
41352,33.3
41353,35.833333333333336
41354,36.516666666666666
41355,40.05
41356,29.333333333333332
41357,34.916666666666664
41358,37.25
41359,35.583333333333336
41360,40.05
41361,39.55
41362,38.81666666666667
41363,30.916666666666668
41364,32.18333333333333
41365,31.75
41366,38.916666666666664
41367,36.0
41368,40.85
41369,41.53333333333333
41370,31.866666666666667
41371,35.666666666666664
41372,38.11666666666667
41373,35.666666666666664
41374,35.833333333333336
41375,39.36666666666667
41376,37.85
41377,28.9
41378,29.983333333333334
41379,34.43333333333333
41380,32.36666666666667
41381,36.03333333333333
41382,35.53333333333333
41383,34.18333333333333
41384,26.9
41385,30.783333333333335
41386,29.8
41387,31.283333333333335
41388,30.2
41389,33.21666666666667
41390,33.56666666666667
41391,24.833333333333332
41392,26.916666666666668
41393,28.233333333333334
41394,28.383333333333333
41395,32.28333333333333
41396,31.116666666666667
41397,29.45
41398,25.083333333333332
41399,27.016666666666666
41400,30.733333333333334
41401,24.166666666666668
41402,28.233333333333334
41403,28.283333333333335
41404,30.533333333333335
41405,23.083333333333332
41406,31.933333333333334
41407,24.916666666666668
41408,27.083333333333332
41409,32.46666666666667
41410,34.0
41411,32.65
41412,25.45
41413,31.15
41414,27.383333333333333
41415,30.766666666666666
41416,32.35
41417,36.25
41418,33.61666666666667
41419,28.383333333333333
41420,24.7
41421,27.116666666666667
41422,24.816666666666666
41423,27.566666666666666
41424,31.633333333333333
41425,28.05
41426,26.383333333333333
41427,23.85
41428,29.133333333333333
41429,33.416666666666664
41430,32.61666666666667
41431,34.5
41432,32.583333333333336
41433,25.283333333333335
41434,26.65
41435,27.566666666666666
41436,31.683333333333334
41437,31.75
41438,29.4
41439,29.433333333333334
41440,21.233333333333334
41441,26.733333333333334
41442,23.9
41443,25.383333333333333
41444,27.366666666666667
41445,31.266666666666666
41446,29.2
41447,24.266666666666666
41448,25.3
41449,24.516666666666666
41450,25.25
41451,26.883333333333333
41452,27.9
41453,28.333333333333332
41454,25.683333333333334
41455,27.466666666666665
41456,24.483333333333334
41457,26.0
41458,26.383333333333333
41459,30.533333333333335
41460,30.816666666666666
41461,26.816666666666666
41462,23.966666666666665
41463,24.866666666666667
41464,28.766666666666666
41465,26.366666666666667
41466,29.666666666666668
41467,27.133333333333333
41468,27.116666666666667
41469,24.983333333333334
41470,27.633333333333333
41471,29.1
41472,33.583333333333336
41473,32.05
41474,35.35
41475,22.566666666666666
41476,24.6
41477,27.366666666666667
41478,29.833333333333332
41479,25.133333333333333
41480,26.616666666666667
41481,27.083333333333332
41482,26.616666666666667
41483,23.983333333333334
41484,29.55
41485,24.6
41486,28.183333333333334
41487,29.383333333333333
41488,30.116666666666667
41489,27.266666666666666
41490,24.133333333333333
41491,26.033333333333335
41492,29.083333333333332
41493,33.56666666666667
41494,31.283333333333335
41495,31.833333333333332
41496,23.633333333333333
41497,24.05
41498,27.216666666666665
41499,32.05
41500,28.7
41501,32.016666666666666
41502,35.2
41503,19.783333333333335
41504,25.366666666666667
41505,24.016666666666666
41506,26.316666666666666
41507,24.6
41508,24.533333333333335
41509,23.7
41510,20.866666666666667
41511,21.583333333333332
41512,22.966666666666665
41513,25.45
41514,22.066666666666666
41515,22.65
41516,20.75
41517,17.85
41518,18.966666666666665
41519,18.866666666666667
41520,19.95
41521,21.4
41522,22.85
41523,20.833333333333332
41524,17.016666666666666
41525,17.566666666666666
41526,17.266666666666666
41527,21.35
41528,21.9
41529,22.816666666666666
41530,23.1
41531,17.133333333333333
41532,22.583333333333332
41533,19.633333333333333
41534,24.416666666666668
41535,28.383333333333333
41536,25.1
41537,25.45
41538,19.383333333333333
41539,20.15
41540,19.716666666666665
41541,20.933333333333334
41542,18.7
41543,20.716666666666665
41544,21.2
41545,21.85
41546,18.733333333333334
41547,19.566666666666666
41548,20.383333333333333
41549,23.95
41550,23.85
41551,23.75
41552,18.633333333333333
41553,20.266666666666666
41554,21.666666666666668
41555,23.466666666666665
41556,25.283333333333335
41557,24.983333333333334
41558,22.383333333333333
41559,20.233333333333334
41560,20.816666666666666
41561,18.533333333333335
41562,22.616666666666667
41563,20.45
41564,19.283333333333335
41565,18.066666666666666
41566,20.766666666666666
41567,25.9
41568,21.633333333333333
41569,22.083333333333332
41570,25.666666666666668
41571,26.366666666666667
41572,27.45
41573,19.65
41574,19.733333333333334
41575,24.683333333333334
41576,25.666666666666668
41577,28.483333333333334
41578,23.916666666666668
41579,23.583333333333332
41580,18.466666666666665
41581,21.95
41582,23.45
41583,23.25
41584,26.266666666666666
41585,27.033333333333335
41586,26.1
41587,20.516666666666666
41588,22.233333333333334
41589,22.233333333333334
41590,23.283333333333335
41591,25.533333333333335
41592,29.233333333333334
41593,35.3
41594,21.916666666666668
41595,23.616666666666667
41596,29.5
41597,31.55
41598,28.083333333333332
41599,30.133333333333333
41600,32.78333333333333
41601,25.616666666666667
41602,22.633333333333333
41603,26.7
41604,23.866666666666667
41605,26.316666666666666
41606,30.233333333333334
41607,32.65
41608,21.116666666666667
41609,26.55
41610,27.616666666666667
41611,34.2
41612,31.65
41613,29.7
41614,29.916666666666668
41615,20.666666666666668
41616,23.4
41617,22.716666666666665
41618,27.133333333333333
41619,28.566666666666666
41620,33.35
41621,30.283333333333335
41622,19.366666666666667
41623,25.933333333333334
41624,31.416666666666668
41625,31.533333333333335
41626,31.516666666666666
41627,43.4
41628,35.5
41629,23.783333333333335
41630,30.033333333333335
41631,30.066666666666666
41632,37.166666666666664
41633,36.93333333333333
41634,31.416666666666668
41635,36.31666666666667
41636,25.8
41637,34.21666666666667
41638,31.616666666666667
41639,37.166666666666664
41640,37.516666666666666
41641,35.43333333333333
41642,34.083333333333336
41643,23.166666666666668
41644,32.35
41645,33.35
41646,40.06666666666667
41647,43.05
41648,44.28333333333333
41649,42.1
41650,28.033333333333335
41651,37.2
41652,34.36666666666667
41653,40.35
41654,32.03333333333333
41655,28.133333333333333
41656,42.25
41657,25.483333333333334
41658,27.116666666666667
41659,31.416666666666668
41660,33.833333333333336
41661,38.86666666666667
41662,36.083333333333336
41663,33.1
41664,26.066666666666666
41665,30.916666666666668
41666,30.983333333333334
41667,32.0
41668,35.983333333333334
41669,36.53333333333333
41670,40.666666666666664
41671,26.733333333333334
41672,29.883333333333333
41673,33.65
41674,33.166666666666664
41675,35.18333333333333
41676,36.53333333333333
41677,33.5
41678,25.2
41679,28.8
41680,32.28333333333333
41681,34.1
41682,40.18333333333333
41683,41.65
41684,42.1
41685,30.116666666666667
41686,35.833333333333336
41687,37.31666666666667
41688,38.65
41689,43.583333333333336
41690,42.1
41691,41.63333333333333
41692,29.716666666666665
41693,33.1
41694,34.38333333333333
41695,37.333333333333336
41696,34.45
41697,37.03333333333333
41698,41.43333333333333
41699,23.616666666666667
41700,31.983333333333334
41701,34.03333333333333
41702,33.266666666666666
41703,39.733333333333334
41704,46.85
41705,42.1
41706,29.416666666666668
41707,34.61666666666667
41708,36.7
41709,37.95
41710,40.55
41711,40.18333333333333
41712,44.733333333333334
41713,28.2
41714,37.1
41715,36.85
41716,34.733333333333334
41717,49.016666666666666
41718,57.0
41719,51.38333333333333
41720,31.733333333333334
41721,36.86666666666667
41722,43.016666666666666
41723,45.11666666666667
41724,39.68333333333333
41725,50.916666666666664
41726,50.2
41727,32.03333333333333
41728,38.7
41729,40.25
41730,43.416666666666664
41731,36.45
41732,42.6
41733,43.983333333333334
41734,30.933333333333334
41735,33.083333333333336
41736,36.95
41737,35.016666666666666
41738,43.8
41739,39.55
41740,45.733333333333334
41741,29.383333333333333
41742,35.28333333333333
41743,37.516666666666666
41744,42.6
41745,41.233333333333334
41746,41.61666666666667
41747,41.333333333333336
41748,29.316666666666666
41749,30.433333333333334
41750,31.633333333333333
41751,32.416666666666664
41752,35.016666666666666
41753,36.416666666666664
41754,36.38333333333333
41755,24.833333333333332
41756,28.683333333333334
41757,32.083333333333336
41758,32.75
41759,33.56666666666667
41760,39.31666666666667
41761,35.916666666666664
41762,25.583333333333332
41763,29.1
41764,31.183333333333334
41765,34.13333333333333
41766,32.3
41767,39.416666666666664
41768,39.266666666666666
41769,24.15
41770,31.383333333333333
41771,35.06666666666667
41772,34.61666666666667
41773,41.75
41774,35.81666666666667
41775,43.21666666666667
41776,26.233333333333334
41777,33.016666666666666
41778,32.13333333333333
41779,36.68333333333333
41780,43.81666666666667
41781,38.53333333333333
41782,38.28333333333333
41783,26.516666666666666
41784,31.883333333333333
41785,34.56666666666667
41786,39.38333333333333
41787,34.016666666666666
41788,38.53333333333333
41789,39.016666666666666
41790,25.033333333333335
41791,30.083333333333332
41792,30.633333333333333
41793,27.2
41794,37.333333333333336
41795,36.86666666666667
41796,34.516666666666666
41797,28.083333333333332
41798,38.46666666666667
41799,34.0
41800,35.11666666666667
41801,36.68333333333333
41802,35.266666666666666
41803,38.983333333333334
41804,24.5
41805,27.783333333333335
41806,29.733333333333334
41807,33.083333333333336
41808,33.7
41809,36.166666666666664
41810,32.21666666666667
41811,28.266666666666666
41812,26.416666666666668
41813,32.333333333333336
41814,36.583333333333336
41815,35.1
41816,35.06666666666667
41817,35.9
41818,25.866666666666667
41819,26.9
41820,29.6
41821,33.13333333333333
41822,30.633333333333333
41823,35.8
41824,35.25
41825,24.433333333333334
41826,32.18333333333333
41827,31.8
41828,24.5
41829,31.433333333333334
41830,29.716666666666665
41831,30.666666666666668
41832,20.8
41833,29.283333333333335
41834,36.2
41835,29.066666666666666
41836,32.13333333333333
41837,31.783333333333335
41838,32.233333333333334
41839,21.25
41840,23.666666666666668
41841,27.9
41842,31.316666666666666
41843,34.21666666666667
41844,35.61666666666667
41845,32.583333333333336
41846,27.85
41847,34.583333333333336
41848,33.88333333333333
41849,34.5
41850,28.8
41851,34.083333333333336
41852,39.85
41853,24.383333333333333
41854,29.4
41855,31.666666666666668
41856,32.11666666666667
41857,38.35
41858,43.18333333333333
41859,43.35
41860,28.55
41861,34.75
41862,39.03333333333333
41863,35.0
41864,39.93333333333333
41865,37.583333333333336
41866,41.06666666666667
41867,25.283333333333335
41868,30.083333333333332
41869,28.333333333333332
41870,34.483333333333334
41871,31.166666666666668
41872,28.6
41873,28.933333333333334
41874,19.766666666666666
41875,21.583333333333332
41876,19.433333333333334
41877,26.6
41878,25.85
41879,26.3
41880,23.5
41881,19.183333333333334
41882,20.566666666666666
41883,26.85
41884,22.7
41885,26.5
41886,30.4
41887,26.983333333333334
41888,18.833333333333332
41889,22.966666666666665
41890,24.616666666666667
41891,28.916666666666668
41892,28.716666666666665
41893,28.266666666666666
41894,29.316666666666666
41895,20.7
41896,25.5
41897,21.983333333333334
41898,25.283333333333335
41899,23.933333333333334
41900,26.033333333333335
41901,21.55
41902,19.816666666666666
41903,23.35
41904,22.95
41905,22.283333333333335
41906,23.633333333333333
41907,26.016666666666666
41908,27.166666666666668
41909,18.2
41910,21.866666666666667
41911,22.833333333333332
41912,23.45
41913,26.75
41914,23.533333333333335
41915,24.8
41916,15.133333333333333
41917,21.15
41918,21.333333333333332
41919,24.166666666666668
41920,22.75
41921,22.566666666666666
41922,26.616666666666667
41923,20.583333333333332
41924,22.45
41925,22.633333333333333
41926,24.75
41927,27.733333333333334
41928,23.666666666666668
41929,26.066666666666666
41930,22.733333333333334
41931,18.916666666666668
41932,19.883333333333333
41933,23.55
41934,27.066666666666666
41935,27.5
41936,27.5
41937,24.233333333333334
41938,25.083333333333332
41939,22.416666666666668
41940,26.616666666666667
41941,28.95
41942,26.416666666666668
41943,25.166666666666668
41944,20.233333333333334
41945,21.783333333333335
41946,22.25
41947,23.666666666666668
41948,23.5
41949,23.633333333333333
41950,22.216666666666665
41951,15.066666666666666
41952,19.316666666666666
41953,25.566666666666666
41954,22.566666666666666
41955,25.716666666666665
41956,24.116666666666667
41957,26.133333333333333
41958,16.85
41959,22.35
41960,28.533333333333335
41961,30.85
41962,32.833333333333336
41963,33.583333333333336
41964,34.5
41965,20.983333333333334
41966,28.183333333333334
41967,27.2
41968,31.5
41969,36.05
41970,35.05
41971,31.95
41972,20.916666666666668
41973,28.65
41974,29.566666666666666
41975,31.183333333333334
41976,29.0
41977,29.766666666666666
41978,32.05
41979,21.666666666666668
41980,25.283333333333335
41981,29.633333333333333
41982,33.416666666666664
41983,28.3
41984,32.0
41985,27.216666666666665
41986,19.05
41987,26.666666666666668
41988,28.6
41989,31.016666666666666
41990,34.4
41991,35.166666666666664
41992,36.016666666666666
41993,26.233333333333334
41994,29.35
41995,31.066666666666666
41996,33.95
41997,34.55
41998,34.85
41999,37.2
42000,27.816666666666666
42001,32.13333333333333
42002,33.71666666666667
42003,37.233333333333334
42004,34.483333333333334
42005,40.9
42006,45.166666666666664
42007,29.816666666666666
42008,29.95
42009,32.81666666666667
42010,36.65
42011,31.25
42012,35.25
42013,41.266666666666666
42014,24.283333333333335
42015,34.166666666666664
42016,34.75
42017,46.583333333333336
42018,43.416666666666664
42019,47.43333333333333
42020,45.65
42021,28.666666666666668
42022,40.9
42023,40.833333333333336
42024,38.53333333333333
42025,38.5
42026,36.63333333333333
42027,39.36666666666667
42028,28.916666666666668
42029,30.35
42030,33.78333333333333
42031,33.43333333333333
42032,40.05
42033,42.55
42034,40.55
42035,30.25
42036,35.833333333333336
42037,34.9
42038,32.68333333333333
42039,33.61666666666667
42040,42.266666666666666
42041,39.516666666666666
42042,26.966666666666665
42043,30.083333333333332
42044,36.18333333333333
42045,39.56666666666667
42046,35.68333333333333
42047,37.7
42048,42.36666666666667
42049,25.75
42050,31.4
42051,36.266666666666666
42052,43.38333333333333
42053,48.266666666666666
42054,40.78333333333333
42055,41.7
42056,28.766666666666666
42057,37.233333333333334
42058,39.61666666666667
42059,46.03333333333333
42060,46.63333333333333
42061,46.833333333333336
42062,45.15
42063,30.883333333333333
42064,41.166666666666664
42065,44.5
42066,44.43333333333333
42067,41.35
42068,50.9
42069,52.15
42070,30.45
42071,39.13333333333333
42072,42.46666666666667
42073,39.3
42074,38.833333333333336
42075,43.56666666666667
42076,44.45
42077,30.3
42078,34.8
42079,39.7
42080,44.7
42081,45.03333333333333
42082,43.166666666666664
42083,47.766666666666666
42084,32.333333333333336
42085,39.666666666666664
42086,40.65
42087,43.56666666666667
42088,42.083333333333336
42089,46.55
42090,50.666666666666664
42091,31.4
42092,36.78333333333333
42093,45.45
42094,36.28333333333333
42095,46.25
42096,45.75
42097,46.083333333333336
42098,32.1
42099,42.75
42100,40.666666666666664
42101,44.75
42102,49.8
42103,44.083333333333336
42104,45.416666666666664
42105,35.15
42106,42.86666666666667
42107,43.61666666666667
42108,48.766666666666666
42109,48.266666666666666
42110,46.61666666666667
42111,46.86666666666667
42112,29.283333333333335
42113,35.63333333333333
42114,39.016666666666666
42115,40.88333333333333
42116,42.81666666666667
42117,45.55
42118,48.416666666666664
42119,31.25
42120,35.56666666666667
42121,39.85
42122,38.6
42123,38.583333333333336
42124,39.6
42125,42.4
42126,27.033333333333335
42127,37.05
42128,39.71666666666667
42129,30.9
42130,43.15
42131,39.13333333333333
42132,43.016666666666666
42133,31.25
42134,31.766666666666666
42135,37.53333333333333
42136,38.1
42137,39.233333333333334
42138,41.71666666666667
42139,43.71666666666667
42140,27.866666666666667
42141,32.95
42142,36.86666666666667
42143,35.333333333333336
42144,40.21666666666667
42145,35.96666666666667
42146,39.36666666666667
42147,26.3
42148,29.933333333333334
42149,29.7
42150,30.4
42151,34.55
42152,33.95
42153,34.3
42154,24.616666666666667
42155,31.183333333333334
42156,32.96666666666667
42157,31.7
42158,42.38333333333333
42159,37.85
42160,40.71666666666667
42161,26.9
42162,33.78333333333333
42163,38.05
42164,37.916666666666664
42165,34.43333333333333
42166,38.983333333333334
42167,39.43333333333333
42168,24.716666666666665
42169,31.283333333333335
42170,33.416666666666664
42171,32.083333333333336
42172,35.78333333333333
42173,39.28333333333333
42174,37.81666666666667
42175,25.35
42176,27.583333333333332
42177,30.883333333333333
42178,35.233333333333334
42179,33.4
42180,35.6
42181,35.483333333333334
42182,24.5
42183,30.733333333333334
42184,30.55
42185,26.7
42186,35.666666666666664
42187,37.71666666666667
42188,38.86666666666667
42189,25.4
42190,33.083333333333336
42191,33.9
42192,40.0
42193,43.28333333333333
42194,41.18333333333333
42195,36.05
42196,33.21666666666667
42197,31.516666666666666
42198,33.516666666666666
42199,35.416666666666664
42200,29.683333333333334
42201,39.03333333333333
42202,42.416666666666664
42203,27.416666666666668
42204,32.43333333333333
42205,32.483333333333334
42206,27.8
42207,34.88333333333333
42208,35.86666666666667
42209,38.483333333333334
42210,25.183333333333334
42211,31.483333333333334
42212,33.06666666666667
42213,33.766666666666666
42214,39.75
42215,40.75
42216,40.7
42217,32.6
42218,32.15
42219,35.71666666666667
42220,36.916666666666664
42221,33.733333333333334
42222,39.28333333333333
42223,39.43333333333333
42224,27.783333333333335
42225,32.5
42226,33.81666666666667
42227,39.983333333333334
42228,37.36666666666667
42229,32.38333333333333
42230,40.11666666666667
42231,28.533333333333335
42232,29.483333333333334
42233,29.333333333333332
42234,30.45
42235,27.0
42236,31.0
42237,32.766666666666666
42238,18.416666666666668
42239,22.683333333333334
42240,27.8
42241,26.9
42242,32.85
42243,30.2
42244,31.483333333333334
42245,22.25
42246,23.1
42247,26.533333333333335
42248,28.683333333333334
42249,27.533333333333335
42250,30.316666666666666
42251,28.6
42252,20.966666666666665
42253,22.683333333333334
42254,22.4
42255,24.35
42256,26.65
42257,26.75
42258,29.866666666666667
42259,21.75
42260,24.4
42261,26.016666666666666
42262,26.416666666666668
42263,27.733333333333334
42264,28.083333333333332
42265,27.716666666666665
42266,23.133333333333333
42267,20.666666666666668
42268,20.866666666666667
42269,24.716666666666665
42270,22.166666666666668
42271,24.65
42272,26.333333333333332
42273,17.533333333333335
42274,21.366666666666667
42275,21.233333333333334
42276,21.216666666666665
42277,24.466666666666665
42278,31.05
42279,23.666666666666668
42280,22.3
42281,23.066666666666666
42282,22.733333333333334
42283,23.95
42284,22.283333333333335
42285,27.716666666666665
42286,29.45
42287,19.466666666666665
42288,22.1
42289,22.266666666666666
42290,25.0
42291,24.666666666666668
42292,23.216666666666665
42293,24.4
42294,21.883333333333333
42295,22.883333333333333
42296,24.15
42297,28.0
42298,26.383333333333333
42299,30.95
42300,32.28333333333333
42301,22.35
42302,25.45
42303,25.1
42304,24.783333333333335
42305,24.2
42306,28.033333333333335
42307,27.933333333333334
42308,22.116666666666667
42309,25.9
42310,29.666666666666668
42311,25.35
42312,30.15
42313,31.966666666666665
42314,31.966666666666665
42315,24.083333333333332
42316,24.25
42317,28.933333333333334
42318,31.166666666666668
42319,25.716666666666665
42320,28.133333333333333
42321,30.333333333333332
42322,22.616666666666667
42323,27.666666666666668
42324,28.466666666666665
42325,29.566666666666666
42326,33.8
42327,31.883333333333333
42328,32.166666666666664
42329,23.516666666666666
42330,28.3
42331,29.2
42332,31.1
42333,34.28333333333333
42334,34.25
42335,33.38333333333333
42336,25.316666666666666
42337,28.75
42338,30.783333333333335
42339,30.533333333333335
42340,32.96666666666667
42341,33.65
42342,36.05
42343,27.133333333333333
42344,27.516666666666666
42345,28.35
42346,30.766666666666666
42347,32.56666666666667
42348,31.0
42349,35.11666666666667
42350,24.666666666666668
42351,27.7
42352,33.483333333333334
42353,36.083333333333336
42354,34.65
42355,35.65
42356,38.06666666666667
42357,27.383333333333333
42358,36.983333333333334
42359,40.63333333333333
42360,29.0
42361,34.1
42362,40.833333333333336
42363,38.3
42364,28.866666666666667
42365,44.8
42366,35.0
42367,34.4
42368,38.0
42369,38.266666666666666
42370,42.78333333333333
42371,29.8
42372,29.416666666666668
42373,32.983333333333334
42374,40.083333333333336
42375,37.71666666666667
42376,38.4
42377,40.6
42378,29.116666666666667
42379,31.466666666666665
42380,30.816666666666666
42381,33.583333333333336
42382,39.266666666666666
42383,41.36666666666667
42384,41.63333333333333
42385,28.616666666666667
42386,37.03333333333333
42387,39.38333333333333
42388,39.416666666666664
42389,43.4
42390,42.8
42391,43.75
42392,29.916666666666668
42393,37.55
42394,36.266666666666666
42395,39.56666666666667
42396,43.25
42397,41.083333333333336
42398,44.81666666666667
42399,29.766666666666666
42400,37.85
42401,39.31666666666667
42402,42.95
42403,43.28333333333333
42404,41.43333333333333
42405,39.25
42406,28.15
42407,38.8
42408,41.983333333333334
42409,47.483333333333334
42410,42.81666666666667
42411,45.03333333333333
42412,44.56666666666667
42413,31.166666666666668
42414,35.733333333333334
42415,35.9
42416,40.9
42417,52.6
42418,46.96666666666667
42419,47.4
42420,32.86666666666667
42421,40.233333333333334
42422,42.68333333333333
42423,47.45
42424,48.75
42425,42.733333333333334
42426,49.3
42427,32.85
42428,40.666666666666664
42429,44.7
42430,45.88333333333333
42431,43.95
42432,48.666666666666664
42433,53.6
42434,36.1
42435,38.53333333333333
42436,41.96666666666667
42437,46.666666666666664
42438,45.55
42439,48.05
42440,48.983333333333334
42441,32.88333333333333
42442,41.31666666666667
42443,39.2
42444,39.78333333333333
42445,43.583333333333336
42446,43.25
42447,50.85
42448,30.333333333333332
42449,41.43333333333333
42450,46.96666666666667
42451,48.95
42452,49.666666666666664
42453,48.1
42454,53.21666666666667
42455,34.4
42456,41.6
42457,43.75
42458,51.96666666666667
42459,53.016666666666666
42460,54.75
42461,55.583333333333336
42462,35.86666666666667
42463,47.63333333333333
42464,43.416666666666664
42465,46.483333333333334
42466,47.0
42467,54.88333333333333
42468,56.516666666666666
42469,37.38333333333333
42470,45.2
42471,49.88333333333333
42472,53.68333333333333
42473,47.05
42474,56.733333333333334
42475,51.63333333333333
42476,40.416666666666664
42477,41.8
42478,37.81666666666667
42479,31.733333333333334
42480,46.083333333333336
42481,51.733333333333334
42482,50.81666666666667
42483,34.13333333333333
42484,37.016666666666666
42485,43.46666666666667
42486,39.06666666666667
42487,37.46666666666667
42488,46.31666666666667
42489,45.18333333333333
42490,30.966666666666665
42491,37.78333333333333
42492,40.6
42493,44.63333333333333
42494,45.56666666666667
42495,45.43333333333333
42496,40.78333333333333
42497,32.5
42498,40.45
42499,43.166666666666664
42500,42.916666666666664
42501,48.81666666666667
42502,52.9
42503,54.28333333333333
42504,32.5
42505,40.96666666666667
42506,43.21666666666667
42507,41.86666666666667
42508,40.93333333333333
42509,43.95
42510,40.166666666666664
42511,28.283333333333335
42512,36.516666666666666
42513,35.516666666666666
42514,35.45
42515,42.833333333333336
42516,41.93333333333333
42517,42.55
42518,26.666666666666668
42519,36.05
42520,36.45
42521,40.56666666666667
42522,39.38333333333333
42523,39.65
42524,40.36666666666667
42525,27.233333333333334
42526,30.8
42527,34.483333333333334
42528,37.63333333333333
42529,38.95
42530,39.6
42531,40.35
42532,27.083333333333332
42533,30.2
42534,37.85
42535,33.016666666666666
42536,37.833333333333336
42537,40.4
42538,39.53333333333333
42539,26.483333333333334
42540,34.5
42541,33.96666666666667
42542,34.733333333333334
42543,35.11666666666667
42544,39.11666666666667
42545,43.11666666666667
42546,24.366666666666667
42547,30.766666666666666
42548,31.5
42549,33.1
42550,35.03333333333333
42551,37.11666666666667
42552,35.68333333333333
42553,24.9
42554,29.933333333333334
42555,33.03333333333333
42556,30.9
42557,32.733333333333334
42558,36.516666666666666
42559,36.583333333333336
42560,26.166666666666668
42561,27.5
42562,27.2
42563,29.366666666666667
42564,33.31666666666667
42565,37.15
42566,37.56666666666667
42567,24.75
42568,34.35
42569,34.5
42570,38.05
42571,36.7
42572,35.85
42573,39.416666666666664
42574,27.216666666666665
42575,32.71666666666667
42576,36.483333333333334
42577,38.2
42578,33.666666666666664
42579,41.96666666666667
42580,39.13333333333333
42581,30.716666666666665
42582,32.25
42583,35.266666666666666
42584,30.516666666666666
42585,36.95
42586,41.21666666666667
42587,44.35
42588,28.433333333333334
42589,34.05
42590,35.93333333333333
42591,42.28333333333333
42592,39.36666666666667
42593,42.166666666666664
42594,41.56666666666667
42595,31.55
42596,36.93333333333333
42597,35.45
42598,38.43333333333333
42599,24.633333333333333
42600,26.4
42601,33.81666666666667
42602,21.466666666666665
42603,26.3
42604,24.166666666666668
42605,22.833333333333332
42606,32.0
42607,31.583333333333332
42608,27.583333333333332
42609,19.816666666666666
42610,26.733333333333334
42611,27.683333333333334
42612,29.566666666666666
42613,25.05
42614,31.15
42615,29.85
42616,23.616666666666667
42617,25.166666666666668
42618,25.483333333333334
42619,24.916666666666668
42620,27.766666666666666
42621,30.666666666666668
42622,33.9
42623,23.516666666666666
42624,25.483333333333334
42625,27.75
42626,20.666666666666668
42627,25.6
42628,26.5
42629,28.2
42630,19.1
42631,24.3
42632,23.583333333333332
42633,23.766666666666666
42634,28.033333333333335
42635,29.683333333333334
42636,28.883333333333333
42637,21.516666666666666
42638,23.283333333333335
42639,26.216666666666665
42640,28.283333333333335
42641,24.116666666666667
42642,25.933333333333334
42643,24.783333333333335
42644,19.916666666666668
42645,22.783333333333335
42646,21.966666666666665
42647,21.95
42648,25.25
42649,24.233333333333334
42650,24.8
42651,18.0
42652,24.016666666666666
42653,22.85
42654,22.266666666666666
42655,26.383333333333333
42656,30.4
42657,25.616666666666667
42658,20.766666666666666
42659,21.566666666666666
42660,22.7
42661,24.583333333333332
42662,23.2
42663,26.733333333333334
42664,28.666666666666668
42665,18.066666666666666
42666,21.8
42667,23.183333333333334
42668,25.666666666666668
42669,27.966666666666665
42670,31.533333333333335
42671,27.816666666666666
42672,22.583333333333332
42673,24.716666666666665
42674,26.6
42675,31.833333333333332
42676,28.766666666666666
42677,28.283333333333335
42678,37.63333333333333
42679,19.75
42680,26.166666666666668
42681,29.75
42682,28.35
42683,27.4
42684,26.316666666666666
42685,27.0
42686,14.433333333333334
42687,23.166666666666668
42688,27.8
42689,32.916666666666664
42690,34.65
42691,34.6
42692,38.916666666666664
42693,24.183333333333334
42694,30.316666666666666
42695,32.9
42696,43.983333333333334
42697,36.666666666666664
42698,37.36666666666667
42699,37.7
42700,29.75
42701,31.1
42702,30.433333333333334
42703,33.416666666666664
42704,29.4
42705,32.65
42706,34.666666666666664
42707,23.2
42708,29.916666666666668
42709,30.3
42710,28.55
42711,36.28333333333333
42712,36.5
42713,35.18333333333333
42714,25.933333333333334
42715,29.016666666666666
42716,33.96666666666667
42717,39.766666666666666
42718,42.86666666666667
42719,37.4
42720,40.06666666666667
42721,28.55
42722,33.666666666666664
42723,35.45
42724,38.13333333333333
42725,44.233333333333334
42726,44.833333333333336
42727,50.65
42728,30.183333333333334
42729,36.35
42730,40.6
42731,51.666666666666664
42732,46.78333333333333
42733,44.15
42734,52.45
42735,36.483333333333334
42736,41.15
42737,35.916666666666664
42738,50.03333333333333
42739,39.05
42740,40.38333333333333
42741,39.13333333333333
42742,28.9
42743,38.25
42744,36.43333333333333
42745,39.583333333333336
42746,44.06666666666667
42747,51.86666666666667
42748,47.65
42749,32.483333333333334
42750,37.016666666666666
42751,40.5
42752,41.983333333333334
42753,43.25
42754,44.95
42755,47.38333333333333
42756,34.18333333333333
42757,41.46666666666667
42758,44.2
42759,40.833333333333336
42760,42.68333333333333
42761,41.28333333333333
42762,44.016666666666666
42763,30.516666666666666
42764,36.916666666666664
42765,38.25
42766,35.083333333333336
42767,40.266666666666666
42768,50.78333333333333
42769,45.96666666666667
42770,35.25
42771,43.516666666666666
42772,40.25
42773,40.78333333333333
42774,44.266666666666666
42775,41.6
42776,51.86666666666667
42777,30.733333333333334
42778,40.483333333333334
42779,42.65
42780,40.86666666666667
42781,47.06666666666667
42782,47.68333333333333
42783,49.95
42784,31.733333333333334
42785,38.35
42786,43.9
42787,43.016666666666666
42788,46.71666666666667
42789,46.2
42790,58.28333333333333
42791,34.4
42792,39.233333333333334
42793,41.083333333333336
42794,48.86666666666667
42795,49.583333333333336
42796,45.65
42797,52.86666666666667
42798,32.3
42799,39.6
42800,40.5
42801,46.96666666666667
42802,47.56666666666667
42803,43.88333333333333
42804,51.2
42805,30.766666666666666
42806,42.03333333333333
42807,38.25
42808,40.65
42809,45.266666666666666
42810,52.55
42811,48.03333333333333
42812,29.566666666666666
42813,43.166666666666664
42814,41.666666666666664
42815,43.483333333333334
42816,42.68333333333333
42817,53.666666666666664
42818,47.81666666666667
42819,34.083333333333336
42820,40.45
42821,44.416666666666664
42822,54.733333333333334
42823,52.93333333333333
42824,47.3
42825,55.31666666666667
42826,35.71666666666667
42827,44.3
42828,43.8
42829,47.71666666666667
42830,55.85
42831,51.56666666666667
42832,50.21666666666667
42833,37.45
42834,47.983333333333334
42835,42.68333333333333
42836,49.61666666666667
42837,44.166666666666664
42838,51.78333333333333
42839,53.0
42840,30.366666666666667
42841,40.416666666666664
42842,45.25
42843,42.36666666666667
42844,39.666666666666664
42845,44.18333333333333
42846,41.8
42847,30.6
42848,34.666666666666664
42849,37.9
42850,37.55
42851,44.983333333333334
42852,44.18333333333333
42853,44.8
42854,33.15
42855,39.15
42856,39.583333333333336
42857,49.36666666666667
42858,56.083333333333336
42859,49.05
42860,51.61666666666667
42861,35.45
42862,40.1
42863,39.3
42864,44.9
42865,44.983333333333334
42866,46.78333333333333
42867,50.46666666666667
42868,29.833333333333332
42869,41.06666666666667
42870,42.38333333333333
42871,48.35
42872,45.3
42873,39.65
42874,40.016666666666666
42875,30.416666666666668
42876,33.86666666666667
42877,39.016666666666666
42878,42.666666666666664
42879,44.06666666666667
42880,45.9
42881,43.65
42882,32.9
42883,33.233333333333334
42884,31.233333333333334
42885,40.13333333333333
42886,35.46666666666667
42887,42.983333333333334
42888,49.766666666666666
42889,30.516666666666666
42890,37.35
42891,44.88333333333333
42892,41.833333333333336
42893,40.6
42894,41.65
42895,43.56666666666667
42896,31.016666666666666
42897,35.233333333333334
42898,38.516666666666666
42899,43.21666666666667
42900,40.18333333333333
42901,39.28333333333333
42902,37.05
42903,29.316666666666666
42904,30.1
42905,28.9
42906,33.28333333333333
42907,33.45
42908,36.46666666666667
42909,41.11666666666667
42910,25.766666666666666
42911,32.25
42912,36.95
42913,39.93333333333333
42914,37.166666666666664
42915,39.06666666666667
42916,44.083333333333336
42917,28.1
42918,32.31666666666667
42919,32.7
42920,33.43333333333333
42921,37.36666666666667
42922,35.68333333333333
42923,48.85
42924,29.066666666666666
42925,31.6
42926,36.03333333333333
42927,35.53333333333333
42928,40.88333333333333
42929,36.666666666666664
42930,39.55
42931,29.316666666666666
42932,32.1
42933,32.11666666666667
42934,34.55
42935,37.68333333333333
42936,35.25
42937,43.416666666666664
42938,28.95
42939,31.416666666666668
42940,33.4
42941,33.766666666666666
42942,37.31666666666667
42943,36.43333333333333
42944,37.45
42945,27.683333333333334
42946,37.93333333333333
42947,40.916666666666664
42948,50.03333333333333
42949,45.166666666666664
42950,48.75
42951,47.0
42952,30.283333333333335
42953,35.233333333333334
42954,40.75
42955,35.266666666666666
42956,36.55
42957,39.833333333333336
42958,40.21666666666667
42959,29.066666666666666
42960,31.983333333333334
42961,36.266666666666666
42962,37.71666666666667
42963,34.53333333333333
42964,34.35
42965,31.466666666666665
42966,22.066666666666666
42967,26.883333333333333
42968,22.533333333333335
42969,30.816666666666666
42970,27.55
42971,24.766666666666666
42972,28.05
42973,18.483333333333334
42974,22.766666666666666
42975,23.083333333333332
42976,21.616666666666667
42977,27.666666666666668
42978,30.75
42979,26.966666666666665
42980,22.783333333333335
42981,23.283333333333335
42982,24.966666666666665
42983,21.333333333333332
42984,27.316666666666666
42985,29.816666666666666
42986,31.533333333333335
42987,22.75
42988,21.383333333333333
42989,23.266666666666666
42990,27.083333333333332
42991,26.433333333333334
42992,28.833333333333332
42993,31.55
42994,8.0
42995,4.516666666666667
42996,5.166666666666667
42997,4.833333333333333
42998,5.116666666666666
42999,6.666666666666667
43000,6.716666666666667
43001,5.116666666666666
43002,4.666666666666667
43003,4.633333333333334
43004,3.9833333333333334
43005,3.933333333333333
43006,6.3
43007,6.533333333333333
43008,5.116666666666666
43009,4.4
43010,4.5
43011,3.65
43012,3.783333333333333
43013,6.566666666666666
43014,7.016666666666667
43015,5.116666666666666
43016,4.983333333333333
43017,5.1
43018,4.116666666666666
43019,4.4
43020,7.05
43021,7.066666666666666
43022,5.15
43023,5.35
43024,5.466666666666667
43025,4.316666666666666
43026,4.616666666666666
43027,6.666666666666667
43028,6.716666666666667
43029,5.25
43030,4.8
43031,4.866666666666666
43032,4.016666666666667
43033,4.466666666666667
43034,6.783333333333333
43035,6.633333333333334
43036,5.25
43037,4.766666666666667
43038,4.716666666666667
43039,3.7666666666666666
43040,4.1
43041,6.816666666666666
43042,6.616666666666666
43043,5.3
43044,4.8
43045,4.9
43046,3.95
43047,4.2
43048,7.116666666666666
43049,6.933333333333334
43050,5.4
43051,5.05
43052,5.483333333333333
43053,4.35
43054,4.616666666666666
43055,6.7
43056,6.816666666666666
43057,5.283333333333333
43058,4.733333333333333
43059,4.883333333333334
43060,4.05
43061,4.466666666666667
43062,6.816666666666666
43063,6.733333333333333
43064,5.25
43065,4.7
43066,4.733333333333333
43067,3.7666666666666666
43068,4.1
43069,6.816666666666666
43070,6.616666666666666
43071,5.3
43072,4.816666666666666
43073,4.95
43074,3.95
43075,4.233333333333333
43076,7.116666666666666
43077,6.933333333333334
43078,5.4
43079,5.05
43080,5.483333333333333
43081,4.3
43082,4.583333333333333
43083,7.233333333333333
43084,3.9
43085,24.95
43086,28.2
43087,26.583333333333332
43088,26.516666666666666
43089,26.516666666666666
43090,33.5
43091,32.46666666666667
43092,37.43333333333333
43093,40.766666666666666
43094,39.4
43095,42.15
43096,40.766666666666666
43097,31.4
43098,31.5
43099,38.483333333333334
43100,41.46666666666667
43101,41.85
43102,40.0
43103,41.983333333333334
43104,26.35
43105,32.9
43106,35.35
43107,41.35
43108,41.81666666666667
43109,48.55
43110,43.666666666666664
43111,36.6
43112,33.8
43113,36.983333333333334
43114,42.85
43115,45.53333333333333
43116,43.85
43117,45.416666666666664
43118,34.68333333333333
43119,39.53333333333333
43120,41.03333333333333
43121,44.36666666666667
43122,58.93333333333333
43123,47.25
43124,51.483333333333334
43125,33.93333333333333
43126,40.53333333333333
43127,43.43333333333333
43128,47.25
43129,51.68333333333333
43130,51.416666666666664
43131,50.516666666666666
43132,39.95
43133,43.0
43134,45.43333333333333
43135,47.916666666666664
43136,49.1
43137,49.5
43138,47.35
43139,31.983333333333334
43140,44.016666666666666
43141,43.13333333333333
43142,43.68333333333333
43143,53.28333333333333
43144,55.766666666666666
43145,61.63333333333333
43146,38.333333333333336
43147,48.35
43148,49.666666666666664
43149,50.583333333333336
43150,65.86666666666666
43151,70.38333333333334
43152,65.13333333333334
43153,48.3
43154,53.28333333333333
43155,57.61666666666667
43156,63.333333333333336
43157,52.43333333333333
43158,59.11666666666667
43159,59.88333333333333
43160,42.43333333333333
43161,49.75
43162,52.166666666666664
43163,48.6
43164,62.88333333333333
43165,63.46666666666667
43166,59.21666666666667
43167,41.36666666666667
43168,52.833333333333336
43169,55.3
43170,58.916666666666664
43171,55.8
43172,67.93333333333334
43173,59.833333333333336
43174,51.166666666666664
43175,59.4
43176,57.46666666666667
43177,65.93333333333334
43178,67.4
43179,75.0
43180,74.16666666666667
43181,48.733333333333334
43182,61.13333333333333
43183,60.06666666666667
43184,59.03333333333333
43185,68.68333333333334
43186,67.31666666666666
43187,71.95
43188,47.0
43189,57.71666666666667
43190,61.65
43191,72.26666666666667
43192,76.23333333333333
43193,74.65
43194,74.58333333333333
43195,52.15
43196,61.56666666666667
43197,60.2
43198,70.66666666666667
43199,68.63333333333334
43200,73.23333333333333
43201,79.76666666666667
43202,49.36666666666667
43203,70.88333333333334
43204,71.73333333333333
43205,67.41666666666667
43206,62.1
43207,78.85
43208,77.73333333333333
43209,51.5
43210,60.1
43211,69.56666666666666
43212,69.28333333333333
43213,64.71666666666667
43214,75.35
43215,77.11666666666666
43216,52.53333333333333
43217,61.63333333333333
43218,64.65
43219,60.36666666666667
43220,66.23333333333333
43221,77.06666666666666
43222,71.46666666666667
43223,51.25
43224,60.083333333333336
43225,70.78333333333333
43226,61.55
43227,71.4
43228,74.13333333333334
43229,75.51666666666667
43230,56.06666666666667
43231,62.266666666666666
43232,67.13333333333334
43233,70.21666666666667
43234,75.98333333333333
43235,75.56666666666666
43236,81.56666666666666
43237,54.083333333333336
43238,63.35
43239,70.75
43240,64.88333333333334
43241,82.88333333333334
43242,86.85
43243,83.66666666666667
43244,62.81666666666667
43245,65.58333333333333
43246,73.36666666666666
43247,83.21666666666667
43248,78.68333333333334
43249,84.25
43250,82.4
43251,66.13333333333334
43252,69.65
43253,79.31666666666666
43254,76.71666666666667
43255,75.65
43256,82.71666666666667
43257,89.91666666666667
43258,59.083333333333336
43259,64.91666666666667
43260,70.06666666666666
43261,68.3
43262,67.55
43263,76.13333333333334
43264,70.36666666666666
43265,50.15
43266,63.233333333333334
43267,74.8
43268,78.98333333333333
43269,86.81666666666666
43270,88.55
43271,86.46666666666667
43272,54.0
43273,69.96666666666667
43274,73.66666666666667
43275,73.73333333333333
43276,67.68333333333334
43277,76.18333333333334
43278,72.05
43279,61.083333333333336
43280,77.2
43281,73.55
43282,80.51666666666667
43283,84.45
43284,90.73333333333333
43285,90.58333333333333
43286,62.233333333333334
43287,74.75
43288,75.3
43289,74.38333333333334
43290,79.56666666666666
43291,78.35
43292,81.81666666666666
43293,52.56666666666667
43294,70.51666666666667
43295,77.36666666666666
43296,87.91666666666667
43297,85.98333333333333
43298,83.78333333333333
43299,74.21666666666667
43300,53.9
43301,69.9
43302,69.73333333333333
43303,72.43333333333334
43304,76.15
43305,75.46666666666667
43306,73.15
43307,54.2
43308,59.93333333333333
43309,63.333333333333336
43310,65.36666666666666
43311,76.41666666666667
43312,74.9
43313,78.96666666666667
43314,50.46666666666667
43315,64.38333333333334
43316,69.25
43317,71.53333333333333
43318,67.0
43319,73.88333333333334
43320,70.53333333333333
43321,53.18333333333333
43322,65.65
43323,71.08333333333333
43324,78.81666666666666
43325,70.6
43326,74.26666666666667
43327,75.81666666666666
43328,54.38333333333333
43329,68.51666666666667
43330,66.06666666666666
43331,63.05
43332,76.35
43333,73.63333333333334
43334,71.05
43335,47.21666666666667
43336,64.66666666666667
43337,64.75
43338,72.91666666666667
43339,67.85
43340,72.9
43341,68.06666666666666
43342,52.03333333333333
43343,57.516666666666666
43344,63.733333333333334
43345,64.86666666666666
43346,69.38333333333334
43347,74.71666666666667
43348,76.35
43349,53.38333333333333
43350,66.21666666666667
43351,62.28333333333333
43352,63.21666666666667
43353,66.53333333333333
43354,74.11666666666666
43355,75.43333333333334
43356,56.8
43357,50.71666666666667
43358,58.21666666666667
43359,50.266666666666666
43360,66.15
43361,64.58333333333333
43362,68.13333333333334
43363,47.81666666666667
43364,55.46666666666667
43365,54.483333333333334
43366,56.21666666666667
43367,62.4
43368,66.85
43369,62.68333333333333
43370,42.31666666666667
43371,52.416666666666664
43372,60.61666666666667
43373,71.1
43374,60.65
43375,69.38333333333334
43376,71.06666666666666
43377,46.916666666666664
43378,55.833333333333336
43379,60.9
43380,52.3
43381,63.483333333333334
43382,68.03333333333333
43383,66.88333333333334
43384,51.36666666666667
43385,50.28333333333333
43386,55.85
43387,62.7
43388,55.85
43389,62.68333333333333
43390,64.95
43391,47.11666666666667
43392,54.65
43393,56.55
43394,53.0
43395,67.96666666666667
43396,66.23333333333333
43397,70.35
43398,53.61666666666667
43399,52.75
43400,56.21666666666667
43401,65.06666666666666
43402,66.46666666666667
43403,73.63333333333334
43404,69.0
43405,48.333333333333336
43406,55.766666666666666
43407,56.05
43408,64.25
43409,66.4
43410,58.766666666666666
43411,65.85
43412,45.05
43413,53.21666666666667
43414,58.75
43415,61.0
43416,69.55
43417,61.56666666666667
43418,62.45
43419,45.766666666666666
43420,50.85
43421,51.05
43422,57.733333333333334
43423,56.03333333333333
43424,58.583333333333336
43425,58.1
43426,38.06666666666667
43427,46.516666666666666
43428,46.983333333333334
43429,54.266666666666666
43430,54.1
43431,52.916666666666664
43432,48.25
43433,38.733333333333334
43434,46.1
43435,52.483333333333334
43436,42.45
43437,52.43333333333333
43438,55.483333333333334
43439,48.93333333333333
43440,42.78333333333333
43441,43.9
43442,44.93333333333333
43443,45.733333333333334
43444,50.46666666666667
43445,47.166666666666664
43446,53.8
43447,30.683333333333334
43448,41.96666666666667
43449,47.88333333333333
43450,42.0
43451,54.11666666666667
43452,51.416666666666664
43453,50.18333333333333
43454,31.816666666666666
43455,44.1
43456,43.78333333333333
43457,52.18333333333333
43458,46.666666666666664
43459,51.11666666666667
43460,52.7
43461,31.583333333333332
43462,42.8
43463,40.61666666666667
43464,36.68333333333333
43465,45.1
43466,51.25
43467,49.53333333333333
43468,32.8
43469,40.5
43470,47.516666666666666
43471,52.2
43472,44.166666666666664
43473,53.9
43474,47.65
43475,36.416666666666664
43476,43.18333333333333
43477,48.11666666666667
43478,50.06666666666667
43479,50.483333333333334
43480,56.53333333333333
43481,55.28333333333333
43482,39.56666666666667
43483,45.28333333333333
43484,47.86666666666667
43485,51.483333333333334
43486,56.55
43487,56.05
43488,59.68333333333333
43489,40.35
43490,48.21666666666667
43491,50.65
43492,64.45
43493,61.733333333333334
43494,61.88333333333333
43495,64.65
43496,39.03333333333333
43497,52.166666666666664
43498,53.733333333333334
43499,56.083333333333336
43500,52.083333333333336
43501,60.15
43502,56.516666666666666
43503,39.93333333333333
43504,47.833333333333336
43505,50.71666666666667
43506,52.333333333333336
43507,55.61666666666667
43508,66.58333333333333
43509,68.8
43510,48.63333333333333
43511,65.28333333333333
43512,64.35
43513,62.016666666666666
43514,67.73333333333333
43515,70.0
43516,70.35
43517,44.65
43518,55.583333333333336
43519,54.55
43520,59.516666666666666
43521,66.76666666666667
43522,66.83333333333333
43523,68.21666666666667
43524,47.36666666666667
43525,56.583333333333336
43526,63.46666666666667
43527,60.93333333333333
43528,72.9
43529,76.83333333333333
43530,71.71666666666667
43531,48.68333333333333
43532,61.916666666666664
43533,64.76666666666667
43534,68.25
43535,72.51666666666667
43536,83.88333333333334
43537,77.61666666666666
43538,54.36666666666667
43539,62.1
43540,66.66666666666667
43541,68.33333333333333
43542,74.45
43543,73.46666666666667
43544,75.23333333333333
43545,51.53333333333333
43546,59.96666666666667
43547,67.33333333333333
43548,72.11666666666666
43549,77.11666666666666
43550,75.58333333333333
43551,99.71666666666667
43552,59.43333333333333
43553,65.9
43554,77.4
43555,91.06666666666666
43556,92.41666666666667
43557,87.46666666666667
43558,84.71666666666667
43559,58.5
43560,70.7
43561,76.61666666666666
43562,84.66666666666667
43563,80.76666666666667
43564,81.65
43565,85.35
43566,52.61666666666667
43567,67.06666666666666
43568,72.16666666666667
43569,86.68333333333334
43570,85.46666666666667
43571,86.03333333333333
43572,86.28333333333333
43573,58.46666666666667
43574,73.43333333333334
43575,80.25
43576,86.13333333333334
43577,88.65
43578,90.45
43579,93.21666666666667
43580,65.2
43581,74.21666666666667
43582,77.5
43583,92.06666666666666
43584,91.93333333333334
43585,88.5
43586,96.11666666666666
43587,61.583333333333336
43588,71.0
43589,75.4
43590,86.4
43591,75.58333333333333
43592,83.13333333333334
43593,78.1
43594,53.35
43595,64.31666666666666
43596,69.38333333333334
43597,67.96666666666667
43598,75.75
43599,76.63333333333334
43600,78.36666666666666
43601,58.31666666666667
43602,74.36666666666666
43603,73.16666666666667
43604,82.7
43605,85.86666666666666
43606,91.71666666666667
43607,88.75
43608,66.81666666666666
43609,71.7
43610,78.58333333333333
43611,89.63333333333334
43612,77.96666666666667
43613,92.45
43614,92.71666666666667
43615,64.66666666666667
43616,68.71666666666667
43617,76.28333333333333
43618,89.66666666666667
43619,88.2
43620,88.2
43621,112.88333333333334
43622,63.233333333333334
43623,76.46666666666667
43624,82.86666666666666
43625,90.25
43626,94.31666666666666
43627,87.78333333333333
43628,98.86666666666666
43629,60.766666666666666
43630,79.46666666666667
43631,87.26666666666667
43632,90.83333333333333
43633,87.6
43634,91.68333333333334
43635,96.86666666666666
43636,62.483333333333334
43637,77.86666666666666
43638,84.65
43639,91.21666666666667
43640,91.66666666666667
43641,91.1
43642,93.65
43643,63.833333333333336
43644,74.15
43645,80.33333333333333
43646,94.55
43647,92.63333333333334
43648,103.95
43649,109.06666666666666
43650,71.63333333333334
43651,82.08333333333333
43652,83.86666666666666
43653,89.95
43654,101.93333333333334
43655,99.65
43656,96.88333333333334
43657,69.2
43658,78.71666666666667
43659,86.93333333333334
43660,96.46666666666667
43661,89.71666666666667
43662,90.1
43663,94.91666666666667
43664,66.2
43665,75.28333333333333
43666,79.31666666666666
43667,89.41666666666667
43668,85.36666666666666
43669,88.65
43670,83.56666666666666
43671,57.6
43672,68.98333333333333
43673,74.43333333333334
43674,84.33333333333333
43675,84.65
43676,90.81666666666666
43677,88.43333333333334
43678,59.1
43679,73.03333333333333
43680,77.61666666666666
43681,89.41666666666667
43682,84.66666666666667
43683,92.05
43684,91.2
43685,62.0
43686,74.2
43687,72.93333333333334
43688,72.93333333333334
43689,83.85
43690,86.98333333333333
43691,85.13333333333334
43692,55.25
43693,73.96666666666667
43694,74.11666666666666
43695,74.18333333333334
43696,75.83333333333333
43697,84.5
43698,81.33333333333333
43699,62.266666666666666
43700,61.416666666666664
43701,71.53333333333333
43702,80.35
43703,80.28333333333333
43704,81.96666666666667
43705,93.61666666666666
43706,59.21666666666667
43707,70.7
43708,73.35
43709,72.25
43710,74.58333333333333
43711,83.65
43712,87.45
43713,58.63333333333333
43714,71.48333333333333
43715,74.48333333333333
43716,81.71666666666667
43717,80.83333333333333
43718,80.01666666666667
43719,80.61666666666666
43720,55.083333333333336
43721,65.6
43722,71.63333333333334
43723,73.38333333333334
43724,70.53333333333333
43725,82.95
43726,80.43333333333334
43727,56.36666666666667
43728,64.38333333333334
43729,69.18333333333334
43730,72.8
43731,73.21666666666667
43732,72.25
43733,81.58333333333333
43734,49.61666666666667
43735,62.45
43736,64.08333333333333
43737,56.45
43738,73.53333333333333
43739,74.15
43740,69.58333333333333
43741,50.55
43742,62.21666666666667
43743,67.15
43744,71.86666666666666
43745,69.73333333333333
43746,72.88333333333334
43747,71.15
43748,52.43333333333333
43749,61.483333333333334
43750,65.23333333333333
43751,65.98333333333333
43752,70.51666666666667
43753,70.25
43754,73.6
43755,46.31666666666667
43756,62.666666666666664
43757,67.35
43758,70.15
43759,77.7
43760,83.46666666666667
43761,76.8
43762,53.083333333333336
43763,73.0
43764,67.88333333333334
43765,79.48333333333333
43766,79.78333333333333
43767,77.13333333333334
43768,88.01666666666667
43769,57.31666666666667
43770,63.766666666666666
43771,71.11666666666666
43772,71.46666666666667
43773,74.95
43774,76.73333333333333
43775,83.06666666666666
43776,53.96666666666667
43777,69.91666666666667
43778,67.3
43779,76.75
43780,76.81666666666666
43781,80.13333333333334
43782,87.91666666666667
43783,46.9
43784,55.583333333333336
43785,60.7
43786,67.1
43787,72.45
43788,65.55
43789,61.53333333333333
43790,47.21666666666667
43791,48.766666666666666
43792,50.233333333333334
43793,56.05
43794,61.083333333333336
43795,59.85
43796,66.28333333333333
43797,44.766666666666666
43798,51.31666666666667
43799,53.4
43800,54.55
43801,60.766666666666666
43802,57.93333333333333
43803,55.45
43804,44.11666666666667
43805,43.666666666666664
43806,49.36666666666667
43807,54.06666666666667
43808,56.583333333333336
43809,58.8
43810,59.583333333333336
43811,36.96666666666667
43812,49.88333333333333
43813,53.9
43814,47.11666666666667
43815,51.31666666666667
43816,54.483333333333334
43817,51.85
43818,39.95
43819,43.78333333333333
43820,47.25
43821,51.583333333333336
43822,48.71666666666667
43823,51.55
43824,54.733333333333334
43825,29.1
43826,40.916666666666664
43827,40.88333333333333
43828,41.166666666666664
43829,52.93333333333333
43830,51.18333333333333
43831,51.28333333333333
43832,38.333333333333336
43833,45.833333333333336
43834,46.56666666666667
43835,47.416666666666664
43836,53.46666666666667
43837,62.11666666666667
43838,53.86666666666667
43839,36.86666666666667
43840,43.2
43841,47.166666666666664
43842,46.81666666666667
43843,46.38333333333333
43844,52.03333333333333
43845,63.8
43846,39.18333333333333
43847,46.516666666666666
43848,48.61666666666667
43849,48.55
43850,56.71666666666667
43851,61.233333333333334
43852,65.23333333333333
43853,46.55
43854,45.833333333333336
43855,54.483333333333334
43856,53.71666666666667
43857,59.15
43858,58.15
43859,62.56666666666667
43860,40.71666666666667
43861,53.86666666666667
43862,51.38333333333333
43863,54.71666666666667
43864,61.06666666666667
43865,61.5
43866,61.46666666666667
43867,40.63333333333333
43868,51.766666666666666
43869,52.75
43870,60.06666666666667
43871,56.833333333333336
43872,62.516666666666666
43873,64.51666666666667
43874,47.266666666666666
43875,53.6
43876,58.36666666666667
43877,65.7
43878,72.16666666666667
43879,71.75
43880,79.4
43881,51.983333333333334
43882,58.7
43883,62.9
43884,74.9
43885,80.6
43886,75.0
43887,85.78333333333333
43888,54.56666666666667
43889,60.85
43890,61.45
43891,75.75
43892,65.26666666666667
43893,73.26666666666667
43894,70.73333333333333
43895,49.416666666666664
43896,58.1
43897,59.31666666666667
43898,53.68333333333333
43899,73.88333333333334
43900,68.55
43901,75.48333333333333
43902,54.15
43903,65.03333333333333
43904,72.5
43905,71.4
43906,74.56666666666666
43907,78.46666666666667
43908,79.58333333333333
43909,53.28333333333333
43910,68.85
43911,67.18333333333334
43912,79.75
43913,82.61666666666666
43914,80.55
43915,84.66666666666667
43916,56.833333333333336
43917,68.66666666666667
43918,73.56666666666666
43919,82.66666666666667
43920,79.46666666666667
43921,84.25
43922,88.21666666666667
43923,59.766666666666666
43924,68.51666666666667
43925,75.58333333333333
43926,74.63333333333334
43927,81.18333333333334
43928,85.63333333333334
43929,80.95
43930,62.416666666666664
43931,64.43333333333334
43932,73.73333333333333
43933,79.36666666666666
43934,80.48333333333333
43935,86.08333333333333
43936,101.18333333333334
43937,59.31666666666667
43938,74.83333333333333
43939,86.65
43940,84.16666666666667
43941,100.95
43942,99.51666666666667
43943,99.6
43944,65.03333333333333
43945,84.05
43946,82.83333333333333
43947,92.71666666666667
43948,82.4
43949,85.33333333333333
43950,91.21666666666667
43951,58.0
43952,72.26666666666667
43953,73.13333333333334
43954,81.85
43955,85.46666666666667
43956,88.98333333333333
43957,92.0
43958,60.016666666666666
43959,75.26666666666667
43960,81.53333333333333
43961,88.28333333333333
43962,95.36666666666666
43963,102.23333333333333
43964,95.03333333333333
43965,68.46666666666667
43966,79.9
43967,83.91666666666667
43968,93.16666666666667
43969,90.35
43970,92.76666666666667
43971,96.9
43972,63.43333333333333
43973,77.86666666666666
43974,81.36666666666666
43975,90.1
43976,89.23333333333333
43977,98.15
43978,102.06666666666666
43979,62.516666666666666
43980,81.35
43981,81.1
43982,91.91666666666667
43983,89.05
43984,92.26666666666667
43985,94.7
43986,64.58333333333333
43987,82.45
43988,92.11666666666666
43989,100.96666666666667
43990,88.15
43991,100.68333333333334
43992,101.53333333333333
43993,67.08333333333333
43994,80.43333333333334
43995,89.76666666666667
43996,84.58333333333333
43997,91.03333333333333
43998,95.48333333333333
43999,98.11666666666666
44000,64.26666666666667
44001,79.38333333333334
44002,93.75
44003,98.73333333333333
44004,96.15
44005,98.91666666666667
44006,103.7
44007,68.71666666666667
44008,84.18333333333334
44009,81.35
44010,91.1
44011,100.65
44012,97.1
44013,105.21666666666667
44014,68.8
44015,84.08333333333333
44016,88.76666666666667
44017,94.31666666666666
44018,98.68333333333334
44019,101.03333333333333
44020,103.53333333333333
44021,72.55
44022,85.81666666666666
44023,90.6
44024,92.75
44025,101.61666666666666
44026,99.86666666666666
44027,101.41666666666667
44028,67.06666666666666
44029,78.31666666666666
44030,87.48333333333333
44031,97.25
44032,100.5
44033,98.71666666666667
44034,102.36666666666666
44035,73.81666666666666
44036,77.45
44037,84.65
44038,91.83333333333333
44039,92.65
44040,98.91666666666667
44041,99.73333333333333
44042,63.733333333333334
44043,81.41666666666667
44044,83.53333333333333
44045,91.46666666666667
44046,85.01666666666667
44047,88.15
44048,84.08333333333333
44049,63.06666666666667
44050,73.38333333333334
44051,74.63333333333334
44052,93.15
44053,90.9
44054,95.81666666666666
44055,100.8
44056,63.483333333333334
44057,88.66666666666667
44058,85.05
44059,81.96666666666667
44060,88.43333333333334
44061,86.28333333333333
44062,95.35
44063,61.0
44064,76.78333333333333
44065,79.91666666666667
44066,82.08333333333333
44067,88.11666666666666
44068,90.48333333333333
44069,81.68333333333334
44070,56.833333333333336
44071,78.2
44072,84.88333333333334
44073,80.95
44074,77.68333333333334
44075,89.61666666666666
44076,93.61666666666666
44077,61.483333333333334
44078,71.23333333333333
44079,75.43333333333334
44080,73.45
44081,92.66666666666667
44082,91.23333333333333
44083,83.13333333333334
44084,59.916666666666664
44085,71.83333333333333
44086,75.8
44087,88.9
44088,79.16666666666667
44089,79.76666666666667
44090,79.81666666666666
44091,51.88333333333333
44092,68.31666666666666
44093,72.88333333333334
44094,72.46666666666667
44095,79.28333333333333
44096,79.93333333333334
44097,82.55
44098,58.11666666666667
44099,64.76666666666667
44100,70.96666666666667
44101,68.28333333333333
44102,78.38333333333334
44103,79.26666666666667
44104,83.36666666666666
44105,55.46666666666667
44106,63.93333333333333
44107,73.96666666666667
44108,71.41666666666667
44109,88.75
44110,88.15
44111,89.76666666666667
44112,58.31666666666667
44113,73.45
44114,72.75
44115,88.0
44116,84.28333333333333
44117,87.58333333333333
44118,87.43333333333334
44119,57.36666666666667
44120,72.81666666666666
44121,73.56666666666666
44122,79.56666666666666
44123,68.35
44124,97.63333333333334
44125,90.43333333333334
44126,56.03333333333333
44127,72.88333333333334
44128,77.06666666666666
44129,87.78333333333333
44130,83.96666666666667
44131,90.63333333333334
44132,88.35
44133,59.53333333333333
44134,76.11666666666666
44135,75.5
44136,79.71666666666667
44137,72.31666666666666
44138,85.81666666666666
44139,85.96666666666667
44140,52.6
44141,63.96666666666667
44142,66.91666666666667
44143,69.61666666666666
44144,81.16666666666667
44145,83.06666666666666
44146,74.13333333333334
44147,51.833333333333336
44148,51.05
44149,57.78333333333333
44150,68.45
44151,61.1
44152,59.55
44153,59.78333333333333
44154,37.85
44155,50.483333333333334
44156,51.85
44157,53.083333333333336
44158,65.08333333333333
44159,64.03333333333333
44160,60.766666666666666
44161,45.233333333333334
44162,53.88333333333333
44163,52.95
44164,56.96666666666667
44165,57.85
44166,59.53333333333333
44167,63.983333333333334
44168,39.516666666666666
44169,48.61666666666667
44170,50.15
44171,59.31666666666667
44172,60.65
44173,59.45
44174,60.38333333333333
44175,41.0
44176,50.13333333333333
44177,52.0
44178,60.0
44179,48.88333333333333
44180,54.56666666666667
44181,61.53333333333333
44182,40.38333333333333
44183,53.583333333333336
44184,56.61666666666667
44185,61.416666666666664
44186,47.63333333333333
44187,61.03333333333333
44188,63.416666666666664
44189,40.4
44190,56.45
44191,54.333333333333336
44192,52.516666666666666
44193,66.95
44194,68.2
44195,63.28333333333333
44196,48.95
44197,50.78333333333333
44198,54.166666666666664
44199,61.46666666666667
44200,57.11666666666667
44201,58.65
44202,58.233333333333334
44203,44.916666666666664
44204,48.6
44205,51.81666666666667
44206,58.38333333333333
44207,55.75
44208,58.016666666666666
44209,59.13333333333333
44210,42.25
44211,48.78333333333333
44212,54.68333333333333
44213,57.6
44214,61.45
44215,68.46666666666667
44216,64.3
44217,48.88333333333333
44218,53.1
44219,55.53333333333333
44220,61.833333333333336
44221,59.016666666666666
44222,61.8
44223,62.35
44224,42.9
44225,55.2
44226,56.483333333333334
44227,52.6
44228,62.483333333333334
44229,65.25
44230,64.76666666666667
44231,52.31666666666667
44232,47.96666666666667
44233,57.31666666666667
44234,64.76666666666667
44235,67.95
44236,65.78333333333333
44237,66.88333333333334
44238,49.56666666666667
44239,64.71666666666667
44240,70.91666666666667
44241,77.06666666666666
44242,86.4
44243,72.51666666666667
44244,85.9
44245,55.0
44246,69.7
44247,77.86666666666666
44248,83.26666666666667
44249,75.38333333333334
44250,73.8
44251,82.05
44252,54.05
44253,67.3
44254,71.71666666666667
44255,89.98333333333333
44256,71.73333333333333
44257,78.71666666666667
44258,76.1
44259,51.46666666666667
44260,63.916666666666664
44261,62.083333333333336
44262,62.983333333333334
44263,74.38333333333334
44264,77.08333333333333
44265,75.13333333333334
44266,51.31666666666667
44267,62.13333333333333
44268,66.81666666666666
44269,70.73333333333333
44270,77.51666666666667
44271,83.55
44272,84.03333333333333
44273,54.5
44274,70.01666666666667
44275,68.91666666666667
44276,70.68333333333334
44277,82.98333333333333
44278,87.55
44279,83.96666666666667
44280,57.53333333333333
44281,75.86666666666666
44282,76.61666666666666
44283,81.73333333333333
44284,86.61666666666666
44285,79.11666666666666
44286,84.36666666666666
44287,62.35
44288,72.86666666666666
44289,76.38333333333334
44290,87.75
44291,81.98333333333333
44292,84.76666666666667
44293,85.36666666666666
44294,59.11666666666667
44295,69.43333333333334
44296,80.05
44297,84.96666666666667
44298,87.88333333333334
44299,88.41666666666667
44300,96.3
44301,66.51666666666667
44302,76.26666666666667
44303,81.81666666666666
44304,83.13333333333334
44305,94.7
44306,96.91666666666667
44307,92.56666666666666
44308,63.18333333333333
44309,74.98333333333333
44310,77.91666666666667
44311,90.51666666666667
44312,95.31666666666666
44313,96.6
44314,98.73333333333333
44315,67.38333333333334
44316,85.95
44317,83.9
44318,88.31666666666666
44319,92.05
44320,89.01666666666667
44321,108.65
44322,71.5
44323,81.11666666666666
44324,86.58333333333333
44325,99.61666666666666
44326,102.86666666666666
44327,103.76666666666667
44328,105.96666666666667
44329,72.28333333333333
44330,81.56666666666666
44331,91.28333333333333
44332,92.08333333333333
44333,103.45
44334,103.33333333333333
44335,107.96666666666667
44336,73.63333333333334
44337,90.0
44338,92.51666666666667
44339,93.66666666666667
44340,98.68333333333334
44341,100.58333333333333
44342,104.56666666666666
44343,69.18333333333334
44344,82.35
44345,89.35
44346,97.76666666666667
44347,100.16666666666667
44348,104.66666666666667
44349,111.4
44350,76.41666666666667
44351,88.41666666666667
44352,94.8
44353,88.46666666666667
44354,112.91666666666667
44355,110.48333333333333
44356,113.15
44357,73.65
44358,87.56666666666666
44359,96.8
44360,106.81666666666666
44361,99.0
44362,107.31666666666666
44363,104.5
44364,73.66666666666667
44365,92.58333333333333
44366,94.81666666666666
44367,91.01666666666667
44368,97.15
44369,113.38333333333334
44370,106.91666666666667
44371,78.73333333333333
44372,89.25
44373,95.3
44374,93.23333333333333
44375,103.41666666666667
44376,110.01666666666667
44377,108.65
44378,67.91666666666667
44379,88.38333333333334
44380,85.71666666666667
44381,89.58333333333333
44382,104.56666666666666
44383,100.33333333333333
44384,105.75
44385,71.2
44386,89.13333333333334
44387,90.03333333333333
44388,106.71666666666667
44389,104.98333333333333
44390,104.7
44391,110.53333333333333
44392,76.25
44393,80.43333333333334
44394,99.63333333333334
44395,88.65
44396,100.66666666666667
44397,97.45
44398,97.51666666666667
44399,72.61666666666666
44400,89.26666666666667
44401,88.76666666666667
44402,96.65
44403,91.11666666666666
44404,106.93333333333334
44405,102.05
44406,71.96666666666667
44407,82.7
44408,88.5
44409,90.01666666666667
44410,101.1
44411,97.7
44412,100.98333333333333
44413,72.05
44414,85.11666666666666
44415,89.15
44416,95.95
44417,86.66666666666667
44418,98.81666666666666
44419,97.65
44420,69.71666666666667
44421,86.8
44422,84.21666666666667
44423,83.86666666666666
44424,95.26666666666667
44425,92.7
44426,100.16666666666667
44427,63.13333333333333
44428,76.88333333333334
44429,82.35
44430,84.08333333333333
44431,86.68333333333334
44432,98.8
44433,95.35
44434,63.78333333333333
44435,81.3
44436,80.4
44437,86.65
44438,92.35
44439,94.8
44440,87.71666666666667
44441,60.71666666666667
44442,72.5
44443,78.41666666666667
44444,81.75
44445,91.11666666666666
44446,95.11666666666666
44447,97.13333333333334
44448,58.266666666666666
44449,84.96666666666667
44450,87.41666666666667
44451,80.33333333333333
44452,99.31666666666666
44453,94.95
44454,88.9
44455,62.06666666666667
44456,76.76666666666667
44457,77.88333333333334
44458,93.8
44459,86.26666666666667
44460,88.7
44461,87.86666666666666
44462,56.95
44463,69.23333333333333
44464,74.58333333333333
44465,83.66666666666667
44466,75.41666666666667
44467,82.81666666666666
44468,84.81666666666666
44469,56.516666666666666
44470,67.86666666666666
44471,79.25
44472,79.96666666666667
44473,90.75
44474,94.2
44475,95.21666666666667
44476,67.98333333333333
44477,82.01666666666667
44478,82.1
44479,84.15
44480,78.56666666666666
44481,91.08333333333333
44482,90.23333333333333
44483,57.81666666666667
44484,69.23333333333333
44485,88.23333333333333
44486,94.36666666666666
44487,92.13333333333334
44488,89.91666666666667
44489,98.06666666666666
44490,65.88333333333334
44491,79.35
44492,76.5
44493,85.66666666666667
44494,82.06666666666666
44495,89.66666666666667
44496,94.03333333333333
44497,60.6
44498,78.43333333333334
44499,76.85
44500,83.7
44501,91.0
44502,92.53333333333333
44503,91.95
44504,61.9
44505,78.61666666666666
44506,81.35
44507,89.43333333333334
44508,95.98333333333333
44509,95.08333333333333
44510,93.71666666666667
44511,66.78333333333333
44512,80.03333333333333
44513,76.0
44514,90.58333333333333
44515,64.51666666666667
44516,84.96666666666667
44517,80.76666666666667
44518,67.45
44519,60.016666666666666
44520,63.03333333333333
44521,63.7
44522,59.75
44523,72.1
44524,66.88333333333334
44525,51.9
44526,57.733333333333334
44527,55.43333333333333
44528,54.81666666666667
44529,67.56666666666666
44530,69.58333333333333
44531,69.43333333333334
44532,47.35
44533,53.93333333333333
44534,58.18333333333333
44535,64.71666666666667
44536,60.266666666666666
44537,66.18333333333334
44538,65.13333333333334
44539,47.9
44540,58.916666666666664
44541,55.28333333333333
44542,62.65
44543,65.91666666666667
44544,66.15
44545,67.71666666666667
44546,42.75
44547,55.21666666666667
44548,55.68333333333333
44549,66.18333333333334
44550,66.51666666666667
44551,69.23333333333333
44552,69.16666666666667
44553,46.11666666666667
44554,57.55
44555,56.88333333333333
44556,64.71666666666667
44557,61.166666666666664
44558,63.916666666666664
44559,57.63333333333333
44560,41.78333333333333
44561,51.083333333333336
44562,47.88333333333333
44563,53.05
44564,56.63333333333333
44565,54.36666666666667
44566,55.25
44567,42.68333333333333
44568,50.1
44569,51.9
44570,52.53333333333333
44571,59.3
44572,61.483333333333334
44573,57.0
44574,41.9
44575,50.483333333333334
44576,60.916666666666664
44577,66.68333333333334
44578,63.95
44579,59.833333333333336
44580,68.2
44581,47.766666666666666
44582,56.1
44583,56.35
44584,64.46666666666667
44585,62.61666666666667
44586,65.11666666666666
44587,65.1
44588,45.71666666666667
44589,52.93333333333333
44590,58.93333333333333
44591,63.18333333333333
44592,68.71666666666667
44593,70.63333333333334
44594,74.6
44595,48.63333333333333
44596,55.45
44597,61.93333333333333
44598,66.11666666666666
44599,58.61666666666667
44600,66.01666666666667
44601,64.86666666666666
44602,41.583333333333336
44603,55.63333333333333
44604,60.11666666666667
44605,75.48333333333333
44606,77.95
44607,79.03333333333333
44608,81.71666666666667
44609,55.61666666666667
44610,66.45
44611,72.96666666666667
44612,80.98333333333333
44613,83.28333333333333
44614,89.01666666666667
44615,79.48333333333333
44616,57.86666666666667
44617,68.2
44618,73.6
44619,75.05
44620,83.63333333333334
44621,75.43333333333334
44622,81.43333333333334
44623,52.9
44624,66.65
44625,74.06666666666666
44626,76.3
44627,74.58333333333333
44628,76.8
44629,79.81666666666666
44630,51.766666666666666
44631,64.13333333333334
44632,70.11666666666666
44633,74.05
44634,71.26666666666667
44635,79.4
44636,95.23333333333333
44637,56.85
44638,74.4
44639,102.46666666666667
44640,88.28333333333333
44641,91.16666666666667
44642,93.75
44643,95.45
44644,59.516666666666666
44645,73.45
44646,78.71666666666667
44647,81.08333333333333
44648,81.96666666666667
44649,100.3
44650,89.86666666666666
44651,63.833333333333336
44652,79.93333333333334
44653,83.83333333333333
44654,89.51666666666667
44655,103.8
44656,97.95
44657,100.43333333333334
44658,68.58333333333333
44659,87.05
44660,83.73333333333333
44661,94.56666666666666
44662,94.48333333333333
44663,96.1
44664,99.28333333333333
44665,66.4
44666,78.45
44667,90.46666666666667
44668,90.71666666666667
44669,101.56666666666666
44670,103.16666666666667
44671,104.88333333333334
44672,69.4
44673,85.11666666666666
44674,85.96666666666667
44675,89.81666666666666
44676,94.36666666666666
44677,102.56666666666666
44678,100.48333333333333
44679,68.7
44680,78.23333333333333
44681,91.21666666666667
44682,90.21666666666667
44683,95.66666666666667
44684,102.8
44685,116.13333333333334
44686,75.81666666666666
44687,84.08333333333333
44688,88.5
44689,96.71666666666667
44690,93.15
44691,102.28333333333333
44692,103.13333333333334
44693,71.6
44694,84.53333333333333
44695,92.33333333333333
44696,105.8
44697,112.66666666666667
44698,103.06666666666666
44699,108.1
44700,75.4
44701,86.95
44702,92.76666666666667
44703,101.96666666666667
44704,93.58333333333333
44705,107.48333333333333
44706,109.88333333333334
44707,72.85
44708,91.2
44709,90.85
44710,102.31666666666666
44711,107.53333333333333
44712,119.71666666666667
44713,123.05
44714,73.15
44715,93.38333333333334
44716,94.2
44717,100.76666666666667
44718,102.2
44719,105.78333333333333
44720,101.95
44721,74.23333333333333
44722,85.85
44723,93.56666666666666
44724,91.05
44725,119.03333333333333
44726,107.5
44727,109.41666666666667
44728,83.83333333333333
44729,94.78333333333333
44730,105.31666666666666
44731,111.26666666666667
44732,101.85
44733,114.71666666666667
44734,121.18333333333334
44735,76.81666666666666
44736,90.2
44737,101.41666666666667
44738,108.9
44739,108.28333333333333
44740,111.2
44741,117.78333333333333
44742,73.71666666666667
44743,95.76666666666667
44744,96.81666666666666
44745,110.98333333333333
44746,111.05
44747,123.38333333333334
44748,121.46666666666667
44749,81.13333333333334
44750,94.65
44751,94.76666666666667
44752,97.1
44753,107.01666666666667
44754,117.33333333333333
44755,105.41666666666667
44756,76.93333333333334
44757,94.15
44758,95.01666666666667
44759,94.0
44760,109.7
44761,106.9
44762,107.43333333333334
44763,64.83333333333333
44764,76.21666666666667
44765,81.85
44766,82.06666666666666
44767,120.0
44768,107.56666666666666
44769,108.4
44770,69.61666666666666
44771,84.76666666666667
44772,90.18333333333334
44773,104.36666666666666
44774,95.43333333333334
44775,106.85
44776,99.38333333333334
44777,72.33333333333333
44778,79.2
44779,90.18333333333334
44780,103.26666666666667
44781,96.33333333333333
44782,101.28333333333333
44783,98.6
44784,70.65
44785,88.51666666666667
44786,86.26666666666667
44787,88.08333333333333
44788,94.31666666666666
44789,97.13333333333334
44790,98.01666666666667
44791,67.55
44792,77.25
44793,83.6
44794,83.4
44795,81.35
44796,95.35
44797,96.65
44798,61.833333333333336
44799,73.98333333333333
44800,77.65
44801,84.0
44802,93.21666666666667
44803,95.58333333333333
44804,97.6
44805,64.41666666666667
44806,85.03333333333333
44807,79.41666666666667
44808,88.13333333333334
44809,90.88333333333334
44810,97.08333333333333
44811,88.78333333333333
44812,61.9
44813,77.81666666666666
44814,79.6
44815,82.31666666666666
44816,85.15
44817,95.66666666666667
44818,95.41666666666667
44819,63.18333333333333
44820,75.18333333333334
44821,82.18333333333334
44822,89.18333333333334
44823,84.43333333333334
44824,96.33333333333333
44825,100.13333333333334
44826,62.9
44827,78.63333333333334
44828,81.05
44829,82.93333333333334
44830,84.85
44831,90.3
44832,94.21666666666667
44833,58.63333333333333
44834,74.6
44835,76.96666666666667
44836,79.75
44837,77.33333333333333
44838,88.58333333333333
44839,82.9
44840,54.733333333333334
44841,66.08333333333333
44842,71.8
44843,66.98333333333333
44844,76.11666666666666
44845,88.83333333333333
44846,88.66666666666667
44847,57.86666666666667
44848,71.5
44849,76.31666666666666
44850,80.91666666666667
44851,82.35
44852,85.16666666666667
44853,106.48333333333333
44854,54.583333333333336
44855,76.3
44856,80.55
44857,82.66666666666667
44858,93.06666666666666
44859,89.46666666666667
44860,94.68333333333334
44861,66.41666666666667
44862,79.58333333333333
44863,89.81666666666666
44864,89.46666666666667
44865,86.13333333333334
44866,100.15
44867,96.13333333333334
44868,62.666666666666664
44869,75.7
44870,81.68333333333334
44871,81.03333333333333
44872,89.13333333333334
44873,92.25
44874,95.28333333333333
44875,58.45
44876,73.11666666666666
44877,79.06666666666666
44878,83.76666666666667
44879,76.25
44880,71.68333333333334
44881,67.53333333333333
44882,50.8
44883,59.3
44884,68.13333333333334
44885,66.98333333333333
44886,68.73333333333333
44887,75.08333333333333
44888,72.26666666666667
44889,50.833333333333336
44890,59.0
44891,65.21666666666667
44892,66.95
44893,70.73333333333333
44894,71.78333333333333
44895,75.35
44896,47.86666666666667
44897,60.03333333333333
44898,60.36666666666667
44899,70.13333333333334
44900,65.95
44901,71.26666666666667
44902,66.68333333333334
44903,49.766666666666666
44904,56.05
44905,60.78333333333333
44906,62.75
44907,62.96666666666667
44908,70.05
44909,69.65
44910,27.65
44911,5.183333333333334
44912,5.183333333333334
44913,4.85
44914,5.116666666666666
44915,6.666666666666667
44916,6.716666666666667
44917,5.233333333333333
44918,4.716666666666667
44919,4.666666666666667
44920,3.9833333333333334
44921,3.966666666666667
44922,6.3
44923,6.533333333333333
44924,5.233333333333333
44925,4.55
44926,4.533333333333333
44927,3.65
44928,3.816666666666667
44929,6.566666666666666
44930,7.016666666666667
44931,5.233333333333333
44932,4.983333333333333
44933,5.1
44934,4.116666666666666
44935,4.4
44936,7.05
44937,7.066666666666666
44938,5.383333333333334
44939,5.266666666666667
44940,5.466666666666667
44941,4.35
44942,4.616666666666666
44943,6.666666666666667
44944,6.716666666666667
44945,5.25
44946,4.916666666666667
44947,4.866666666666666
44948,4.05
44949,4.466666666666667
44950,6.783333333333333
44951,6.633333333333334
44952,5.25
44953,4.766666666666667
44954,4.716666666666667
44955,3.7666666666666666
44956,4.1
44957,6.816666666666666
44958,6.616666666666666
44959,5.3
44960,4.8
44961,4.933333333333334
44962,3.95
44963,4.233333333333333
44964,7.116666666666666
44965,6.933333333333334
44966,5.4
44967,5.05
44968,5.483333333333333
44969,4.35
44970,4.616666666666666
44971,6.7
44972,6.816666666666666
44973,5.283333333333333
44974,4.85
44975,4.883333333333334
44976,4.05
44977,4.466666666666667
44978,6.816666666666666
44979,6.733333333333333
44980,5.25
44981,4.7
44982,4.733333333333333
44983,3.7666666666666666
44984,4.1
44985,6.816666666666666
44986,6.616666666666666
44987,5.3
44988,4.816666666666666
44989,4.95
44990,3.95
44991,4.233333333333333
44992,7.116666666666666
44993,6.933333333333334
44994,5.4
44995,5.05
44996,5.483333333333333
44997,4.3
44998,4.583333333333333
44999,7.233333333333333
